order_item_id,order_id,product_sku,quantity,unit_price_credits
OI-0000001,ORD-100001,HYDRO-KIT-START,4,314.08
OI-0000002,ORD-100001,NAV-COMP-ELITE,3,9487.89
OI-0000003,ORD-100001,SOLAR-LIGHT-LED,2,168.40
OI-0000004,ORD-100001,RAD-SHIELD-VEST,7,789.23
OI-0000005,ORD-100002,ION-DRIVE-MK3,6,41663.33
OI-0000006,ORD-100002,HYDRO-KIT-START,5,355.12
OI-0000007,ORD-100002,ZERO-G-BED,6,2094.65
OI-0000008,ORD-100002,EMERG-KIT-DELUXE,4,694.27
OI-0000009,ORD-100003,RAD-SHIELD-VEST,6,900.68
OI-0000010,ORD-100003,ION-DRIVE-MK3,8,47461.73
OI-0000011,ORD-100003,RATION-PACK-30,3,489.13
OI-0000012,ORD-100003,THERMO-REG-3000,7,1444.28
OI-0000013,ORD-100004,QUANTUM-PROC-Q5,8,11582.10
OI-0000014,ORD-100004,SOLAR-LIGHT-LED,5,201.06
OI-0000015,ORD-100005,ZERO-G-BALL-SET,2,128.19
OI-0000016,ORD-100005,ION-DRIVE-MK3,2,44673.39
OI-0000017,ORD-100006,THERMO-REG-3000,6,1522.75
OI-0000018,ORD-100006,LASER-DRILL-IND,7,39112.66
OI-0000019,ORD-100006,EMERG-KIT-DELUXE,5,645.64
OI-0000020,ORD-100007,ION-DRIVE-MK3,7,46841.26
OI-0000021,ORD-100008,VR-ENTERTAIN-SYS,1,1054.99
OI-0000022,ORD-100008,H2O-REC-PRO,7,3507.28
OI-0000023,ORD-100008,RATION-PACK-30,7,454.51
OI-0000024,ORD-100008,THERMO-REG-3000,8,1517.90
OI-0000025,ORD-100009,ZERO-G-BALL-SET,8,121.82
OI-0000026,ORD-100009,ION-DRIVE-MK3,1,44922.46
OI-0000027,ORD-100009,RAD-SHIELD-VEST,7,886.88
OI-0000028,ORD-100010,SOLAR-LIGHT-LED,6,167.63
OI-0000029,ORD-100010,HULL-PLATE-TI,4,1160.31
OI-0000030,ORD-100010,QUANTUM-PROC-Q5,2,13224.93
OI-0000031,ORD-100010,AIR-SCRUB-X,5,1697.21
OI-0000032,ORD-100010,ION-DRIVE-MK3,1,46245.75
OI-0000033,ORD-100011,NAV-COMP-ELITE,6,8664.44
OI-0000034,ORD-100012,AIR-SCRUB-X,2,1869.07
OI-0000035,ORD-100013,QUANTUM-PROC-Q5,5,12078.99
OI-0000036,ORD-100013,VR-ENTERTAIN-SYS,6,912.01
OI-0000037,ORD-100013,THERMO-REG-3000,5,1567.49
OI-0000038,ORD-100014,EVA-SUIT-MK7,5,31008.11
OI-0000039,ORD-100014,VR-ENTERTAIN-SYS,7,1051.58
OI-0000040,ORD-100014,SELDON-CRYO-ICE,1,46.10
OI-0000041,ORD-100015,LASER-DRILL-IND,4,35041.06
OI-0000042,ORD-100016,OXY-GEN-5000,5,2694.83
OI-0000043,ORD-100017,THERMO-REG-3000,3,1450.81
OI-0000044,ORD-100017,ZERO-G-BALL-SET,2,122.93
OI-0000045,ORD-100017,ZERO-G-BALL-SET,5,122.31
OI-0000046,ORD-100017,AIR-SCRUB-X,4,1871.94
OI-0000047,ORD-100018,VR-ENTERTAIN-SYS,6,1006.93
OI-0000048,ORD-100019,H2O-REC-PRO,4,3105.91
OI-0000049,ORD-100019,THERMO-REG-3000,5,1571.68
OI-0000050,ORD-100019,ZERO-G-BED,2,2259.36
OI-0000051,ORD-100019,HULL-PLATE-TI,8,1197.23
OI-0000052,ORD-100020,ION-DRIVE-MK3,8,47082.17
OI-0000053,ORD-100020,SELDON-CRYO-ICE,7,48.50
OI-0000054,ORD-100021,VR-ENTERTAIN-SYS,6,960.12
OI-0000055,ORD-100021,OXY-GEN-5000,1,2620.69
OI-0000056,ORD-100021,ION-DRIVE-MK3,8,48519.17
OI-0000057,ORD-100022,SELDON-CRYO-ICE,3,49.02
OI-0000058,ORD-100022,SOLAR-LIGHT-LED,6,181.85
OI-0000059,ORD-100023,SELDON-CRYO-ICE,4,49.56
OI-0000060,ORD-100023,EVA-SUIT-MK7,4,27225.99
OI-0000061,ORD-100023,ION-DRIVE-MK3,1,45009.31
OI-0000062,ORD-100024,EMERG-KIT-DELUXE,7,730.78
OI-0000063,ORD-100025,NAV-COMP-ELITE,5,9055.40
OI-0000064,ORD-100026,MULTI-SENSOR-PRO,7,4758.17
OI-0000065,ORD-100027,H2O-REC-PRO,1,3106.34
OI-0000066,ORD-100027,LASER-DRILL-IND,7,34317.55
OI-0000067,ORD-100027,THERMO-REG-3000,6,1419.67
OI-0000068,ORD-100028,RAD-SHIELD-VEST,5,909.13
OI-0000069,ORD-100028,SOLAR-LIGHT-LED,5,198.10
OI-0000070,ORD-100028,COMM-ARRAY-LR,5,6959.08
OI-0000071,ORD-100028,SOLAR-LIGHT-LED,3,176.96
OI-0000072,ORD-100028,RAD-SHIELD-VEST,3,876.46
OI-0000073,ORD-100029,RAD-SHIELD-VEST,1,857.06
OI-0000074,ORD-100029,VR-ENTERTAIN-SYS,8,960.97
OI-0000075,ORD-100030,ZERO-G-BALL-SET,4,124.41
OI-0000076,ORD-100030,OXY-GEN-5000,3,2508.21
OI-0000077,ORD-100031,RAD-SHIELD-VEST,8,888.82
OI-0000078,ORD-100031,COMM-ARRAY-LR,1,6704.02
OI-0000079,ORD-100031,H2O-REC-PRO,8,3151.95
OI-0000080,ORD-100032,H2O-REC-PRO,2,3294.18
OI-0000081,ORD-100032,LASER-DRILL-IND,7,32847.86
OI-0000082,ORD-100033,QUANTUM-PROC-Q5,3,11901.71
OI-0000083,ORD-100033,RATION-PACK-30,6,460.14
OI-0000084,ORD-100033,RAD-SHIELD-VEST,8,932.52
OI-0000085,ORD-100034,SELDON-CRYO-ICE,3,49.78
OI-0000086,ORD-100034,EMERG-KIT-DELUXE,2,665.14
OI-0000087,ORD-100034,SOLAR-LIGHT-LED,2,198.26
OI-0000088,ORD-100035,ZERO-G-BALL-SET,5,118.93
OI-0000089,ORD-100035,ZERO-G-BALL-SET,2,128.85
OI-0000090,ORD-100036,LASER-DRILL-IND,5,34589.34
OI-0000091,ORD-100036,ION-DRIVE-MK3,4,43065.79
OI-0000092,ORD-100036,LASER-DRILL-IND,5,38301.31
OI-0000093,ORD-100037,THERMO-REG-3000,5,1406.29
OI-0000094,ORD-100037,HYDRO-KIT-START,1,306.61
OI-0000095,ORD-100037,OXY-GEN-5000,4,2729.51
OI-0000096,ORD-100038,EVA-SUIT-MK7,8,28400.34
OI-0000097,ORD-100038,EVA-SUIT-MK7,4,26887.50
OI-0000098,ORD-100038,ZERO-G-BALL-SET,7,111.62
OI-0000099,ORD-100039,RAD-SHIELD-VEST,4,903.43
OI-0000100,ORD-100039,EMERG-KIT-DELUXE,1,682.99
OI-0000101,ORD-100039,MULTI-SENSOR-PRO,2,4381.06
OI-0000102,ORD-100040,ZERO-G-BALL-SET,6,132.52
OI-0000103,ORD-100040,EVA-SUIT-MK7,3,30705.77
OI-0000104,ORD-100041,RATION-PACK-30,7,498.87
OI-0000105,ORD-100041,RAD-SHIELD-VEST,5,821.90
OI-0000106,ORD-100041,VR-ENTERTAIN-SYS,1,1063.86
OI-0000107,ORD-100042,MULTI-SENSOR-PRO,6,4832.44
OI-0000108,ORD-100043,EVA-SUIT-MK7,8,31150.82
OI-0000109,ORD-100043,RATION-PACK-30,2,484.35
OI-0000110,ORD-100043,LASER-DRILL-IND,2,37965.27
OI-0000111,ORD-100043,H2O-REC-PRO,2,3050.91
OI-0000112,ORD-100044,NAV-COMP-ELITE,8,9468.38
OI-0000113,ORD-100045,HULL-PLATE-TI,3,1296.42
OI-0000114,ORD-100045,SOLAR-LIGHT-LED,7,197.93
OI-0000115,ORD-100046,SELDON-CRYO-ICE,3,49.52
OI-0000116,ORD-100047,THERMO-REG-3000,8,1573.16
OI-0000117,ORD-100048,VR-ENTERTAIN-SYS,5,914.61
OI-0000118,ORD-100049,COMM-ARRAY-LR,6,6424.39
OI-0000119,ORD-100049,SELDON-CRYO-ICE,2,45.44
OI-0000120,ORD-100049,ZERO-G-BALL-SET,1,121.28
OI-0000121,ORD-100049,HULL-PLATE-TI,4,1188.08
OI-0000122,ORD-100050,RATION-PACK-30,6,460.48
OI-0000123,ORD-100050,NAV-COMP-ELITE,6,8592.33
OI-0000124,ORD-100050,HYDRO-KIT-START,7,347.42
OI-0000125,ORD-100051,VR-ENTERTAIN-SYS,7,1039.68
OI-0000126,ORD-100051,ZERO-G-BALL-SET,8,125.68
OI-0000127,ORD-100052,NAV-COMP-ELITE,8,8624.70
OI-0000128,ORD-100052,ION-DRIVE-MK3,6,49695.28
OI-0000129,ORD-100053,RATION-PACK-30,6,441.44
OI-0000130,ORD-100053,ZERO-G-BED,5,2153.35
OI-0000131,ORD-100054,SOLAR-LIGHT-LED,8,186.23
OI-0000132,ORD-100054,ZERO-G-BALL-SET,8,132.01
OI-0000133,ORD-100054,THERMO-REG-3000,8,1630.34
OI-0000134,ORD-100054,LASER-DRILL-IND,3,37533.66
OI-0000135,ORD-100055,LASER-DRILL-IND,7,34910.65
OI-0000136,ORD-100055,THERMO-REG-3000,6,1542.30
OI-0000137,ORD-100056,LASER-DRILL-IND,1,38901.05
OI-0000138,ORD-100057,VR-ENTERTAIN-SYS,6,950.34
OI-0000139,ORD-100058,AIR-SCRUB-X,3,1766.45
OI-0000140,ORD-100059,H2O-REC-PRO,4,3097.36
OI-0000141,ORD-100059,LASER-DRILL-IND,4,35650.86
OI-0000142,ORD-100059,EMERG-KIT-DELUXE,7,754.71
OI-0000143,ORD-100059,COMM-ARRAY-LR,1,6688.94
OI-0000144,ORD-100060,VR-ENTERTAIN-SYS,3,931.88
OI-0000145,ORD-100061,HULL-PLATE-TI,7,1334.72
OI-0000146,ORD-100061,VR-ENTERTAIN-SYS,8,881.94
OI-0000147,ORD-100061,EVA-SUIT-MK7,5,29417.13
OI-0000148,ORD-100061,ION-DRIVE-MK3,1,41941.58
OI-0000149,ORD-100061,RAD-SHIELD-VEST,5,883.64
OI-0000150,ORD-100062,VR-ENTERTAIN-SYS,5,1040.87
OI-0000151,ORD-100062,NAV-COMP-ELITE,6,9322.68
OI-0000152,ORD-100062,MULTI-SENSOR-PRO,5,5021.68
OI-0000153,ORD-100062,EVA-SUIT-MK7,5,27137.20
OI-0000154,ORD-100063,OXY-GEN-5000,8,2302.14
OI-0000155,ORD-100063,OXY-GEN-5000,3,2506.58
OI-0000156,ORD-100063,RAD-SHIELD-VEST,7,873.48
OI-0000157,ORD-100064,ZERO-G-BED,7,2101.96
OI-0000158,ORD-100064,OXY-GEN-5000,2,2531.35
OI-0000159,ORD-100064,NAV-COMP-ELITE,8,7835.92
OI-0000160,ORD-100064,OXY-GEN-5000,5,2640.28
OI-0000161,ORD-100065,RATION-PACK-30,5,465.22
OI-0000162,ORD-100065,RAD-SHIELD-VEST,3,875.80
OI-0000163,ORD-100065,ZERO-G-BALL-SET,3,111.97
OI-0000164,ORD-100066,COMM-ARRAY-LR,4,7408.83
OI-0000165,ORD-100066,OXY-GEN-5000,5,2640.34
OI-0000166,ORD-100066,EVA-SUIT-MK7,1,31012.19
OI-0000167,ORD-100067,COMM-ARRAY-LR,7,6980.08
OI-0000168,ORD-100068,SOLAR-LIGHT-LED,1,186.93
OI-0000169,ORD-100069,ZERO-G-BALL-SET,2,112.45
OI-0000170,ORD-100069,H2O-REC-PRO,1,3185.53
OI-0000171,ORD-100069,AIR-SCRUB-X,3,1678.32
OI-0000172,ORD-100070,LASER-DRILL-IND,1,35373.88
OI-0000173,ORD-100070,EVA-SUIT-MK7,7,30687.65
OI-0000174,ORD-100070,LASER-DRILL-IND,2,34577.32
OI-0000175,ORD-100070,OXY-GEN-5000,8,2558.61
OI-0000176,ORD-100071,HULL-PLATE-TI,3,1295.29
OI-0000177,ORD-100071,H2O-REC-PRO,3,3143.47
OI-0000178,ORD-100072,HYDRO-KIT-START,1,309.59
OI-0000179,ORD-100072,VR-ENTERTAIN-SYS,1,954.19
OI-0000180,ORD-100072,NAV-COMP-ELITE,4,8908.94
OI-0000181,ORD-100073,MULTI-SENSOR-PRO,6,4694.49
OI-0000182,ORD-100073,SOLAR-LIGHT-LED,6,171.44
OI-0000183,ORD-100074,OXY-GEN-5000,6,2304.95
OI-0000184,ORD-100074,ZERO-G-BED,1,2268.06
OI-0000185,ORD-100075,ION-DRIVE-MK3,5,49595.84
OI-0000186,ORD-100076,LASER-DRILL-IND,7,38348.71
OI-0000187,ORD-100076,AIR-SCRUB-X,2,1708.00
OI-0000188,ORD-100076,HYDRO-KIT-START,4,306.67
OI-0000189,ORD-100076,THERMO-REG-3000,6,1475.39
OI-0000190,ORD-100076,SOLAR-LIGHT-LED,4,198.76
OI-0000191,ORD-100077,LASER-DRILL-IND,2,33372.03
OI-0000192,ORD-100077,THERMO-REG-3000,6,1529.58
OI-0000193,ORD-100077,EVA-SUIT-MK7,3,27562.21
OI-0000194,ORD-100078,THERMO-REG-3000,3,1660.65
OI-0000195,ORD-100078,ZERO-G-BED,5,2266.24
OI-0000196,ORD-100079,MULTI-SENSOR-PRO,5,4484.13
OI-0000197,ORD-100079,ION-DRIVE-MK3,8,43504.11
OI-0000198,ORD-100079,SELDON-CRYO-ICE,2,44.63
OI-0000199,ORD-100079,AIR-SCRUB-X,5,1959.34
OI-0000200,ORD-100080,COMM-ARRAY-LR,4,7215.67
OI-0000201,ORD-100080,HYDRO-KIT-START,5,294.95
OI-0000202,ORD-100080,QUANTUM-PROC-Q5,5,13013.54
OI-0000203,ORD-100080,THERMO-REG-3000,7,1626.56
OI-0000204,ORD-100081,SOLAR-LIGHT-LED,4,181.39
OI-0000205,ORD-100081,VR-ENTERTAIN-SYS,1,945.19
OI-0000206,ORD-100082,H2O-REC-PRO,3,3042.36
OI-0000207,ORD-100083,ION-DRIVE-MK3,2,47473.97
OI-0000208,ORD-100083,ION-DRIVE-MK3,1,48838.27
OI-0000209,ORD-100084,QUANTUM-PROC-Q5,2,12131.19
OI-0000210,ORD-100085,NAV-COMP-ELITE,5,8554.74
OI-0000211,ORD-100086,EVA-SUIT-MK7,5,26889.54
OI-0000212,ORD-100086,HYDRO-KIT-START,8,298.49
OI-0000213,ORD-100087,QUANTUM-PROC-Q5,7,12511.27
OI-0000214,ORD-100087,ION-DRIVE-MK3,7,43642.21
OI-0000215,ORD-100087,LASER-DRILL-IND,7,35404.80
OI-0000216,ORD-100088,NAV-COMP-ELITE,8,8519.17
OI-0000217,ORD-100088,VR-ENTERTAIN-SYS,2,1063.11
OI-0000218,ORD-100088,AIR-SCRUB-X,2,1837.58
OI-0000219,ORD-100089,H2O-REC-PRO,1,3104.39
OI-0000220,ORD-100090,OXY-GEN-5000,2,2388.62
OI-0000221,ORD-100091,H2O-REC-PRO,2,3194.00
OI-0000222,ORD-100092,ZERO-G-BED,4,2111.99
OI-0000223,ORD-100092,OXY-GEN-5000,7,2313.97
OI-0000224,ORD-100092,OXY-GEN-5000,6,2710.26
OI-0000225,ORD-100092,AIR-SCRUB-X,4,2001.15
OI-0000226,ORD-100093,SOLAR-LIGHT-LED,2,173.97
OI-0000227,ORD-100093,RATION-PACK-30,6,443.10
OI-0000228,ORD-100094,LASER-DRILL-IND,8,39081.72
OI-0000229,ORD-100094,RATION-PACK-30,3,436.67
OI-0000230,ORD-100095,ZERO-G-BALL-SET,8,119.58
OI-0000231,ORD-100095,SELDON-CRYO-ICE,4,45.93
OI-0000232,ORD-100095,OXY-GEN-5000,4,2310.61
OI-0000233,ORD-100096,EVA-SUIT-MK7,6,26511.90
OI-0000234,ORD-100096,MULTI-SENSOR-PRO,1,4608.79
OI-0000235,ORD-100096,SOLAR-LIGHT-LED,5,192.62
OI-0000236,ORD-100096,HULL-PLATE-TI,6,1186.25
OI-0000237,ORD-100096,NAV-COMP-ELITE,1,9361.27
OI-0000238,ORD-100097,NAV-COMP-ELITE,1,8898.42
OI-0000239,ORD-100098,EMERG-KIT-DELUXE,2,683.57
OI-0000240,ORD-100099,ZERO-G-BED,7,2190.20
OI-0000241,ORD-100099,RAD-SHIELD-VEST,8,853.86
OI-0000242,ORD-100099,LASER-DRILL-IND,7,37522.27
OI-0000243,ORD-100099,RAD-SHIELD-VEST,1,911.53
OI-0000244,ORD-100099,SOLAR-LIGHT-LED,2,192.92
OI-0000245,ORD-100100,NAV-COMP-ELITE,1,7841.82
OI-0000246,ORD-100101,ZERO-G-BALL-SET,3,115.06
OI-0000247,ORD-100101,SOLAR-LIGHT-LED,5,193.37
OI-0000248,ORD-100102,OXY-GEN-5000,3,2430.67
OI-0000249,ORD-100102,EVA-SUIT-MK7,3,27184.01
OI-0000250,ORD-100102,LASER-DRILL-IND,3,32286.36
OI-0000251,ORD-100103,THERMO-REG-3000,5,1600.18
OI-0000252,ORD-100103,AIR-SCRUB-X,2,1885.02
OI-0000253,ORD-100104,QUANTUM-PROC-Q5,7,11449.52
OI-0000254,ORD-100104,ZERO-G-BED,3,2333.78
OI-0000255,ORD-100105,LASER-DRILL-IND,2,38278.53
OI-0000256,ORD-100105,ION-DRIVE-MK3,2,44038.13
OI-0000257,ORD-100106,RATION-PACK-30,1,419.50
OI-0000258,ORD-100106,OXY-GEN-5000,1,2348.42
OI-0000259,ORD-100106,EMERG-KIT-DELUXE,1,676.69
OI-0000260,ORD-100107,ZERO-G-BED,6,2378.76
OI-0000261,ORD-100108,RAD-SHIELD-VEST,7,894.24
OI-0000262,ORD-100108,OXY-GEN-5000,6,2308.32
OI-0000263,ORD-100109,RATION-PACK-30,7,440.45
OI-0000264,ORD-100109,NAV-COMP-ELITE,3,9298.76
OI-0000265,ORD-100110,HULL-PLATE-TI,4,1144.90
OI-0000266,ORD-100110,AIR-SCRUB-X,2,1812.56
OI-0000267,ORD-100111,RATION-PACK-30,3,497.05
OI-0000268,ORD-100111,SELDON-CRYO-ICE,8,42.21
OI-0000269,ORD-100112,HULL-PLATE-TI,4,1166.18
OI-0000270,ORD-100112,QUANTUM-PROC-Q5,2,11307.32
OI-0000271,ORD-100112,MULTI-SENSOR-PRO,4,4810.16
OI-0000272,ORD-100112,RATION-PACK-30,6,425.47
OI-0000273,ORD-100113,RATION-PACK-30,7,414.83
OI-0000274,ORD-100113,EVA-SUIT-MK7,6,26570.32
OI-0000275,ORD-100113,QUANTUM-PROC-Q5,4,12239.60
OI-0000276,ORD-100114,NAV-COMP-ELITE,8,8315.54
OI-0000277,ORD-100114,THERMO-REG-3000,1,1674.34
OI-0000278,ORD-100115,THERMO-REG-3000,5,1675.32
OI-0000279,ORD-100115,ION-DRIVE-MK3,1,46331.49
OI-0000280,ORD-100115,MULTI-SENSOR-PRO,7,4750.11
OI-0000281,ORD-100115,ZERO-G-BED,7,2196.07
OI-0000282,ORD-100116,EVA-SUIT-MK7,8,27390.06
OI-0000283,ORD-100116,HYDRO-KIT-START,4,308.36
OI-0000284,ORD-100117,RAD-SHIELD-VEST,3,942.66
OI-0000285,ORD-100118,THERMO-REG-3000,2,1613.32
OI-0000286,ORD-100118,SELDON-CRYO-ICE,7,43.88
OI-0000287,ORD-100118,SELDON-CRYO-ICE,8,44.71
OI-0000288,ORD-100119,RAD-SHIELD-VEST,7,832.72
OI-0000289,ORD-100120,SELDON-CRYO-ICE,2,48.18
OI-0000290,ORD-100120,NAV-COMP-ELITE,2,8127.13
OI-0000291,ORD-100120,LASER-DRILL-IND,3,32237.27
OI-0000292,ORD-100121,VR-ENTERTAIN-SYS,3,954.38
OI-0000293,ORD-100121,OXY-GEN-5000,4,2450.30
OI-0000294,ORD-100122,ZERO-G-BED,4,2326.69
OI-0000295,ORD-100122,H2O-REC-PRO,4,2967.51
OI-0000296,ORD-100123,LASER-DRILL-IND,7,32720.52
OI-0000297,ORD-100124,NAV-COMP-ELITE,6,8778.19
OI-0000298,ORD-100124,SELDON-CRYO-ICE,3,45.18
OI-0000299,ORD-100124,HYDRO-KIT-START,6,357.92
OI-0000300,ORD-100125,HYDRO-KIT-START,4,311.91
OI-0000301,ORD-100125,RATION-PACK-30,7,502.15
OI-0000302,ORD-100125,HULL-PLATE-TI,7,1332.43
OI-0000303,ORD-100126,ZERO-G-BALL-SET,5,123.64
OI-0000304,ORD-100126,LASER-DRILL-IND,2,38475.99
OI-0000305,ORD-100127,HYDRO-KIT-START,3,318.64
OI-0000306,ORD-100127,COMM-ARRAY-LR,1,7505.08
OI-0000307,ORD-100127,SELDON-CRYO-ICE,6,47.77
OI-0000308,ORD-100128,QUANTUM-PROC-Q5,5,13326.28
OI-0000309,ORD-100128,EMERG-KIT-DELUXE,4,667.11
OI-0000310,ORD-100129,SOLAR-LIGHT-LED,3,182.87
OI-0000311,ORD-100130,EMERG-KIT-DELUXE,1,708.20
OI-0000312,ORD-100130,ION-DRIVE-MK3,4,42973.33
OI-0000313,ORD-100130,ZERO-G-BED,3,2250.02
OI-0000314,ORD-100130,H2O-REC-PRO,7,3261.13
OI-0000315,ORD-100131,RAD-SHIELD-VEST,5,827.01
OI-0000316,ORD-100131,OXY-GEN-5000,7,2408.73
OI-0000317,ORD-100132,OXY-GEN-5000,2,2515.40
OI-0000318,ORD-100132,NAV-COMP-ELITE,2,8719.46
OI-0000319,ORD-100133,EVA-SUIT-MK7,8,26666.27
OI-0000320,ORD-100134,COMM-ARRAY-LR,2,6828.69
OI-0000321,ORD-100134,VR-ENTERTAIN-SYS,8,1025.97
OI-0000322,ORD-100135,MULTI-SENSOR-PRO,7,5018.79
OI-0000323,ORD-100136,HULL-PLATE-TI,7,1151.62
OI-0000324,ORD-100136,RATION-PACK-30,3,430.98
OI-0000325,ORD-100136,ZERO-G-BALL-SET,3,115.91
OI-0000326,ORD-100136,HYDRO-KIT-START,7,296.86
OI-0000327,ORD-100136,NAV-COMP-ELITE,3,8544.72
OI-0000328,ORD-100137,COMM-ARRAY-LR,6,7223.76
OI-0000329,ORD-100138,QUANTUM-PROC-Q5,2,11272.53
OI-0000330,ORD-100138,OXY-GEN-5000,3,2465.61
OI-0000331,ORD-100139,LASER-DRILL-IND,2,32487.27
OI-0000332,ORD-100140,COMM-ARRAY-LR,6,7473.08
OI-0000333,ORD-100140,EVA-SUIT-MK7,2,30860.76
OI-0000334,ORD-100141,AIR-SCRUB-X,3,1813.59
OI-0000335,ORD-100141,EMERG-KIT-DELUXE,7,702.10
OI-0000336,ORD-100142,HULL-PLATE-TI,5,1273.98
OI-0000337,ORD-100142,VR-ENTERTAIN-SYS,2,906.51
OI-0000338,ORD-100143,ZERO-G-BED,6,2060.63
OI-0000339,ORD-100143,VR-ENTERTAIN-SYS,5,1011.20
OI-0000340,ORD-100143,SOLAR-LIGHT-LED,5,177.29
OI-0000341,ORD-100144,COMM-ARRAY-LR,4,7366.91
OI-0000342,ORD-100144,HULL-PLATE-TI,6,1168.51
OI-0000343,ORD-100144,ZERO-G-BALL-SET,7,114.14
OI-0000344,ORD-100144,HULL-PLATE-TI,7,1192.47
OI-0000345,ORD-100144,RAD-SHIELD-VEST,2,866.31
OI-0000346,ORD-100145,EVA-SUIT-MK7,7,26321.31
OI-0000347,ORD-100145,EMERG-KIT-DELUXE,3,724.44
OI-0000348,ORD-100146,OXY-GEN-5000,2,2571.19
OI-0000349,ORD-100146,MULTI-SENSOR-PRO,2,4322.09
OI-0000350,ORD-100146,RAD-SHIELD-VEST,8,920.63
OI-0000351,ORD-100147,HYDRO-KIT-START,1,352.78
OI-0000352,ORD-100147,OXY-GEN-5000,4,2513.57
OI-0000353,ORD-100147,HYDRO-KIT-START,6,336.34
OI-0000354,ORD-100147,HULL-PLATE-TI,7,1268.82
OI-0000355,ORD-100148,LASER-DRILL-IND,3,33446.47
OI-0000356,ORD-100148,EMERG-KIT-DELUXE,6,707.15
OI-0000357,ORD-100148,SOLAR-LIGHT-LED,3,197.75
OI-0000358,ORD-100148,QUANTUM-PROC-Q5,5,11876.13
OI-0000359,ORD-100149,RAD-SHIELD-VEST,2,801.24
OI-0000360,ORD-100149,SOLAR-LIGHT-LED,5,170.81
OI-0000361,ORD-100149,MULTI-SENSOR-PRO,3,4303.69
OI-0000362,ORD-100150,VR-ENTERTAIN-SYS,4,947.08
OI-0000363,ORD-100150,ZERO-G-BALL-SET,7,123.05
OI-0000364,ORD-100151,HYDRO-KIT-START,5,323.86
OI-0000365,ORD-100151,VR-ENTERTAIN-SYS,7,920.07
OI-0000366,ORD-100151,HULL-PLATE-TI,1,1283.28
OI-0000367,ORD-100151,RATION-PACK-30,3,447.97
OI-0000368,ORD-100152,SOLAR-LIGHT-LED,3,193.16
OI-0000369,ORD-100153,ION-DRIVE-MK3,3,41497.81
OI-0000370,ORD-100153,SOLAR-LIGHT-LED,8,185.55
OI-0000371,ORD-100153,COMM-ARRAY-LR,5,7220.72
OI-0000372,ORD-100154,THERMO-REG-3000,1,1445.67
OI-0000373,ORD-100154,ION-DRIVE-MK3,2,48749.03
OI-0000374,ORD-100154,EVA-SUIT-MK7,8,27513.86
OI-0000375,ORD-100155,ION-DRIVE-MK3,2,41987.87
OI-0000376,ORD-100156,AIR-SCRUB-X,5,1659.05
OI-0000377,ORD-100157,HYDRO-KIT-START,2,315.60
OI-0000378,ORD-100157,EMERG-KIT-DELUXE,2,693.90
OI-0000379,ORD-100158,SELDON-CRYO-ICE,3,48.32
OI-0000380,ORD-100158,ION-DRIVE-MK3,6,45427.32
OI-0000381,ORD-100158,HYDRO-KIT-START,6,313.01
OI-0000382,ORD-100158,LASER-DRILL-IND,7,32480.09
OI-0000383,ORD-100159,ZERO-G-BALL-SET,8,112.74
OI-0000384,ORD-100159,OXY-GEN-5000,3,2683.16
OI-0000385,ORD-100159,QUANTUM-PROC-Q5,2,12237.39
OI-0000386,ORD-100159,EVA-SUIT-MK7,6,26710.42
OI-0000387,ORD-100159,QUANTUM-PROC-Q5,3,11203.59
OI-0000388,ORD-100160,COMM-ARRAY-LR,8,7140.40
OI-0000389,ORD-100160,HYDRO-KIT-START,2,356.59
OI-0000390,ORD-100160,RAD-SHIELD-VEST,1,843.79
OI-0000391,ORD-100160,QUANTUM-PROC-Q5,7,12021.68
OI-0000392,ORD-100160,LASER-DRILL-IND,3,35285.79
OI-0000393,ORD-100161,VR-ENTERTAIN-SYS,1,903.37
OI-0000394,ORD-100161,RATION-PACK-30,5,447.82
OI-0000395,ORD-100161,ZERO-G-BALL-SET,7,130.89
OI-0000396,ORD-100162,EVA-SUIT-MK7,2,26240.61
OI-0000397,ORD-100162,RATION-PACK-30,7,483.14
OI-0000398,ORD-100162,NAV-COMP-ELITE,7,8378.83
OI-0000399,ORD-100162,MULTI-SENSOR-PRO,6,5036.79
OI-0000400,ORD-100163,H2O-REC-PRO,6,3449.32
OI-0000401,ORD-100163,RAD-SHIELD-VEST,4,791.19
OI-0000402,ORD-100163,OXY-GEN-5000,7,2434.92
OI-0000403,ORD-100164,QUANTUM-PROC-Q5,3,11516.65
OI-0000404,ORD-100164,SOLAR-LIGHT-LED,8,182.72
OI-0000405,ORD-100165,MULTI-SENSOR-PRO,1,4275.46
OI-0000406,ORD-100166,NAV-COMP-ELITE,4,8534.30
OI-0000407,ORD-100167,RAD-SHIELD-VEST,8,852.39
OI-0000408,ORD-100167,ZERO-G-BED,6,2388.40
OI-0000409,ORD-100167,SOLAR-LIGHT-LED,6,169.68
OI-0000410,ORD-100167,ION-DRIVE-MK3,8,45255.45
OI-0000411,ORD-100168,LASER-DRILL-IND,2,36634.68
OI-0000412,ORD-100169,RATION-PACK-30,4,491.07
OI-0000413,ORD-100169,RATION-PACK-30,6,501.09
OI-0000414,ORD-100170,SOLAR-LIGHT-LED,4,165.75
OI-0000415,ORD-100170,SOLAR-LIGHT-LED,1,166.16
OI-0000416,ORD-100170,HYDRO-KIT-START,6,348.21
OI-0000417,ORD-100170,EMERG-KIT-DELUXE,6,671.17
OI-0000418,ORD-100171,HULL-PLATE-TI,2,1274.41
OI-0000419,ORD-100172,LASER-DRILL-IND,2,36202.56
OI-0000420,ORD-100173,HULL-PLATE-TI,5,1150.52
OI-0000421,ORD-100174,QUANTUM-PROC-Q5,5,13187.05
OI-0000422,ORD-100175,EVA-SUIT-MK7,3,26766.92
OI-0000423,ORD-100175,OXY-GEN-5000,3,2629.83
OI-0000424,ORD-100175,SELDON-CRYO-ICE,1,42.45
OI-0000425,ORD-100176,NAV-COMP-ELITE,1,8376.82
OI-0000426,ORD-100177,THERMO-REG-3000,4,1455.03
OI-0000427,ORD-100177,NAV-COMP-ELITE,5,9455.18
OI-0000428,ORD-100178,ZERO-G-BALL-SET,6,119.38
OI-0000429,ORD-100178,SELDON-CRYO-ICE,2,45.44
OI-0000430,ORD-100179,ZERO-G-BED,6,2087.82
OI-0000431,ORD-100180,VR-ENTERTAIN-SYS,5,1010.09
OI-0000432,ORD-100181,ION-DRIVE-MK3,6,46720.54
OI-0000433,ORD-100182,EVA-SUIT-MK7,5,26493.93
OI-0000434,ORD-100183,MULTI-SENSOR-PRO,8,4691.09
OI-0000435,ORD-100184,SOLAR-LIGHT-LED,4,171.73
OI-0000436,ORD-100184,NAV-COMP-ELITE,6,9207.45
OI-0000437,ORD-100184,VR-ENTERTAIN-SYS,1,1051.48
OI-0000438,ORD-100185,THERMO-REG-3000,5,1589.60
OI-0000439,ORD-100185,HYDRO-KIT-START,8,302.07
OI-0000440,ORD-100185,MULTI-SENSOR-PRO,3,4817.73
OI-0000441,ORD-100186,COMM-ARRAY-LR,6,7306.80
OI-0000442,ORD-100186,RAD-SHIELD-VEST,4,797.61
OI-0000443,ORD-100186,QUANTUM-PROC-Q5,2,11887.22
OI-0000444,ORD-100187,EMERG-KIT-DELUXE,6,729.03
OI-0000445,ORD-100187,QUANTUM-PROC-Q5,8,12612.69
OI-0000446,ORD-100187,EMERG-KIT-DELUXE,2,749.92
OI-0000447,ORD-100187,HULL-PLATE-TI,6,1196.54
OI-0000448,ORD-100188,HYDRO-KIT-START,8,350.48
OI-0000449,ORD-100188,RATION-PACK-30,4,415.49
OI-0000450,ORD-100188,EVA-SUIT-MK7,3,27253.84
OI-0000451,ORD-100189,ZERO-G-BED,2,2045.62
OI-0000452,ORD-100189,THERMO-REG-3000,7,1438.18
OI-0000453,ORD-100190,HULL-PLATE-TI,2,1231.71
OI-0000454,ORD-100190,COMM-ARRAY-LR,4,7456.34
OI-0000455,ORD-100191,QUANTUM-PROC-Q5,5,12801.32
OI-0000456,ORD-100191,RATION-PACK-30,3,459.29
OI-0000457,ORD-100192,RAD-SHIELD-VEST,7,838.79
OI-0000458,ORD-100192,ION-DRIVE-MK3,5,49331.32
OI-0000459,ORD-100192,ION-DRIVE-MK3,1,46746.05
OI-0000460,ORD-100192,RAD-SHIELD-VEST,1,865.01
OI-0000461,ORD-100192,HULL-PLATE-TI,8,1130.25
OI-0000462,ORD-100193,RAD-SHIELD-VEST,5,843.93
OI-0000463,ORD-100193,OXY-GEN-5000,6,2450.57
OI-0000464,ORD-100194,SOLAR-LIGHT-LED,6,173.03
OI-0000465,ORD-100194,AIR-SCRUB-X,4,1987.43
OI-0000466,ORD-100194,THERMO-REG-3000,2,1669.64
OI-0000467,ORD-100195,LASER-DRILL-IND,2,35234.22
OI-0000468,ORD-100195,EVA-SUIT-MK7,6,27375.09
OI-0000469,ORD-100196,VR-ENTERTAIN-SYS,3,931.69
OI-0000470,ORD-100196,QUANTUM-PROC-Q5,2,12959.48
OI-0000471,ORD-100197,EMERG-KIT-DELUXE,3,755.30
OI-0000472,ORD-100197,COMM-ARRAY-LR,3,7610.44
OI-0000473,ORD-100198,RATION-PACK-30,5,496.82
OI-0000474,ORD-100198,LASER-DRILL-IND,5,33413.11
OI-0000475,ORD-100198,SOLAR-LIGHT-LED,6,194.56
OI-0000476,ORD-100198,HYDRO-KIT-START,4,310.40
OI-0000477,ORD-100198,SOLAR-LIGHT-LED,4,176.44
OI-0000478,ORD-100199,SOLAR-LIGHT-LED,8,180.74
OI-0000479,ORD-100199,SOLAR-LIGHT-LED,8,166.60
OI-0000480,ORD-100200,THERMO-REG-3000,3,1500.88
OI-0000481,ORD-100201,ZERO-G-BALL-SET,1,127.24
OI-0000482,ORD-100202,RATION-PACK-30,2,436.25
OI-0000483,ORD-100203,LASER-DRILL-IND,2,35226.48
OI-0000484,ORD-100203,SELDON-CRYO-ICE,1,43.06
OI-0000485,ORD-100203,HULL-PLATE-TI,3,1226.76
OI-0000486,ORD-100203,VR-ENTERTAIN-SYS,4,964.47
OI-0000487,ORD-100204,THERMO-REG-3000,1,1554.16
OI-0000488,ORD-100205,ION-DRIVE-MK3,6,45905.75
OI-0000489,ORD-100206,AIR-SCRUB-X,8,1791.55
OI-0000490,ORD-100206,RAD-SHIELD-VEST,3,879.93
OI-0000491,ORD-100206,EMERG-KIT-DELUXE,5,643.20
OI-0000492,ORD-100206,MULTI-SENSOR-PRO,6,4666.04
OI-0000493,ORD-100207,THERMO-REG-3000,7,1656.71
OI-0000494,ORD-100207,H2O-REC-PRO,5,3017.26
OI-0000495,ORD-100207,AIR-SCRUB-X,8,1930.81
OI-0000496,ORD-100208,SELDON-CRYO-ICE,4,43.16
OI-0000497,ORD-100209,NAV-COMP-ELITE,2,8809.58
OI-0000498,ORD-100209,SELDON-CRYO-ICE,2,43.23
OI-0000499,ORD-100210,EMERG-KIT-DELUXE,6,674.08
OI-0000500,ORD-100210,VR-ENTERTAIN-SYS,3,1026.30
OI-0000501,ORD-100210,EVA-SUIT-MK7,7,29262.64
OI-0000502,ORD-100210,AIR-SCRUB-X,2,1701.79
OI-0000503,ORD-100211,THERMO-REG-3000,6,1400.39
OI-0000504,ORD-100211,ION-DRIVE-MK3,5,42072.99
OI-0000505,ORD-100211,ZERO-G-BALL-SET,4,130.88
OI-0000506,ORD-100211,LASER-DRILL-IND,5,34994.54
OI-0000507,ORD-100212,H2O-REC-PRO,4,3259.88
OI-0000508,ORD-100212,ZERO-G-BALL-SET,1,118.70
OI-0000509,ORD-100213,SOLAR-LIGHT-LED,8,176.52
OI-0000510,ORD-100213,HULL-PLATE-TI,1,1327.50
OI-0000511,ORD-100213,OXY-GEN-5000,4,2567.09
OI-0000512,ORD-100214,HYDRO-KIT-START,7,339.29
OI-0000513,ORD-100214,VR-ENTERTAIN-SYS,3,895.96
OI-0000514,ORD-100215,ZERO-G-BALL-SET,1,134.18
OI-0000515,ORD-100215,OXY-GEN-5000,4,2706.31
OI-0000516,ORD-100215,AIR-SCRUB-X,1,1701.62
OI-0000517,ORD-100216,RAD-SHIELD-VEST,6,934.60
OI-0000518,ORD-100216,HULL-PLATE-TI,8,1275.15
OI-0000519,ORD-100217,RATION-PACK-30,1,445.20
OI-0000520,ORD-100217,SOLAR-LIGHT-LED,8,175.67
OI-0000521,ORD-100218,RATION-PACK-30,1,458.90
OI-0000522,ORD-100218,H2O-REC-PRO,5,3121.90
OI-0000523,ORD-100219,VR-ENTERTAIN-SYS,1,999.48
OI-0000524,ORD-100219,H2O-REC-PRO,6,3543.82
OI-0000525,ORD-100219,LASER-DRILL-IND,6,38658.89
OI-0000526,ORD-100220,RATION-PACK-30,7,499.72
OI-0000527,ORD-100220,QUANTUM-PROC-Q5,8,12057.20
OI-0000528,ORD-100220,ZERO-G-BALL-SET,5,114.30
OI-0000529,ORD-100221,COMM-ARRAY-LR,1,6425.06
OI-0000530,ORD-100221,ZERO-G-BALL-SET,6,130.46
OI-0000531,ORD-100222,AIR-SCRUB-X,8,1720.73
OI-0000532,ORD-100222,COMM-ARRAY-LR,5,7437.92
OI-0000533,ORD-100223,COMM-ARRAY-LR,5,6277.92
OI-0000534,ORD-100224,AIR-SCRUB-X,7,1971.31
OI-0000535,ORD-100224,HYDRO-KIT-START,1,315.30
OI-0000536,ORD-100224,ZERO-G-BED,6,2453.04
OI-0000537,ORD-100225,ZERO-G-BALL-SET,6,132.96
OI-0000538,ORD-100225,THERMO-REG-3000,1,1577.12
OI-0000539,ORD-100226,H2O-REC-PRO,8,3365.89
OI-0000540,ORD-100226,EMERG-KIT-DELUXE,8,668.70
OI-0000541,ORD-100227,ZERO-G-BED,2,2426.44
OI-0000542,ORD-100227,SELDON-CRYO-ICE,8,46.85
OI-0000543,ORD-100228,HYDRO-KIT-START,8,334.89
OI-0000544,ORD-100228,NAV-COMP-ELITE,3,9309.89
OI-0000545,ORD-100229,THERMO-REG-3000,7,1486.31
OI-0000546,ORD-100229,THERMO-REG-3000,4,1593.60
OI-0000547,ORD-100229,RATION-PACK-30,6,494.77
OI-0000548,ORD-100229,MULTI-SENSOR-PRO,2,5034.72
OI-0000549,ORD-100230,ZERO-G-BALL-SET,2,114.05
OI-0000550,ORD-100230,OXY-GEN-5000,6,2636.95
OI-0000551,ORD-100230,EVA-SUIT-MK7,7,27554.45
OI-0000552,ORD-100231,MULTI-SENSOR-PRO,3,4998.16
OI-0000553,ORD-100231,H2O-REC-PRO,4,3219.54
OI-0000554,ORD-100232,RATION-PACK-30,4,473.98
OI-0000555,ORD-100232,HYDRO-KIT-START,2,307.64
OI-0000556,ORD-100232,EMERG-KIT-DELUXE,3,629.32
OI-0000557,ORD-100232,H2O-REC-PRO,4,2948.27
OI-0000558,ORD-100232,OXY-GEN-5000,6,2401.57
OI-0000559,ORD-100233,RATION-PACK-30,6,486.33
OI-0000560,ORD-100233,HULL-PLATE-TI,2,1182.51
OI-0000561,ORD-100233,EMERG-KIT-DELUXE,6,663.15
OI-0000562,ORD-100234,H2O-REC-PRO,1,3101.38
OI-0000563,ORD-100234,ZERO-G-BALL-SET,7,131.33
OI-0000564,ORD-100234,HULL-PLATE-TI,4,1167.67
OI-0000565,ORD-100234,HYDRO-KIT-START,8,346.49
OI-0000566,ORD-100235,LASER-DRILL-IND,7,36617.18
OI-0000567,ORD-100235,HULL-PLATE-TI,6,1220.22
OI-0000568,ORD-100235,ION-DRIVE-MK3,5,48966.23
OI-0000569,ORD-100236,QUANTUM-PROC-Q5,7,13366.47
OI-0000570,ORD-100236,MULTI-SENSOR-PRO,4,4736.18
OI-0000571,ORD-100236,RATION-PACK-30,3,455.83
OI-0000572,ORD-100237,RAD-SHIELD-VEST,7,898.83
OI-0000573,ORD-100237,OXY-GEN-5000,5,2433.96
OI-0000574,ORD-100237,NAV-COMP-ELITE,7,7923.37
OI-0000575,ORD-100237,MULTI-SENSOR-PRO,5,4747.49
OI-0000576,ORD-100238,MULTI-SENSOR-PRO,1,4417.66
OI-0000577,ORD-100238,SOLAR-LIGHT-LED,4,186.21
OI-0000578,ORD-100238,ION-DRIVE-MK3,4,48415.97
OI-0000579,ORD-100239,VR-ENTERTAIN-SYS,2,998.44
OI-0000580,ORD-100239,EMERG-KIT-DELUXE,4,674.85
OI-0000581,ORD-100240,THERMO-REG-3000,8,1392.69
OI-0000582,ORD-100241,HYDRO-KIT-START,5,349.57
OI-0000583,ORD-100241,AIR-SCRUB-X,2,1837.62
OI-0000584,ORD-100241,SOLAR-LIGHT-LED,1,166.13
OI-0000585,ORD-100242,EVA-SUIT-MK7,4,26318.20
OI-0000586,ORD-100242,SELDON-CRYO-ICE,8,44.79
OI-0000587,ORD-100243,ZERO-G-BALL-SET,1,119.94
OI-0000588,ORD-100243,HULL-PLATE-TI,8,1192.76
OI-0000589,ORD-100244,EMERG-KIT-DELUXE,4,633.61
OI-0000590,ORD-100244,RAD-SHIELD-VEST,5,852.02
OI-0000591,ORD-100244,MULTI-SENSOR-PRO,3,4172.86
OI-0000592,ORD-100244,ZERO-G-BALL-SET,7,131.31
OI-0000593,ORD-100245,MULTI-SENSOR-PRO,8,4777.98
OI-0000594,ORD-100245,EMERG-KIT-DELUXE,2,750.89
OI-0000595,ORD-100245,SOLAR-LIGHT-LED,2,179.12
OI-0000596,ORD-100246,OXY-GEN-5000,5,2358.79
OI-0000597,ORD-100246,QUANTUM-PROC-Q5,5,12293.95
OI-0000598,ORD-100247,ZERO-G-BED,5,2231.73
OI-0000599,ORD-100247,NAV-COMP-ELITE,6,9396.04
OI-0000600,ORD-100247,HYDRO-KIT-START,3,327.96
OI-0000601,ORD-100247,RAD-SHIELD-VEST,1,836.01
OI-0000602,ORD-100248,HULL-PLATE-TI,6,1254.92
OI-0000603,ORD-100248,NAV-COMP-ELITE,5,8303.12
OI-0000604,ORD-100248,SOLAR-LIGHT-LED,5,178.82
OI-0000605,ORD-100249,MULTI-SENSOR-PRO,5,5009.99
OI-0000606,ORD-100249,LASER-DRILL-IND,8,33665.15
OI-0000607,ORD-100249,OXY-GEN-5000,4,2794.54
OI-0000608,ORD-100250,RATION-PACK-30,4,464.41
OI-0000609,ORD-100250,THERMO-REG-3000,7,1591.87
OI-0000610,ORD-100251,RATION-PACK-30,7,472.69
OI-0000611,ORD-100251,ION-DRIVE-MK3,1,49195.25
OI-0000612,ORD-100251,EVA-SUIT-MK7,6,29839.55
OI-0000613,ORD-100252,EMERG-KIT-DELUXE,1,708.12
OI-0000614,ORD-100252,H2O-REC-PRO,5,3354.67
OI-0000615,ORD-100252,THERMO-REG-3000,1,1678.72
OI-0000616,ORD-100252,COMM-ARRAY-LR,5,7106.37
OI-0000617,ORD-100253,ION-DRIVE-MK3,3,42145.42
OI-0000618,ORD-100253,RATION-PACK-30,1,453.90
OI-0000619,ORD-100253,H2O-REC-PRO,6,3006.38
OI-0000620,ORD-100254,ION-DRIVE-MK3,6,46047.06
OI-0000621,ORD-100254,THERMO-REG-3000,7,1631.32
OI-0000622,ORD-100254,H2O-REC-PRO,2,3067.48
OI-0000623,ORD-100254,EMERG-KIT-DELUXE,3,724.74
OI-0000624,ORD-100255,AIR-SCRUB-X,8,1687.74
OI-0000625,ORD-100255,AIR-SCRUB-X,3,1918.64
OI-0000626,ORD-100256,NAV-COMP-ELITE,3,8347.83
OI-0000627,ORD-100256,THERMO-REG-3000,5,1433.40
OI-0000628,ORD-100256,HYDRO-KIT-START,6,320.89
OI-0000629,ORD-100256,NAV-COMP-ELITE,5,9322.07
OI-0000630,ORD-100257,ZERO-G-BALL-SET,7,114.14
OI-0000631,ORD-100258,COMM-ARRAY-LR,1,7509.81
OI-0000632,ORD-100259,OXY-GEN-5000,3,2510.70
OI-0000633,ORD-100259,MULTI-SENSOR-PRO,6,4723.09
OI-0000634,ORD-100259,RATION-PACK-30,3,496.18
OI-0000635,ORD-100259,QUANTUM-PROC-Q5,3,12160.42
OI-0000636,ORD-100260,HULL-PLATE-TI,2,1205.04
OI-0000637,ORD-100260,COMM-ARRAY-LR,7,7062.58
OI-0000638,ORD-100261,NAV-COMP-ELITE,3,8332.18
OI-0000639,ORD-100261,AIR-SCRUB-X,3,1741.03
OI-0000640,ORD-100261,NAV-COMP-ELITE,7,7973.28
OI-0000641,ORD-100262,RATION-PACK-30,7,425.57
OI-0000642,ORD-100262,HYDRO-KIT-START,7,343.89
OI-0000643,ORD-100262,QUANTUM-PROC-Q5,7,12472.65
OI-0000644,ORD-100263,HULL-PLATE-TI,3,1223.99
OI-0000645,ORD-100264,THERMO-REG-3000,2,1519.48
OI-0000646,ORD-100265,THERMO-REG-3000,7,1611.41
OI-0000647,ORD-100265,QUANTUM-PROC-Q5,7,11660.76
OI-0000648,ORD-100266,ZERO-G-BALL-SET,5,115.14
OI-0000649,ORD-100266,LASER-DRILL-IND,8,35244.22
OI-0000650,ORD-100267,EVA-SUIT-MK7,6,27427.03
OI-0000651,ORD-100267,H2O-REC-PRO,2,3172.64
OI-0000652,ORD-100268,EMERG-KIT-DELUXE,8,631.13
OI-0000653,ORD-100268,MULTI-SENSOR-PRO,6,4174.46
OI-0000654,ORD-100268,LASER-DRILL-IND,2,34873.39
OI-0000655,ORD-100269,LASER-DRILL-IND,4,37059.80
OI-0000656,ORD-100269,H2O-REC-PRO,6,3310.94
OI-0000657,ORD-100269,NAV-COMP-ELITE,7,8287.14
OI-0000658,ORD-100269,ION-DRIVE-MK3,5,45914.07
OI-0000659,ORD-100269,H2O-REC-PRO,7,3526.24
OI-0000660,ORD-100270,LASER-DRILL-IND,5,37297.15
OI-0000661,ORD-100271,HYDRO-KIT-START,8,349.08
OI-0000662,ORD-100271,RAD-SHIELD-VEST,4,872.48
OI-0000663,ORD-100271,ION-DRIVE-MK3,7,43701.23
OI-0000664,ORD-100271,H2O-REC-PRO,2,3348.09
OI-0000665,ORD-100272,OXY-GEN-5000,5,2578.22
OI-0000666,ORD-100272,RAD-SHIELD-VEST,4,845.80
OI-0000667,ORD-100273,ZERO-G-BED,4,2208.00
OI-0000668,ORD-100273,LASER-DRILL-IND,5,34435.82
OI-0000669,ORD-100274,ION-DRIVE-MK3,3,45000.49
OI-0000670,ORD-100274,OXY-GEN-5000,6,2681.47
OI-0000671,ORD-100274,SELDON-CRYO-ICE,3,47.55
OI-0000672,ORD-100274,RATION-PACK-30,7,466.21
OI-0000673,ORD-100275,RAD-SHIELD-VEST,2,943.81
OI-0000674,ORD-100275,OXY-GEN-5000,7,2576.03
OI-0000675,ORD-100276,EVA-SUIT-MK7,8,27132.26
OI-0000676,ORD-100277,EMERG-KIT-DELUXE,8,742.85
OI-0000677,ORD-100277,AIR-SCRUB-X,7,2000.73
OI-0000678,ORD-100278,EVA-SUIT-MK7,7,30169.57
OI-0000679,ORD-100278,RATION-PACK-30,3,490.24
OI-0000680,ORD-100278,ZERO-G-BALL-SET,2,127.73
OI-0000681,ORD-100279,COMM-ARRAY-LR,6,6657.60
OI-0000682,ORD-100280,ION-DRIVE-MK3,5,45677.56
OI-0000683,ORD-100280,EVA-SUIT-MK7,5,26624.87
OI-0000684,ORD-100281,EMERG-KIT-DELUXE,7,690.47
OI-0000685,ORD-100281,ION-DRIVE-MK3,6,47194.66
OI-0000686,ORD-100281,ZERO-G-BALL-SET,6,122.96
OI-0000687,ORD-100282,HULL-PLATE-TI,3,1170.80
OI-0000688,ORD-100282,RATION-PACK-30,4,446.09
OI-0000689,ORD-100283,H2O-REC-PRO,7,3344.90
OI-0000690,ORD-100283,MULTI-SENSOR-PRO,2,4384.33
OI-0000691,ORD-100284,EVA-SUIT-MK7,3,25985.30
OI-0000692,ORD-100285,VR-ENTERTAIN-SYS,1,934.58
OI-0000693,ORD-100285,SELDON-CRYO-ICE,2,43.17
OI-0000694,ORD-100286,NAV-COMP-ELITE,8,9506.80
OI-0000695,ORD-100286,COMM-ARRAY-LR,7,7073.84
OI-0000696,ORD-100286,RAD-SHIELD-VEST,3,837.87
OI-0000697,ORD-100287,RAD-SHIELD-VEST,1,836.27
OI-0000698,ORD-100287,EMERG-KIT-DELUXE,8,693.03
OI-0000699,ORD-100287,ION-DRIVE-MK3,2,48243.94
OI-0000700,ORD-100287,QUANTUM-PROC-Q5,2,13260.71
OI-0000701,ORD-100287,EVA-SUIT-MK7,6,29332.14
OI-0000702,ORD-100288,HYDRO-KIT-START,6,304.41
OI-0000703,ORD-100288,THERMO-REG-3000,3,1635.71
OI-0000704,ORD-100289,MULTI-SENSOR-PRO,8,4417.22
OI-0000705,ORD-100289,ZERO-G-BALL-SET,7,128.70
OI-0000706,ORD-100290,COMM-ARRAY-LR,5,7388.27
OI-0000707,ORD-100290,OXY-GEN-5000,6,2513.75
OI-0000708,ORD-100290,THERMO-REG-3000,6,1547.42
OI-0000709,ORD-100291,THERMO-REG-3000,8,1454.95
OI-0000710,ORD-100291,LASER-DRILL-IND,7,32615.22
OI-0000711,ORD-100291,H2O-REC-PRO,6,3120.67
OI-0000712,ORD-100292,SOLAR-LIGHT-LED,3,197.06
OI-0000713,ORD-100292,ZERO-G-BALL-SET,5,124.18
OI-0000714,ORD-100293,QUANTUM-PROC-Q5,1,11377.12
OI-0000715,ORD-100293,AIR-SCRUB-X,6,2000.59
OI-0000716,ORD-100294,SELDON-CRYO-ICE,7,45.25
OI-0000717,ORD-100295,AIR-SCRUB-X,2,2006.72
OI-0000718,ORD-100296,SELDON-CRYO-ICE,6,42.06
OI-0000719,ORD-100296,SELDON-CRYO-ICE,6,45.49
OI-0000720,ORD-100296,SOLAR-LIGHT-LED,1,180.05
OI-0000721,ORD-100297,ZERO-G-BALL-SET,6,131.84
OI-0000722,ORD-100297,ZERO-G-BALL-SET,3,114.93
OI-0000723,ORD-100297,HYDRO-KIT-START,4,314.14
OI-0000724,ORD-100298,NAV-COMP-ELITE,6,7866.40
OI-0000725,ORD-100299,ION-DRIVE-MK3,2,42865.95
OI-0000726,ORD-100300,THERMO-REG-3000,7,1500.09
OI-0000727,ORD-100301,MULTI-SENSOR-PRO,1,4266.66
OI-0000728,ORD-100301,HULL-PLATE-TI,3,1239.50
OI-0000729,ORD-100301,HYDRO-KIT-START,3,303.37
OI-0000730,ORD-100302,SOLAR-LIGHT-LED,3,180.69
OI-0000731,ORD-100302,ION-DRIVE-MK3,3,48077.70
OI-0000732,ORD-100303,H2O-REC-PRO,3,3528.69
OI-0000733,ORD-100303,H2O-REC-PRO,7,3432.00
OI-0000734,ORD-100303,EMERG-KIT-DELUXE,3,647.11
OI-0000735,ORD-100303,OXY-GEN-5000,6,2748.59
OI-0000736,ORD-100304,HYDRO-KIT-START,1,314.33
OI-0000737,ORD-100304,RAD-SHIELD-VEST,5,803.79
OI-0000738,ORD-100305,HYDRO-KIT-START,4,327.34
OI-0000739,ORD-100305,HYDRO-KIT-START,4,336.59
OI-0000740,ORD-100306,ZERO-G-BALL-SET,5,128.64
OI-0000741,ORD-100306,HYDRO-KIT-START,6,321.41
OI-0000742,ORD-100307,OXY-GEN-5000,3,2617.32
OI-0000743,ORD-100307,HULL-PLATE-TI,3,1199.22
OI-0000744,ORD-100307,OXY-GEN-5000,8,2541.92
OI-0000745,ORD-100307,ZERO-G-BED,4,2300.63
OI-0000746,ORD-100307,ZERO-G-BALL-SET,7,121.25
OI-0000747,ORD-100308,MULTI-SENSOR-PRO,5,4196.81
OI-0000748,ORD-100309,EMERG-KIT-DELUXE,3,679.67
OI-0000749,ORD-100309,EMERG-KIT-DELUXE,4,644.87
OI-0000750,ORD-100309,HULL-PLATE-TI,1,1151.68
OI-0000751,ORD-100309,ZERO-G-BED,3,2271.67
OI-0000752,ORD-100309,EMERG-KIT-DELUXE,1,734.44
OI-0000753,ORD-100310,COMM-ARRAY-LR,1,7560.32
OI-0000754,ORD-100310,THERMO-REG-3000,5,1496.93
OI-0000755,ORD-100310,EMERG-KIT-DELUXE,7,747.15
OI-0000756,ORD-100310,EVA-SUIT-MK7,6,26522.27
OI-0000757,ORD-100311,AIR-SCRUB-X,1,1927.86
OI-0000758,ORD-100311,HYDRO-KIT-START,3,325.18
OI-0000759,ORD-100311,ION-DRIVE-MK3,4,44921.14
OI-0000760,ORD-100312,COMM-ARRAY-LR,6,6270.65
OI-0000761,ORD-100313,RATION-PACK-30,8,427.83
OI-0000762,ORD-100313,MULTI-SENSOR-PRO,5,4994.54
OI-0000763,ORD-100314,ZERO-G-BED,4,2406.52
OI-0000764,ORD-100314,RAD-SHIELD-VEST,7,853.68
OI-0000765,ORD-100314,SELDON-CRYO-ICE,2,49.19
OI-0000766,ORD-100314,COMM-ARRAY-LR,5,7486.43
OI-0000767,ORD-100314,SELDON-CRYO-ICE,6,45.18
OI-0000768,ORD-100315,LASER-DRILL-IND,7,36446.39
OI-0000769,ORD-100315,THERMO-REG-3000,1,1560.50
OI-0000770,ORD-100316,ZERO-G-BALL-SET,7,129.97
OI-0000771,ORD-100317,SELDON-CRYO-ICE,7,47.42
OI-0000772,ORD-100317,OXY-GEN-5000,4,2583.46
OI-0000773,ORD-100317,OXY-GEN-5000,6,2349.40
OI-0000774,ORD-100317,SOLAR-LIGHT-LED,1,191.85
OI-0000775,ORD-100317,COMM-ARRAY-LR,6,7368.98
OI-0000776,ORD-100318,RAD-SHIELD-VEST,2,838.74
OI-0000777,ORD-100319,MULTI-SENSOR-PRO,8,4946.20
OI-0000778,ORD-100319,ION-DRIVE-MK3,3,44304.84
OI-0000779,ORD-100320,LASER-DRILL-IND,7,38165.46
OI-0000780,ORD-100321,H2O-REC-PRO,4,3294.71
OI-0000781,ORD-100322,SELDON-CRYO-ICE,4,42.71
OI-0000782,ORD-100323,SOLAR-LIGHT-LED,3,196.12
OI-0000783,ORD-100323,ZERO-G-BALL-SET,7,125.45
OI-0000784,ORD-100324,VR-ENTERTAIN-SYS,3,892.36
OI-0000785,ORD-100325,LASER-DRILL-IND,8,35679.93
OI-0000786,ORD-100326,OXY-GEN-5000,8,2515.42
OI-0000787,ORD-100327,ZERO-G-BALL-SET,7,113.86
OI-0000788,ORD-100327,VR-ENTERTAIN-SYS,6,1037.92
OI-0000789,ORD-100328,OXY-GEN-5000,8,2664.33
OI-0000790,ORD-100328,MULTI-SENSOR-PRO,2,4224.75
OI-0000791,ORD-100328,THERMO-REG-3000,7,1621.47
OI-0000792,ORD-100328,THERMO-REG-3000,8,1421.55
OI-0000793,ORD-100329,EVA-SUIT-MK7,2,28693.66
OI-0000794,ORD-100330,AIR-SCRUB-X,3,1723.85
OI-0000795,ORD-100330,LASER-DRILL-IND,8,33472.51
OI-0000796,ORD-100331,ION-DRIVE-MK3,3,48729.25
OI-0000797,ORD-100331,EVA-SUIT-MK7,1,29243.66
OI-0000798,ORD-100331,VR-ENTERTAIN-SYS,2,1027.37
OI-0000799,ORD-100332,VR-ENTERTAIN-SYS,7,1022.97
OI-0000800,ORD-100332,RATION-PACK-30,2,444.45
OI-0000801,ORD-100332,ZERO-G-BED,3,2129.36
OI-0000802,ORD-100332,RAD-SHIELD-VEST,4,916.99
OI-0000803,ORD-100333,HYDRO-KIT-START,8,343.27
OI-0000804,ORD-100333,QUANTUM-PROC-Q5,7,12010.17
OI-0000805,ORD-100334,AIR-SCRUB-X,5,1977.15
OI-0000806,ORD-100335,EMERG-KIT-DELUXE,3,694.79
OI-0000807,ORD-100335,H2O-REC-PRO,4,3007.14
OI-0000808,ORD-100335,ION-DRIVE-MK3,4,47811.70
OI-0000809,ORD-100336,RATION-PACK-30,5,414.43
OI-0000810,ORD-100337,ZERO-G-BALL-SET,5,115.32
OI-0000811,ORD-100337,SELDON-CRYO-ICE,5,45.08
OI-0000812,ORD-100338,HULL-PLATE-TI,2,1257.02
OI-0000813,ORD-100338,RATION-PACK-30,3,495.20
OI-0000814,ORD-100338,RAD-SHIELD-VEST,2,813.17
OI-0000815,ORD-100339,HYDRO-KIT-START,1,324.41
OI-0000816,ORD-100339,RATION-PACK-30,2,434.58
OI-0000817,ORD-100340,EVA-SUIT-MK7,1,29472.11
OI-0000818,ORD-100340,EMERG-KIT-DELUXE,4,730.12
OI-0000819,ORD-100340,MULTI-SENSOR-PRO,1,4651.92
OI-0000820,ORD-100341,EVA-SUIT-MK7,1,30639.49
OI-0000821,ORD-100341,AIR-SCRUB-X,4,1872.60
OI-0000822,ORD-100341,QUANTUM-PROC-Q5,3,11384.07
OI-0000823,ORD-100342,OXY-GEN-5000,7,2301.71
OI-0000824,ORD-100342,H2O-REC-PRO,7,3435.97
OI-0000825,ORD-100342,RATION-PACK-30,4,482.60
OI-0000826,ORD-100343,LASER-DRILL-IND,5,34616.02
OI-0000827,ORD-100343,SELDON-CRYO-ICE,8,45.71
OI-0000828,ORD-100343,HYDRO-KIT-START,8,328.73
OI-0000829,ORD-100344,HULL-PLATE-TI,7,1134.01
OI-0000830,ORD-100344,SELDON-CRYO-ICE,6,43.27
OI-0000831,ORD-100345,NAV-COMP-ELITE,4,9431.61
OI-0000832,ORD-100346,LASER-DRILL-IND,7,32556.20
OI-0000833,ORD-100346,NAV-COMP-ELITE,6,8757.88
OI-0000834,ORD-100347,ION-DRIVE-MK3,5,50252.69
OI-0000835,ORD-100347,ZERO-G-BALL-SET,3,125.79
OI-0000836,ORD-100348,RAD-SHIELD-VEST,6,885.76
OI-0000837,ORD-100348,LASER-DRILL-IND,1,36933.33
OI-0000838,ORD-100348,AIR-SCRUB-X,2,1663.73
OI-0000839,ORD-100349,ION-DRIVE-MK3,5,44129.16
OI-0000840,ORD-100349,VR-ENTERTAIN-SYS,3,1045.16
OI-0000841,ORD-100350,H2O-REC-PRO,3,3507.35
OI-0000842,ORD-100351,ZERO-G-BALL-SET,3,121.14
OI-0000843,ORD-100351,OXY-GEN-5000,8,2773.30
OI-0000844,ORD-100351,ZERO-G-BALL-SET,6,131.65
OI-0000845,ORD-100351,AIR-SCRUB-X,6,1680.80
OI-0000846,ORD-100351,HYDRO-KIT-START,5,337.75
OI-0000847,ORD-100352,COMM-ARRAY-LR,1,6921.87
OI-0000848,ORD-100353,LASER-DRILL-IND,1,37342.49
OI-0000849,ORD-100354,THERMO-REG-3000,6,1490.04
OI-0000850,ORD-100355,MULTI-SENSOR-PRO,2,4160.71
OI-0000851,ORD-100356,LASER-DRILL-IND,2,33293.71
OI-0000852,ORD-100356,SELDON-CRYO-ICE,8,47.08
OI-0000853,ORD-100356,MULTI-SENSOR-PRO,2,4691.31
OI-0000854,ORD-100356,H2O-REC-PRO,3,3071.69
OI-0000855,ORD-100357,AIR-SCRUB-X,7,1771.35
OI-0000856,ORD-100358,ZERO-G-BALL-SET,1,121.02
OI-0000857,ORD-100358,EMERG-KIT-DELUXE,1,636.42
OI-0000858,ORD-100358,NAV-COMP-ELITE,5,8064.62
OI-0000859,ORD-100359,SELDON-CRYO-ICE,5,43.36
OI-0000860,ORD-100359,COMM-ARRAY-LR,6,7256.20
OI-0000861,ORD-100360,EVA-SUIT-MK7,1,31232.14
OI-0000862,ORD-100360,AIR-SCRUB-X,6,1867.73
OI-0000863,ORD-100360,ZERO-G-BED,2,2274.45
OI-0000864,ORD-100361,EVA-SUIT-MK7,6,30931.30
OI-0000865,ORD-100361,THERMO-REG-3000,8,1640.60
OI-0000866,ORD-100362,ION-DRIVE-MK3,3,46736.43
OI-0000867,ORD-100362,ION-DRIVE-MK3,4,42253.62
OI-0000868,ORD-100363,RAD-SHIELD-VEST,7,855.97
OI-0000869,ORD-100363,ION-DRIVE-MK3,8,50121.90
OI-0000870,ORD-100363,H2O-REC-PRO,6,3559.32
OI-0000871,ORD-100364,MULTI-SENSOR-PRO,5,4755.65
OI-0000872,ORD-100364,SOLAR-LIGHT-LED,2,187.17
OI-0000873,ORD-100364,EMERG-KIT-DELUXE,5,671.99
OI-0000874,ORD-100365,RAD-SHIELD-VEST,5,876.35
OI-0000875,ORD-100365,ZERO-G-BALL-SET,6,127.16
OI-0000876,ORD-100366,RATION-PACK-30,7,481.52
OI-0000877,ORD-100366,LASER-DRILL-IND,6,32769.15
OI-0000878,ORD-100367,LASER-DRILL-IND,8,36133.15
OI-0000879,ORD-100367,COMM-ARRAY-LR,6,6915.19
OI-0000880,ORD-100368,THERMO-REG-3000,7,1590.19
OI-0000881,ORD-100369,RATION-PACK-30,5,455.03
OI-0000882,ORD-100369,NAV-COMP-ELITE,8,8304.10
OI-0000883,ORD-100369,ZERO-G-BALL-SET,3,118.15
OI-0000884,ORD-100370,SELDON-CRYO-ICE,5,44.32
OI-0000885,ORD-100370,ZERO-G-BALL-SET,1,131.60
OI-0000886,ORD-100370,H2O-REC-PRO,3,3261.87
OI-0000887,ORD-100371,RAD-SHIELD-VEST,7,874.67
OI-0000888,ORD-100371,EMERG-KIT-DELUXE,7,712.89
OI-0000889,ORD-100371,THERMO-REG-3000,3,1544.43
OI-0000890,ORD-100372,H2O-REC-PRO,1,3084.16
OI-0000891,ORD-100373,OXY-GEN-5000,5,2546.11
OI-0000892,ORD-100373,SOLAR-LIGHT-LED,2,167.04
OI-0000893,ORD-100373,ZERO-G-BALL-SET,1,115.41
OI-0000894,ORD-100374,EMERG-KIT-DELUXE,7,647.34
OI-0000895,ORD-100374,NAV-COMP-ELITE,5,8388.63
OI-0000896,ORD-100375,NAV-COMP-ELITE,4,9111.59
OI-0000897,ORD-100375,QUANTUM-PROC-Q5,4,13167.97
OI-0000898,ORD-100375,QUANTUM-PROC-Q5,6,12153.07
OI-0000899,ORD-100376,THERMO-REG-3000,6,1517.37
OI-0000900,ORD-100376,THERMO-REG-3000,3,1656.25
OI-0000901,ORD-100376,RAD-SHIELD-VEST,5,917.15
OI-0000902,ORD-100376,HULL-PLATE-TI,2,1251.93
OI-0000903,ORD-100376,OXY-GEN-5000,1,2609.64
OI-0000904,ORD-100377,SELDON-CRYO-ICE,1,44.08
OI-0000905,ORD-100378,ZERO-G-BALL-SET,5,116.88
OI-0000906,ORD-100378,ZERO-G-BALL-SET,8,111.92
OI-0000907,ORD-100379,SOLAR-LIGHT-LED,3,200.62
OI-0000908,ORD-100379,ZERO-G-BALL-SET,1,126.16
OI-0000909,ORD-100379,COMM-ARRAY-LR,5,7233.66
OI-0000910,ORD-100379,NAV-COMP-ELITE,5,7861.50
OI-0000911,ORD-100380,RAD-SHIELD-VEST,3,845.46
OI-0000912,ORD-100380,ZERO-G-BED,3,2165.11
OI-0000913,ORD-100381,HYDRO-KIT-START,6,353.58
OI-0000914,ORD-100381,SELDON-CRYO-ICE,8,45.46
OI-0000915,ORD-100381,VR-ENTERTAIN-SYS,3,1043.05
OI-0000916,ORD-100382,VR-ENTERTAIN-SYS,1,972.72
OI-0000917,ORD-100382,ZERO-G-BALL-SET,1,116.51
OI-0000918,ORD-100382,VR-ENTERTAIN-SYS,3,1014.55
OI-0000919,ORD-100382,MULTI-SENSOR-PRO,8,4245.23
OI-0000920,ORD-100382,ZERO-G-BED,7,2254.17
OI-0000921,ORD-100383,RATION-PACK-30,8,426.99
OI-0000922,ORD-100383,AIR-SCRUB-X,5,1743.06
OI-0000923,ORD-100384,OXY-GEN-5000,5,2360.54
OI-0000924,ORD-100385,ZERO-G-BED,7,2028.65
OI-0000925,ORD-100385,LASER-DRILL-IND,5,34602.19
OI-0000926,ORD-100386,COMM-ARRAY-LR,8,7427.20
OI-0000927,ORD-100386,THERMO-REG-3000,2,1506.81
OI-0000928,ORD-100387,EVA-SUIT-MK7,7,29954.69
OI-0000929,ORD-100387,HULL-PLATE-TI,8,1112.24
OI-0000930,ORD-100387,QUANTUM-PROC-Q5,8,11559.73
OI-0000931,ORD-100387,SOLAR-LIGHT-LED,2,165.97
OI-0000932,ORD-100388,EMERG-KIT-DELUXE,8,649.25
OI-0000933,ORD-100389,H2O-REC-PRO,5,3060.91
OI-0000934,ORD-100389,MULTI-SENSOR-PRO,8,4345.86
OI-0000935,ORD-100389,EVA-SUIT-MK7,2,26328.61
OI-0000936,ORD-100390,SOLAR-LIGHT-LED,7,168.01
OI-0000937,ORD-100391,ZERO-G-BED,5,2234.27
OI-0000938,ORD-100391,ION-DRIVE-MK3,7,42442.65
OI-0000939,ORD-100391,H2O-REC-PRO,4,3073.57
OI-0000940,ORD-100391,QUANTUM-PROC-Q5,3,12831.94
OI-0000941,ORD-100391,THERMO-REG-3000,1,1491.56
OI-0000942,ORD-100392,ION-DRIVE-MK3,7,46377.29
OI-0000943,ORD-100393,ZERO-G-BED,4,2388.31
OI-0000944,ORD-100393,SOLAR-LIGHT-LED,1,192.69
OI-0000945,ORD-100393,H2O-REC-PRO,6,3443.60
OI-0000946,ORD-100393,OXY-GEN-5000,4,2635.83
OI-0000947,ORD-100394,EMERG-KIT-DELUXE,5,693.21
OI-0000948,ORD-100395,VR-ENTERTAIN-SYS,6,1048.67
OI-0000949,ORD-100395,RAD-SHIELD-VEST,8,847.64
OI-0000950,ORD-100396,LASER-DRILL-IND,4,34391.36
OI-0000951,ORD-100396,MULTI-SENSOR-PRO,4,4649.41
OI-0000952,ORD-100396,ZERO-G-BED,5,2108.41
OI-0000953,ORD-100396,MULTI-SENSOR-PRO,7,4390.67
OI-0000954,ORD-100397,ION-DRIVE-MK3,2,47921.33
OI-0000955,ORD-100397,QUANTUM-PROC-Q5,4,11533.76
OI-0000956,ORD-100397,SELDON-CRYO-ICE,6,43.05
OI-0000957,ORD-100398,THERMO-REG-3000,1,1399.96
OI-0000958,ORD-100398,COMM-ARRAY-LR,8,6874.47
OI-0000959,ORD-100398,VR-ENTERTAIN-SYS,5,971.11
OI-0000960,ORD-100398,SOLAR-LIGHT-LED,4,175.17
OI-0000961,ORD-100399,RATION-PACK-30,6,482.41
OI-0000962,ORD-100400,RATION-PACK-30,6,501.92
OI-0000963,ORD-100401,VR-ENTERTAIN-SYS,6,1033.75
OI-0000964,ORD-100401,HYDRO-KIT-START,1,329.84
OI-0000965,ORD-100401,MULTI-SENSOR-PRO,4,4294.66
OI-0000966,ORD-100402,HULL-PLATE-TI,8,1250.31
OI-0000967,ORD-100402,ION-DRIVE-MK3,4,43915.24
OI-0000968,ORD-100403,HULL-PLATE-TI,2,1307.35
OI-0000969,ORD-100403,SOLAR-LIGHT-LED,8,181.53
OI-0000970,ORD-100404,EVA-SUIT-MK7,4,27848.58
OI-0000971,ORD-100404,AIR-SCRUB-X,7,1716.62
OI-0000972,ORD-100405,THERMO-REG-3000,8,1668.20
OI-0000973,ORD-100405,ZERO-G-BALL-SET,4,125.89
OI-0000974,ORD-100405,AIR-SCRUB-X,8,1912.71
OI-0000975,ORD-100405,OXY-GEN-5000,7,2585.83
OI-0000976,ORD-100406,ION-DRIVE-MK3,3,43372.23
OI-0000977,ORD-100407,H2O-REC-PRO,5,2994.72
OI-0000978,ORD-100407,COMM-ARRAY-LR,8,6458.68
OI-0000979,ORD-100407,HYDRO-KIT-START,7,312.22
OI-0000980,ORD-100408,HULL-PLATE-TI,1,1297.85
OI-0000981,ORD-100408,NAV-COMP-ELITE,2,7934.55
OI-0000982,ORD-100408,RATION-PACK-30,5,487.56
OI-0000983,ORD-100408,ION-DRIVE-MK3,2,48411.53
OI-0000984,ORD-100409,THERMO-REG-3000,3,1430.10
OI-0000985,ORD-100409,RAD-SHIELD-VEST,3,925.91
OI-0000986,ORD-100409,HULL-PLATE-TI,6,1241.73
OI-0000987,ORD-100409,COMM-ARRAY-LR,8,6590.27
OI-0000988,ORD-100410,VR-ENTERTAIN-SYS,7,1042.87
OI-0000989,ORD-100410,EVA-SUIT-MK7,6,30163.75
OI-0000990,ORD-100411,RATION-PACK-30,7,448.43
OI-0000991,ORD-100411,QUANTUM-PROC-Q5,6,11097.30
OI-0000992,ORD-100411,RAD-SHIELD-VEST,4,909.55
OI-0000993,ORD-100411,NAV-COMP-ELITE,7,9137.62
OI-0000994,ORD-100412,HULL-PLATE-TI,8,1164.70
OI-0000995,ORD-100413,SELDON-CRYO-ICE,7,42.10
OI-0000996,ORD-100413,QUANTUM-PROC-Q5,6,13010.63
OI-0000997,ORD-100413,VR-ENTERTAIN-SYS,8,881.70
OI-0000998,ORD-100413,RAD-SHIELD-VEST,2,841.92
OI-0000999,ORD-100414,EVA-SUIT-MK7,6,29241.93
OI-0001000,ORD-100414,QUANTUM-PROC-Q5,6,11162.20
OI-0001001,ORD-100414,EMERG-KIT-DELUXE,2,745.76
OI-0001002,ORD-100415,AIR-SCRUB-X,3,1991.86
OI-0001003,ORD-100415,THERMO-REG-3000,6,1578.18
OI-0001004,ORD-100416,ZERO-G-BALL-SET,4,120.42
OI-0001005,ORD-100417,RAD-SHIELD-VEST,2,819.25
OI-0001006,ORD-100418,ZERO-G-BED,8,2444.49
OI-0001007,ORD-100418,COMM-ARRAY-LR,6,7114.87
OI-0001008,ORD-100419,H2O-REC-PRO,5,3457.07
OI-0001009,ORD-100419,COMM-ARRAY-LR,2,7376.73
OI-0001010,ORD-100419,VR-ENTERTAIN-SYS,4,1034.45
OI-0001011,ORD-100419,HULL-PLATE-TI,4,1215.44
OI-0001012,ORD-100419,HYDRO-KIT-START,2,339.03
OI-0001013,ORD-100420,HYDRO-KIT-START,7,324.68
OI-0001014,ORD-100420,OXY-GEN-5000,6,2768.80
OI-0001015,ORD-100420,RATION-PACK-30,5,435.21
OI-0001016,ORD-100420,RAD-SHIELD-VEST,7,882.03
OI-0001017,ORD-100421,SOLAR-LIGHT-LED,8,197.88
OI-0001018,ORD-100422,ZERO-G-BED,2,2041.79
OI-0001019,ORD-100422,QUANTUM-PROC-Q5,6,11279.93
OI-0001020,ORD-100422,ZERO-G-BALL-SET,2,134.12
OI-0001021,ORD-100423,AIR-SCRUB-X,8,1874.22
OI-0001022,ORD-100423,COMM-ARRAY-LR,3,7131.11
OI-0001023,ORD-100424,THERMO-REG-3000,7,1622.09
OI-0001024,ORD-100424,HULL-PLATE-TI,5,1263.90
OI-0001025,ORD-100424,NAV-COMP-ELITE,4,8604.19
OI-0001026,ORD-100425,AIR-SCRUB-X,5,1933.33
OI-0001027,ORD-100426,H2O-REC-PRO,1,3482.32
OI-0001028,ORD-100426,COMM-ARRAY-LR,7,6509.72
OI-0001029,ORD-100427,SOLAR-LIGHT-LED,6,200.09
OI-0001030,ORD-100427,ZERO-G-BALL-SET,3,110.58
OI-0001031,ORD-100427,ION-DRIVE-MK3,5,45142.21
OI-0001032,ORD-100427,RAD-SHIELD-VEST,6,807.19
OI-0001033,ORD-100427,HYDRO-KIT-START,4,327.22
OI-0001034,ORD-100428,LASER-DRILL-IND,6,34560.26
OI-0001035,ORD-100428,RATION-PACK-30,8,483.44
OI-0001036,ORD-100428,EMERG-KIT-DELUXE,4,654.30
OI-0001037,ORD-100429,LASER-DRILL-IND,4,35244.56
OI-0001038,ORD-100429,H2O-REC-PRO,8,3561.05
OI-0001039,ORD-100429,ZERO-G-BALL-SET,5,123.33
OI-0001040,ORD-100429,EVA-SUIT-MK7,1,27353.12
OI-0001041,ORD-100429,OXY-GEN-5000,7,2594.66
OI-0001042,ORD-100430,OXY-GEN-5000,4,2320.27
OI-0001043,ORD-100430,EVA-SUIT-MK7,4,27983.09
OI-0001044,ORD-100431,HULL-PLATE-TI,7,1238.58
OI-0001045,ORD-100432,QUANTUM-PROC-Q5,5,12037.38
OI-0001046,ORD-100433,OXY-GEN-5000,4,2332.99
OI-0001047,ORD-100433,COMM-ARRAY-LR,3,6410.18
OI-0001048,ORD-100433,EVA-SUIT-MK7,6,26440.06
OI-0001049,ORD-100433,VR-ENTERTAIN-SYS,8,971.05
OI-0001050,ORD-100434,NAV-COMP-ELITE,5,9053.04
OI-0001051,ORD-100434,LASER-DRILL-IND,2,39144.86
OI-0001052,ORD-100435,ION-DRIVE-MK3,4,46989.68
OI-0001053,ORD-100435,RAD-SHIELD-VEST,2,947.94
OI-0001054,ORD-100436,ZERO-G-BED,6,2206.83
OI-0001055,ORD-100437,MULTI-SENSOR-PRO,2,4702.45
OI-0001056,ORD-100437,H2O-REC-PRO,6,3101.46
OI-0001057,ORD-100437,VR-ENTERTAIN-SYS,7,929.76
OI-0001058,ORD-100437,RATION-PACK-30,1,498.51
OI-0001059,ORD-100437,HYDRO-KIT-START,5,346.60
OI-0001060,ORD-100438,SOLAR-LIGHT-LED,1,166.54
OI-0001061,ORD-100438,QUANTUM-PROC-Q5,6,11483.46
OI-0001062,ORD-100438,AIR-SCRUB-X,3,1991.31
OI-0001063,ORD-100439,VR-ENTERTAIN-SYS,2,1028.20
OI-0001064,ORD-100439,VR-ENTERTAIN-SYS,5,1046.20
OI-0001065,ORD-100439,QUANTUM-PROC-Q5,2,13188.78
OI-0001066,ORD-100439,H2O-REC-PRO,5,3532.06
OI-0001067,ORD-100440,RATION-PACK-30,5,428.29
OI-0001068,ORD-100440,VR-ENTERTAIN-SYS,4,889.58
OI-0001069,ORD-100441,ZERO-G-BALL-SET,4,122.22
OI-0001070,ORD-100441,HULL-PLATE-TI,1,1207.13
OI-0001071,ORD-100441,LASER-DRILL-IND,7,33547.30
OI-0001072,ORD-100441,EMERG-KIT-DELUXE,5,672.42
OI-0001073,ORD-100442,SOLAR-LIGHT-LED,5,188.94
OI-0001074,ORD-100443,HULL-PLATE-TI,3,1274.66
OI-0001075,ORD-100443,HULL-PLATE-TI,4,1282.77
OI-0001076,ORD-100443,AIR-SCRUB-X,7,1703.87
OI-0001077,ORD-100443,NAV-COMP-ELITE,5,9450.98
OI-0001078,ORD-100443,ZERO-G-BALL-SET,1,126.04
OI-0001079,ORD-100444,COMM-ARRAY-LR,8,7157.84
OI-0001080,ORD-100444,SELDON-CRYO-ICE,3,43.26
OI-0001081,ORD-100444,ZERO-G-BED,4,2406.78
OI-0001082,ORD-100445,HYDRO-KIT-START,5,312.28
OI-0001083,ORD-100445,SOLAR-LIGHT-LED,1,182.64
OI-0001084,ORD-100445,EMERG-KIT-DELUXE,2,705.36
OI-0001085,ORD-100445,ZERO-G-BED,5,2307.47
OI-0001086,ORD-100446,EMERG-KIT-DELUXE,3,640.54
OI-0001087,ORD-100446,ZERO-G-BED,5,2327.56
OI-0001088,ORD-100446,COMM-ARRAY-LR,5,7271.11
OI-0001089,ORD-100446,OXY-GEN-5000,2,2583.58
OI-0001090,ORD-100446,RATION-PACK-30,4,494.89
OI-0001091,ORD-100447,QUANTUM-PROC-Q5,7,11642.80
OI-0001092,ORD-100448,ZERO-G-BED,8,2357.93
OI-0001093,ORD-100448,VR-ENTERTAIN-SYS,6,967.70
OI-0001094,ORD-100448,SOLAR-LIGHT-LED,1,190.43
OI-0001095,ORD-100448,RATION-PACK-30,3,434.82
OI-0001096,ORD-100449,COMM-ARRAY-LR,8,7470.62
OI-0001097,ORD-100449,AIR-SCRUB-X,6,1988.48
OI-0001098,ORD-100450,RAD-SHIELD-VEST,5,873.98
OI-0001099,ORD-100451,ZERO-G-BED,8,2268.77
OI-0001100,ORD-100451,ION-DRIVE-MK3,1,48050.11
OI-0001101,ORD-100452,EVA-SUIT-MK7,1,29465.30
OI-0001102,ORD-100453,ION-DRIVE-MK3,8,44802.78
OI-0001103,ORD-100453,ION-DRIVE-MK3,6,41716.17
OI-0001104,ORD-100453,ION-DRIVE-MK3,7,42376.72
OI-0001105,ORD-100453,ION-DRIVE-MK3,4,42058.92
OI-0001106,ORD-100454,ZERO-G-BALL-SET,4,133.29
OI-0001107,ORD-100454,SOLAR-LIGHT-LED,3,187.59
OI-0001108,ORD-100455,AIR-SCRUB-X,2,1942.78
OI-0001109,ORD-100455,HYDRO-KIT-START,1,309.10
OI-0001110,ORD-100456,AIR-SCRUB-X,4,1850.04
OI-0001111,ORD-100456,AIR-SCRUB-X,6,1845.03
OI-0001112,ORD-100457,EMERG-KIT-DELUXE,3,710.58
OI-0001113,ORD-100457,AIR-SCRUB-X,7,1915.53
OI-0001114,ORD-100457,VR-ENTERTAIN-SYS,2,1014.17
OI-0001115,ORD-100458,ZERO-G-BALL-SET,2,112.38
OI-0001116,ORD-100458,NAV-COMP-ELITE,8,9440.25
OI-0001117,ORD-100458,RATION-PACK-30,8,484.53
OI-0001118,ORD-100458,VR-ENTERTAIN-SYS,6,884.88
OI-0001119,ORD-100459,ZERO-G-BALL-SET,8,117.29
OI-0001120,ORD-100459,EMERG-KIT-DELUXE,2,646.08
OI-0001121,ORD-100459,QUANTUM-PROC-Q5,1,11793.87
OI-0001122,ORD-100460,THERMO-REG-3000,6,1571.00
OI-0001123,ORD-100460,AIR-SCRUB-X,6,1916.60
OI-0001124,ORD-100460,COMM-ARRAY-LR,3,6807.05
OI-0001125,ORD-100460,ZERO-G-BALL-SET,2,116.06
OI-0001126,ORD-100461,ZERO-G-BALL-SET,7,127.91
OI-0001127,ORD-100461,VR-ENTERTAIN-SYS,1,992.75
OI-0001128,ORD-100461,H2O-REC-PRO,7,3077.07
OI-0001129,ORD-100461,SOLAR-LIGHT-LED,8,187.85
OI-0001130,ORD-100462,COMM-ARRAY-LR,5,7564.53
OI-0001131,ORD-100462,SELDON-CRYO-ICE,3,46.33
OI-0001132,ORD-100462,RAD-SHIELD-VEST,8,931.68
OI-0001133,ORD-100463,EMERG-KIT-DELUXE,5,681.04
OI-0001134,ORD-100463,ION-DRIVE-MK3,1,43584.45
OI-0001135,ORD-100463,SOLAR-LIGHT-LED,3,178.86
OI-0001136,ORD-100464,QUANTUM-PROC-Q5,1,11487.81
OI-0001137,ORD-100464,HULL-PLATE-TI,6,1185.58
OI-0001138,ORD-100464,ION-DRIVE-MK3,5,43125.05
OI-0001139,ORD-100465,VR-ENTERTAIN-SYS,3,1031.78
OI-0001140,ORD-100465,COMM-ARRAY-LR,6,7242.67
OI-0001141,ORD-100466,ZERO-G-BED,4,2388.55
OI-0001142,ORD-100466,COMM-ARRAY-LR,6,7457.53
OI-0001143,ORD-100466,RATION-PACK-30,7,479.56
OI-0001144,ORD-100467,SELDON-CRYO-ICE,4,45.83
OI-0001145,ORD-100467,HYDRO-KIT-START,7,335.62
OI-0001146,ORD-100467,HULL-PLATE-TI,1,1315.77
OI-0001147,ORD-100468,OXY-GEN-5000,2,2467.29
OI-0001148,ORD-100468,SOLAR-LIGHT-LED,2,185.39
OI-0001149,ORD-100468,LASER-DRILL-IND,1,33910.70
OI-0001150,ORD-100468,THERMO-REG-3000,6,1521.68
OI-0001151,ORD-100469,OXY-GEN-5000,4,2495.88
OI-0001152,ORD-100469,LASER-DRILL-IND,6,33137.48
OI-0001153,ORD-100470,RATION-PACK-30,5,434.33
OI-0001154,ORD-100470,THERMO-REG-3000,8,1482.89
OI-0001155,ORD-100471,AIR-SCRUB-X,5,1992.16
OI-0001156,ORD-100471,QUANTUM-PROC-Q5,3,12287.23
OI-0001157,ORD-100472,OXY-GEN-5000,1,2771.92
OI-0001158,ORD-100472,H2O-REC-PRO,4,3175.25
OI-0001159,ORD-100473,NAV-COMP-ELITE,2,9439.74
OI-0001160,ORD-100473,NAV-COMP-ELITE,5,9345.74
OI-0001161,ORD-100474,HYDRO-KIT-START,4,357.37
OI-0001162,ORD-100474,COMM-ARRAY-LR,5,7275.54
OI-0001163,ORD-100475,LASER-DRILL-IND,2,32573.80
OI-0001164,ORD-100475,ZERO-G-BED,8,2328.09
OI-0001165,ORD-100475,OXY-GEN-5000,1,2553.70
OI-0001166,ORD-100476,EVA-SUIT-MK7,5,29024.23
OI-0001167,ORD-100476,ION-DRIVE-MK3,7,48205.97
OI-0001168,ORD-100476,ZERO-G-BALL-SET,7,128.80
OI-0001169,ORD-100477,ZERO-G-BALL-SET,4,113.93
OI-0001170,ORD-100477,ZERO-G-BALL-SET,2,117.47
OI-0001171,ORD-100477,EMERG-KIT-DELUXE,5,703.05
OI-0001172,ORD-100478,VR-ENTERTAIN-SYS,8,903.45
OI-0001173,ORD-100478,SELDON-CRYO-ICE,2,45.51
OI-0001174,ORD-100478,SOLAR-LIGHT-LED,1,188.71
OI-0001175,ORD-100479,LASER-DRILL-IND,6,36751.33
OI-0001176,ORD-100479,EMERG-KIT-DELUXE,3,714.99
OI-0001177,ORD-100479,VR-ENTERTAIN-SYS,1,1032.83
OI-0001178,ORD-100480,SOLAR-LIGHT-LED,5,168.97
OI-0001179,ORD-100480,VR-ENTERTAIN-SYS,7,982.85
OI-0001180,ORD-100480,ZERO-G-BED,7,2301.36
OI-0001181,ORD-100481,HYDRO-KIT-START,4,332.01
OI-0001182,ORD-100481,QUANTUM-PROC-Q5,5,12542.50
OI-0001183,ORD-100482,NAV-COMP-ELITE,2,7958.06
OI-0001184,ORD-100482,NAV-COMP-ELITE,6,9220.05
OI-0001185,ORD-100483,LASER-DRILL-IND,2,38204.86
OI-0001186,ORD-100483,MULTI-SENSOR-PRO,1,4547.82
OI-0001187,ORD-100484,QUANTUM-PROC-Q5,7,11429.55
OI-0001188,ORD-100484,EVA-SUIT-MK7,3,29825.72
OI-0001189,ORD-100485,RAD-SHIELD-VEST,8,938.88
OI-0001190,ORD-100485,H2O-REC-PRO,3,3305.87
OI-0001191,ORD-100485,LASER-DRILL-IND,2,37583.79
OI-0001192,ORD-100486,HULL-PLATE-TI,2,1328.94
OI-0001193,ORD-100487,AIR-SCRUB-X,8,1659.83
OI-0001194,ORD-100487,ION-DRIVE-MK3,2,42107.35
OI-0001195,ORD-100488,VR-ENTERTAIN-SYS,5,932.35
OI-0001196,ORD-100488,ZERO-G-BALL-SET,1,127.82
OI-0001197,ORD-100489,COMM-ARRAY-LR,2,6797.77
OI-0001198,ORD-100490,ION-DRIVE-MK3,2,49303.63
OI-0001199,ORD-100491,HULL-PLATE-TI,4,1314.39
OI-0001200,ORD-100491,EMERG-KIT-DELUXE,3,699.52
OI-0001201,ORD-100492,H2O-REC-PRO,7,3494.98
OI-0001202,ORD-100492,RAD-SHIELD-VEST,4,935.05
OI-0001203,ORD-100493,THERMO-REG-3000,6,1384.45
OI-0001204,ORD-100494,LASER-DRILL-IND,1,36102.68
OI-0001205,ORD-100494,VR-ENTERTAIN-SYS,5,918.69
OI-0001206,ORD-100494,LASER-DRILL-IND,5,37683.45
OI-0001207,ORD-100494,OXY-GEN-5000,3,2363.44
OI-0001208,ORD-100494,H2O-REC-PRO,6,3454.97
OI-0001209,ORD-100495,EMERG-KIT-DELUXE,5,713.78
OI-0001210,ORD-100495,QUANTUM-PROC-Q5,6,13070.73
OI-0001211,ORD-100495,LASER-DRILL-IND,2,36730.90
OI-0001212,ORD-100496,SELDON-CRYO-ICE,8,42.22
OI-0001213,ORD-100496,ION-DRIVE-MK3,4,49456.76
OI-0001214,ORD-100496,THERMO-REG-3000,8,1497.15
OI-0001215,ORD-100496,NAV-COMP-ELITE,3,7864.57
OI-0001216,ORD-100497,RAD-SHIELD-VEST,3,924.30
OI-0001217,ORD-100497,HYDRO-KIT-START,6,327.43
OI-0001218,ORD-100498,ZERO-G-BED,7,2191.61
OI-0001219,ORD-100498,LASER-DRILL-IND,6,36999.29
OI-0001220,ORD-100498,ZERO-G-BALL-SET,1,111.14
OI-0001221,ORD-100499,LASER-DRILL-IND,5,33499.82
OI-0001222,ORD-100499,HULL-PLATE-TI,3,1268.05
OI-0001223,ORD-100500,MULTI-SENSOR-PRO,8,4300.11
OI-0001224,ORD-100501,VR-ENTERTAIN-SYS,7,944.15
OI-0001225,ORD-100501,OXY-GEN-5000,8,2559.47
OI-0001226,ORD-100502,RATION-PACK-30,2,497.37
OI-0001227,ORD-100502,RATION-PACK-30,8,467.91
OI-0001228,ORD-100502,ION-DRIVE-MK3,1,43192.33
OI-0001229,ORD-100503,MULTI-SENSOR-PRO,4,4236.50
OI-0001230,ORD-100504,HULL-PLATE-TI,7,1211.36
OI-0001231,ORD-100504,MULTI-SENSOR-PRO,1,4154.45
OI-0001232,ORD-100505,VR-ENTERTAIN-SYS,1,988.96
OI-0001233,ORD-100505,HYDRO-KIT-START,8,294.83
OI-0001234,ORD-100506,HYDRO-KIT-START,6,330.07
OI-0001235,ORD-100507,VR-ENTERTAIN-SYS,6,1013.25
OI-0001236,ORD-100507,SOLAR-LIGHT-LED,6,194.28
OI-0001237,ORD-100507,MULTI-SENSOR-PRO,5,4300.00
OI-0001238,ORD-100508,HULL-PLATE-TI,2,1334.03
OI-0001239,ORD-100508,HYDRO-KIT-START,2,345.56
OI-0001240,ORD-100508,MULTI-SENSOR-PRO,2,4327.51
OI-0001241,ORD-100509,RAD-SHIELD-VEST,3,866.93
OI-0001242,ORD-100509,HULL-PLATE-TI,7,1211.76
OI-0001243,ORD-100509,SELDON-CRYO-ICE,8,47.87
OI-0001244,ORD-100510,RATION-PACK-30,3,431.14
OI-0001245,ORD-100510,AIR-SCRUB-X,3,1728.07
OI-0001246,ORD-100510,HYDRO-KIT-START,1,334.52
OI-0001247,ORD-100510,LASER-DRILL-IND,2,32612.89
OI-0001248,ORD-100511,AIR-SCRUB-X,8,1719.70
OI-0001249,ORD-100511,ION-DRIVE-MK3,6,45720.72
OI-0001250,ORD-100512,EVA-SUIT-MK7,7,30798.05
OI-0001251,ORD-100512,VR-ENTERTAIN-SYS,4,1012.62
OI-0001252,ORD-100513,ION-DRIVE-MK3,1,44332.40
OI-0001253,ORD-100513,ION-DRIVE-MK3,3,46589.83
OI-0001254,ORD-100513,ZERO-G-BALL-SET,4,128.18
OI-0001255,ORD-100514,ZERO-G-BALL-SET,4,118.08
OI-0001256,ORD-100514,QUANTUM-PROC-Q5,5,12042.90
OI-0001257,ORD-100514,RAD-SHIELD-VEST,8,907.31
OI-0001258,ORD-100514,RAD-SHIELD-VEST,4,809.47
OI-0001259,ORD-100514,THERMO-REG-3000,5,1454.14
OI-0001260,ORD-100515,ION-DRIVE-MK3,3,45361.28
OI-0001261,ORD-100515,ION-DRIVE-MK3,1,44379.99
OI-0001262,ORD-100516,RATION-PACK-30,3,485.39
OI-0001263,ORD-100516,THERMO-REG-3000,1,1544.39
OI-0001264,ORD-100516,ION-DRIVE-MK3,1,49350.34
OI-0001265,ORD-100517,ZERO-G-BED,6,2105.25
OI-0001266,ORD-100517,SELDON-CRYO-ICE,7,49.72
OI-0001267,ORD-100517,H2O-REC-PRO,4,2955.10
OI-0001268,ORD-100518,AIR-SCRUB-X,1,1936.42
OI-0001269,ORD-100518,SELDON-CRYO-ICE,3,48.41
OI-0001270,ORD-100518,ZERO-G-BALL-SET,6,126.34
OI-0001271,ORD-100518,AIR-SCRUB-X,5,1727.58
OI-0001272,ORD-100519,H2O-REC-PRO,3,3412.32
OI-0001273,ORD-100520,ION-DRIVE-MK3,1,42488.61
OI-0001274,ORD-100521,HULL-PLATE-TI,4,1326.12
OI-0001275,ORD-100521,NAV-COMP-ELITE,1,8319.14
OI-0001276,ORD-100522,AIR-SCRUB-X,5,1664.18
OI-0001277,ORD-100523,ZERO-G-BALL-SET,4,127.22
OI-0001278,ORD-100524,OXY-GEN-5000,2,2414.43
OI-0001279,ORD-100524,EVA-SUIT-MK7,2,26554.52
OI-0001280,ORD-100525,HYDRO-KIT-START,4,348.57
OI-0001281,ORD-100525,COMM-ARRAY-LR,2,7463.82
OI-0001282,ORD-100525,HYDRO-KIT-START,1,303.41
OI-0001283,ORD-100526,AIR-SCRUB-X,7,1809.43
OI-0001284,ORD-100526,ZERO-G-BALL-SET,1,120.30
OI-0001285,ORD-100526,HYDRO-KIT-START,3,349.44
OI-0001286,ORD-100527,THERMO-REG-3000,8,1549.33
OI-0001287,ORD-100527,SELDON-CRYO-ICE,8,44.72
OI-0001288,ORD-100527,QUANTUM-PROC-Q5,2,11930.13
OI-0001289,ORD-100527,ZERO-G-BALL-SET,6,119.33
OI-0001290,ORD-100528,OXY-GEN-5000,2,2322.06
OI-0001291,ORD-100528,H2O-REC-PRO,2,3454.25
OI-0001292,ORD-100529,EMERG-KIT-DELUXE,2,736.08
OI-0001293,ORD-100529,ZERO-G-BED,8,2071.26
OI-0001294,ORD-100530,EVA-SUIT-MK7,4,27619.98
OI-0001295,ORD-100531,THERMO-REG-3000,3,1414.26
OI-0001296,ORD-100532,EVA-SUIT-MK7,7,29699.08
OI-0001297,ORD-100532,LASER-DRILL-IND,5,35673.22
OI-0001298,ORD-100532,NAV-COMP-ELITE,2,8774.14
OI-0001299,ORD-100533,RAD-SHIELD-VEST,1,787.45
OI-0001300,ORD-100533,COMM-ARRAY-LR,7,6820.13
OI-0001301,ORD-100533,RATION-PACK-30,5,500.86
OI-0001302,ORD-100533,SELDON-CRYO-ICE,1,48.20
OI-0001303,ORD-100534,ZERO-G-BALL-SET,5,124.18
OI-0001304,ORD-100535,THERMO-REG-3000,8,1571.66
OI-0001305,ORD-100535,SELDON-CRYO-ICE,2,43.19
OI-0001306,ORD-100536,ZERO-G-BALL-SET,5,116.36
OI-0001307,ORD-100536,ION-DRIVE-MK3,6,45332.04
OI-0001308,ORD-100537,HYDRO-KIT-START,1,308.12
OI-0001309,ORD-100537,H2O-REC-PRO,8,3468.68
OI-0001310,ORD-100537,VR-ENTERTAIN-SYS,3,894.08
OI-0001311,ORD-100537,SOLAR-LIGHT-LED,1,195.88
OI-0001312,ORD-100537,OXY-GEN-5000,5,2347.54
OI-0001313,ORD-100538,EVA-SUIT-MK7,1,29853.36
OI-0001314,ORD-100539,HULL-PLATE-TI,8,1337.40
OI-0001315,ORD-100539,ZERO-G-BED,8,2434.30
OI-0001316,ORD-100540,THERMO-REG-3000,2,1469.87
OI-0001317,ORD-100540,THERMO-REG-3000,2,1609.38
OI-0001318,ORD-100540,AIR-SCRUB-X,3,1839.92
OI-0001319,ORD-100540,RAD-SHIELD-VEST,5,916.55
OI-0001320,ORD-100541,RAD-SHIELD-VEST,1,827.41
OI-0001321,ORD-100541,ZERO-G-BALL-SET,6,115.90
OI-0001322,ORD-100542,HULL-PLATE-TI,6,1277.49
OI-0001323,ORD-100542,ZERO-G-BED,2,2366.77
OI-0001324,ORD-100543,LASER-DRILL-IND,7,32379.35
OI-0001325,ORD-100544,VR-ENTERTAIN-SYS,3,874.07
OI-0001326,ORD-100544,ZERO-G-BALL-SET,4,116.78
OI-0001327,ORD-100545,AIR-SCRUB-X,2,1763.96
OI-0001328,ORD-100545,NAV-COMP-ELITE,2,8817.05
OI-0001329,ORD-100545,HULL-PLATE-TI,6,1262.68
OI-0001330,ORD-100546,EMERG-KIT-DELUXE,2,680.08
OI-0001331,ORD-100546,OXY-GEN-5000,3,2480.16
OI-0001332,ORD-100547,NAV-COMP-ELITE,5,8285.12
OI-0001333,ORD-100547,ZERO-G-BALL-SET,7,120.05
OI-0001334,ORD-100547,AIR-SCRUB-X,8,1928.02
OI-0001335,ORD-100548,VR-ENTERTAIN-SYS,1,977.87
OI-0001336,ORD-100548,OXY-GEN-5000,7,2530.86
OI-0001337,ORD-100549,HULL-PLATE-TI,6,1253.41
OI-0001338,ORD-100549,THERMO-REG-3000,7,1664.16
OI-0001339,ORD-100549,VR-ENTERTAIN-SYS,7,991.13
OI-0001340,ORD-100549,VR-ENTERTAIN-SYS,4,1006.79
OI-0001341,ORD-100549,ZERO-G-BALL-SET,7,127.12
OI-0001342,ORD-100550,H2O-REC-PRO,2,3023.43
OI-0001343,ORD-100550,HYDRO-KIT-START,3,298.15
OI-0001344,ORD-100550,RAD-SHIELD-VEST,6,823.89
OI-0001345,ORD-100550,THERMO-REG-3000,1,1485.38
OI-0001346,ORD-100551,ZERO-G-BALL-SET,5,118.26
OI-0001347,ORD-100552,HYDRO-KIT-START,5,328.34
OI-0001348,ORD-100552,ZERO-G-BALL-SET,5,114.69
OI-0001349,ORD-100553,MULTI-SENSOR-PRO,7,4375.92
OI-0001350,ORD-100553,OXY-GEN-5000,5,2457.37
OI-0001351,ORD-100554,ZERO-G-BED,5,2375.53
OI-0001352,ORD-100555,SOLAR-LIGHT-LED,3,196.40
OI-0001353,ORD-100556,RATION-PACK-30,2,447.53
OI-0001354,ORD-100557,RAD-SHIELD-VEST,7,863.80
OI-0001355,ORD-100558,ION-DRIVE-MK3,7,42085.26
OI-0001356,ORD-100559,RAD-SHIELD-VEST,6,820.76
OI-0001357,ORD-100559,ZERO-G-BED,7,2405.22
OI-0001358,ORD-100559,VR-ENTERTAIN-SYS,1,961.63
OI-0001359,ORD-100560,COMM-ARRAY-LR,1,6298.75
OI-0001360,ORD-100560,SOLAR-LIGHT-LED,5,176.60
OI-0001361,ORD-100560,ZERO-G-BED,5,2310.97
OI-0001362,ORD-100561,EVA-SUIT-MK7,8,30806.55
OI-0001363,ORD-100561,THERMO-REG-3000,4,1452.87
OI-0001364,ORD-100561,QUANTUM-PROC-Q5,3,12214.28
OI-0001365,ORD-100561,OXY-GEN-5000,4,2733.80
OI-0001366,ORD-100561,VR-ENTERTAIN-SYS,7,1004.17
OI-0001367,ORD-100562,THERMO-REG-3000,4,1628.01
OI-0001368,ORD-100563,QUANTUM-PROC-Q5,1,11125.83
OI-0001369,ORD-100564,ZERO-G-BED,5,2139.23
OI-0001370,ORD-100565,MULTI-SENSOR-PRO,4,4719.28
OI-0001371,ORD-100565,RATION-PACK-30,3,462.30
OI-0001372,ORD-100565,EMERG-KIT-DELUXE,5,744.48
OI-0001373,ORD-100565,THERMO-REG-3000,7,1676.45
OI-0001374,ORD-100566,LASER-DRILL-IND,7,37173.31
OI-0001375,ORD-100566,ION-DRIVE-MK3,5,42589.81
OI-0001376,ORD-100566,NAV-COMP-ELITE,4,8827.07
OI-0001377,ORD-100566,ION-DRIVE-MK3,4,43544.40
OI-0001378,ORD-100567,RATION-PACK-30,1,487.46
OI-0001379,ORD-100568,VR-ENTERTAIN-SYS,8,1009.82
OI-0001380,ORD-100568,RATION-PACK-30,1,463.30
OI-0001381,ORD-100568,QUANTUM-PROC-Q5,4,11934.41
OI-0001382,ORD-100569,VR-ENTERTAIN-SYS,3,911.05
OI-0001383,ORD-100569,QUANTUM-PROC-Q5,7,13119.25
OI-0001384,ORD-100569,ZERO-G-BALL-SET,6,130.37
OI-0001385,ORD-100570,EVA-SUIT-MK7,2,27615.88
OI-0001386,ORD-100570,H2O-REC-PRO,7,3221.02
OI-0001387,ORD-100570,THERMO-REG-3000,7,1460.60
OI-0001388,ORD-100571,HULL-PLATE-TI,5,1104.38
OI-0001389,ORD-100571,EVA-SUIT-MK7,6,26323.20
OI-0001390,ORD-100571,LASER-DRILL-IND,5,37606.98
OI-0001391,ORD-100572,THERMO-REG-3000,3,1496.52
OI-0001392,ORD-100572,EVA-SUIT-MK7,1,28716.55
OI-0001393,ORD-100573,EVA-SUIT-MK7,7,25890.89
OI-0001394,ORD-100574,ION-DRIVE-MK3,7,41532.23
OI-0001395,ORD-100574,AIR-SCRUB-X,1,1929.98
OI-0001396,ORD-100575,THERMO-REG-3000,3,1615.22
OI-0001397,ORD-100575,RATION-PACK-30,3,439.23
OI-0001398,ORD-100576,MULTI-SENSOR-PRO,2,4544.35
OI-0001399,ORD-100576,COMM-ARRAY-LR,6,6618.31
OI-0001400,ORD-100576,HYDRO-KIT-START,2,347.09
OI-0001401,ORD-100576,ZERO-G-BED,5,2188.05
OI-0001402,ORD-100576,H2O-REC-PRO,6,3222.48
OI-0001403,ORD-100577,MULTI-SENSOR-PRO,7,4387.60
OI-0001404,ORD-100578,H2O-REC-PRO,2,3254.70
OI-0001405,ORD-100579,RAD-SHIELD-VEST,2,792.02
OI-0001406,ORD-100579,ZERO-G-BED,1,2064.25
OI-0001407,ORD-100580,H2O-REC-PRO,3,3071.75
OI-0001408,ORD-100580,H2O-REC-PRO,8,2989.36
OI-0001409,ORD-100580,SOLAR-LIGHT-LED,6,190.10
OI-0001410,ORD-100581,ZERO-G-BALL-SET,8,120.32
OI-0001411,ORD-100582,RAD-SHIELD-VEST,4,918.81
OI-0001412,ORD-100583,QUANTUM-PROC-Q5,4,13369.97
OI-0001413,ORD-100583,ZERO-G-BED,8,2136.65
OI-0001414,ORD-100584,VR-ENTERTAIN-SYS,4,1062.05
OI-0001415,ORD-100585,HULL-PLATE-TI,7,1325.07
OI-0001416,ORD-100585,SELDON-CRYO-ICE,5,45.05
OI-0001417,ORD-100586,ZERO-G-BALL-SET,3,127.90
OI-0001418,ORD-100587,EMERG-KIT-DELUXE,7,638.49
OI-0001419,ORD-100587,OXY-GEN-5000,3,2464.27
OI-0001420,ORD-100588,LASER-DRILL-IND,6,38635.64
OI-0001421,ORD-100588,MULTI-SENSOR-PRO,5,4768.77
OI-0001422,ORD-100589,H2O-REC-PRO,2,3148.48
OI-0001423,ORD-100589,MULTI-SENSOR-PRO,4,4916.54
OI-0001424,ORD-100589,ION-DRIVE-MK3,6,50099.51
OI-0001425,ORD-100590,EVA-SUIT-MK7,1,30972.20
OI-0001426,ORD-100590,ZERO-G-BALL-SET,6,125.85
OI-0001427,ORD-100590,HULL-PLATE-TI,2,1115.55
OI-0001428,ORD-100590,THERMO-REG-3000,5,1667.22
OI-0001429,ORD-100591,QUANTUM-PROC-Q5,2,11212.82
OI-0001430,ORD-100591,QUANTUM-PROC-Q5,2,13332.99
OI-0001431,ORD-100591,SELDON-CRYO-ICE,6,49.32
OI-0001432,ORD-100592,ZERO-G-BALL-SET,1,125.86
OI-0001433,ORD-100592,THERMO-REG-3000,7,1662.87
OI-0001434,ORD-100592,VR-ENTERTAIN-SYS,1,888.00
OI-0001435,ORD-100592,THERMO-REG-3000,8,1523.25
OI-0001436,ORD-100592,H2O-REC-PRO,4,3581.51
OI-0001437,ORD-100593,ION-DRIVE-MK3,6,44352.83
OI-0001438,ORD-100593,NAV-COMP-ELITE,3,8895.90
OI-0001439,ORD-100594,RATION-PACK-30,8,462.35
OI-0001440,ORD-100595,H2O-REC-PRO,1,3355.62
OI-0001441,ORD-100595,SOLAR-LIGHT-LED,1,178.42
OI-0001442,ORD-100595,OXY-GEN-5000,7,2555.22
OI-0001443,ORD-100596,VR-ENTERTAIN-SYS,8,935.42
OI-0001444,ORD-100596,ZERO-G-BALL-SET,3,112.51
OI-0001445,ORD-100597,AIR-SCRUB-X,5,1822.30
OI-0001446,ORD-100597,EVA-SUIT-MK7,1,29651.46
OI-0001447,ORD-100598,RATION-PACK-30,3,420.08
OI-0001448,ORD-100598,EMERG-KIT-DELUXE,2,696.63
OI-0001449,ORD-100598,RAD-SHIELD-VEST,1,898.69
OI-0001450,ORD-100598,ZERO-G-BALL-SET,2,120.81
OI-0001451,ORD-100598,RATION-PACK-30,7,433.03
OI-0001452,ORD-100599,H2O-REC-PRO,6,3530.99
OI-0001453,ORD-100599,RAD-SHIELD-VEST,4,793.42
OI-0001454,ORD-100600,OXY-GEN-5000,1,2388.82
OI-0001455,ORD-100600,NAV-COMP-ELITE,5,8732.31
OI-0001456,ORD-100601,RAD-SHIELD-VEST,5,893.32
OI-0001457,ORD-100602,ZERO-G-BALL-SET,4,127.23
OI-0001458,ORD-100602,HYDRO-KIT-START,1,302.57
OI-0001459,ORD-100602,SELDON-CRYO-ICE,4,50.21
OI-0001460,ORD-100602,COMM-ARRAY-LR,3,6553.86
OI-0001461,ORD-100602,HYDRO-KIT-START,3,340.28
OI-0001462,ORD-100603,HYDRO-KIT-START,2,321.15
OI-0001463,ORD-100603,H2O-REC-PRO,7,3106.22
OI-0001464,ORD-100603,NAV-COMP-ELITE,1,8979.71
OI-0001465,ORD-100603,H2O-REC-PRO,6,3401.76
OI-0001466,ORD-100604,AIR-SCRUB-X,8,1763.47
OI-0001467,ORD-100605,HULL-PLATE-TI,5,1120.05
OI-0001468,ORD-100606,SOLAR-LIGHT-LED,7,182.18
OI-0001469,ORD-100606,H2O-REC-PRO,7,3093.68
OI-0001470,ORD-100606,THERMO-REG-3000,3,1405.23
OI-0001471,ORD-100606,EMERG-KIT-DELUXE,7,674.84
OI-0001472,ORD-100607,NAV-COMP-ELITE,5,8847.92
OI-0001473,ORD-100607,NAV-COMP-ELITE,4,8784.84
OI-0001474,ORD-100608,HYDRO-KIT-START,6,354.61
OI-0001475,ORD-100608,VR-ENTERTAIN-SYS,6,924.65
OI-0001476,ORD-100608,HYDRO-KIT-START,2,337.87
OI-0001477,ORD-100609,RATION-PACK-30,7,427.28
OI-0001478,ORD-100609,HULL-PLATE-TI,5,1321.79
OI-0001479,ORD-100609,AIR-SCRUB-X,7,1750.92
OI-0001480,ORD-100610,ZERO-G-BED,1,2184.46
OI-0001481,ORD-100611,ZERO-G-BED,8,2202.49
OI-0001482,ORD-100612,SELDON-CRYO-ICE,6,49.92
OI-0001483,ORD-100612,ZERO-G-BED,4,2216.10
OI-0001484,ORD-100612,ZERO-G-BALL-SET,8,134.19
OI-0001485,ORD-100612,COMM-ARRAY-LR,7,6781.86
OI-0001486,ORD-100612,LASER-DRILL-IND,7,38935.93
OI-0001487,ORD-100613,QUANTUM-PROC-Q5,2,12995.44
OI-0001488,ORD-100613,ION-DRIVE-MK3,7,46763.50
OI-0001489,ORD-100613,MULTI-SENSOR-PRO,6,4658.14
OI-0001490,ORD-100613,THERMO-REG-3000,5,1633.27
OI-0001491,ORD-100614,COMM-ARRAY-LR,4,6593.02
OI-0001492,ORD-100615,RATION-PACK-30,1,416.70
OI-0001493,ORD-100615,SELDON-CRYO-ICE,2,45.86
OI-0001494,ORD-100616,COMM-ARRAY-LR,3,6844.81
OI-0001495,ORD-100616,EMERG-KIT-DELUXE,8,660.93
OI-0001496,ORD-100616,SELDON-CRYO-ICE,8,41.84
OI-0001497,ORD-100616,RAD-SHIELD-VEST,4,891.28
OI-0001498,ORD-100616,ION-DRIVE-MK3,1,47623.51
OI-0001499,ORD-100617,EVA-SUIT-MK7,1,26384.26
OI-0001500,ORD-100618,HYDRO-KIT-START,8,349.21
OI-0001501,ORD-100619,EMERG-KIT-DELUXE,2,692.84
OI-0001502,ORD-100619,ION-DRIVE-MK3,1,43186.14
OI-0001503,ORD-100619,NAV-COMP-ELITE,7,8878.14
OI-0001504,ORD-100620,ZERO-G-BED,4,2424.20
OI-0001505,ORD-100620,HYDRO-KIT-START,3,304.05
OI-0001506,ORD-100620,EVA-SUIT-MK7,4,29676.14
OI-0001507,ORD-100620,NAV-COMP-ELITE,3,7822.42
OI-0001508,ORD-100620,ZERO-G-BED,8,2328.12
OI-0001509,ORD-100621,THERMO-REG-3000,8,1616.37
OI-0001510,ORD-100621,RATION-PACK-30,3,488.68
OI-0001511,ORD-100622,AIR-SCRUB-X,8,1895.84
OI-0001512,ORD-100623,HYDRO-KIT-START,3,355.35
OI-0001513,ORD-100623,EMERG-KIT-DELUXE,1,711.92
OI-0001514,ORD-100623,LASER-DRILL-IND,5,33976.29
OI-0001515,ORD-100623,HYDRO-KIT-START,6,330.25
OI-0001516,ORD-100623,ZERO-G-BALL-SET,3,127.62
OI-0001517,ORD-100624,HULL-PLATE-TI,8,1311.48
OI-0001518,ORD-100624,HULL-PLATE-TI,2,1309.22
OI-0001519,ORD-100624,RATION-PACK-30,1,438.44
OI-0001520,ORD-100624,RAD-SHIELD-VEST,5,799.77
OI-0001521,ORD-100625,THERMO-REG-3000,3,1500.39
OI-0001522,ORD-100626,H2O-REC-PRO,6,3147.79
OI-0001523,ORD-100626,ZERO-G-BALL-SET,2,129.58
OI-0001524,ORD-100626,SELDON-CRYO-ICE,2,44.71
OI-0001525,ORD-100627,COMM-ARRAY-LR,1,7030.62
OI-0001526,ORD-100627,AIR-SCRUB-X,7,1869.27
OI-0001527,ORD-100628,SELDON-CRYO-ICE,8,42.26
OI-0001528,ORD-100629,AIR-SCRUB-X,3,1809.49
OI-0001529,ORD-100629,RAD-SHIELD-VEST,4,795.58
OI-0001530,ORD-100630,SELDON-CRYO-ICE,4,49.87
OI-0001531,ORD-100630,ZERO-G-BALL-SET,5,115.27
OI-0001532,ORD-100631,OXY-GEN-5000,6,2543.14
OI-0001533,ORD-100631,THERMO-REG-3000,5,1677.96
OI-0001534,ORD-100632,EVA-SUIT-MK7,7,27474.55
OI-0001535,ORD-100632,VR-ENTERTAIN-SYS,7,968.32
OI-0001536,ORD-100632,QUANTUM-PROC-Q5,8,12463.41
OI-0001537,ORD-100632,QUANTUM-PROC-Q5,2,12047.50
OI-0001538,ORD-100632,NAV-COMP-ELITE,7,9333.89
OI-0001539,ORD-100633,SOLAR-LIGHT-LED,3,200.26
OI-0001540,ORD-100634,ION-DRIVE-MK3,3,45564.05
OI-0001541,ORD-100634,NAV-COMP-ELITE,7,8329.51
OI-0001542,ORD-100635,COMM-ARRAY-LR,5,7269.65
OI-0001543,ORD-100635,QUANTUM-PROC-Q5,5,12925.36
OI-0001544,ORD-100635,QUANTUM-PROC-Q5,2,11989.25
OI-0001545,ORD-100635,LASER-DRILL-IND,4,37470.87
OI-0001546,ORD-100635,HULL-PLATE-TI,5,1170.19
OI-0001547,ORD-100636,NAV-COMP-ELITE,5,7989.59
OI-0001548,ORD-100636,ION-DRIVE-MK3,2,50106.04
OI-0001549,ORD-100636,ZERO-G-BALL-SET,8,113.50
OI-0001550,ORD-100637,HYDRO-KIT-START,1,310.04
OI-0001551,ORD-100638,HYDRO-KIT-START,2,307.46
OI-0001552,ORD-100638,EVA-SUIT-MK7,6,30567.44
OI-0001553,ORD-100639,ZERO-G-BALL-SET,4,133.07
OI-0001554,ORD-100639,COMM-ARRAY-LR,6,7007.47
OI-0001555,ORD-100639,NAV-COMP-ELITE,5,9002.80
OI-0001556,ORD-100639,THERMO-REG-3000,7,1446.39
OI-0001557,ORD-100640,ION-DRIVE-MK3,5,45059.20
OI-0001558,ORD-100640,SELDON-CRYO-ICE,2,41.57
OI-0001559,ORD-100641,ZERO-G-BALL-SET,1,114.07
OI-0001560,ORD-100641,SELDON-CRYO-ICE,2,47.22
OI-0001561,ORD-100642,H2O-REC-PRO,3,3047.67
OI-0001562,ORD-100642,VR-ENTERTAIN-SYS,5,954.20
OI-0001563,ORD-100643,NAV-COMP-ELITE,4,9312.29
OI-0001564,ORD-100643,HULL-PLATE-TI,1,1156.67
OI-0001565,ORD-100643,COMM-ARRAY-LR,7,6893.09
OI-0001566,ORD-100643,AIR-SCRUB-X,2,1897.32
OI-0001567,ORD-100643,SOLAR-LIGHT-LED,8,178.75
OI-0001568,ORD-100644,HULL-PLATE-TI,1,1145.65
OI-0001569,ORD-100644,SELDON-CRYO-ICE,6,43.30
OI-0001570,ORD-100644,AIR-SCRUB-X,3,1983.68
OI-0001571,ORD-100644,ZERO-G-BALL-SET,5,129.99
OI-0001572,ORD-100645,OXY-GEN-5000,2,2527.11
OI-0001573,ORD-100645,ION-DRIVE-MK3,3,47357.26
OI-0001574,ORD-100645,HYDRO-KIT-START,5,297.74
OI-0001575,ORD-100645,ZERO-G-BED,1,2217.31
OI-0001576,ORD-100646,COMM-ARRAY-LR,1,6781.39
OI-0001577,ORD-100646,SELDON-CRYO-ICE,4,46.23
OI-0001578,ORD-100646,EVA-SUIT-MK7,3,30176.27
OI-0001579,ORD-100646,RAD-SHIELD-VEST,3,839.71
OI-0001580,ORD-100647,SELDON-CRYO-ICE,4,45.46
OI-0001581,ORD-100647,AIR-SCRUB-X,3,1691.90
OI-0001582,ORD-100648,EVA-SUIT-MK7,1,30592.54
OI-0001583,ORD-100648,RAD-SHIELD-VEST,5,899.91
OI-0001584,ORD-100648,SELDON-CRYO-ICE,4,46.78
OI-0001585,ORD-100648,ZERO-G-BED,2,2282.61
OI-0001586,ORD-100649,ION-DRIVE-MK3,3,41593.18
OI-0001587,ORD-100649,QUANTUM-PROC-Q5,3,11386.42
OI-0001588,ORD-100650,QUANTUM-PROC-Q5,5,12102.76
OI-0001589,ORD-100650,OXY-GEN-5000,5,2551.10
OI-0001590,ORD-100650,EMERG-KIT-DELUXE,8,694.77
OI-0001591,ORD-100650,ZERO-G-BALL-SET,6,110.68
OI-0001592,ORD-100650,EVA-SUIT-MK7,1,30264.86
OI-0001593,ORD-100651,SOLAR-LIGHT-LED,4,171.36
OI-0001594,ORD-100652,OXY-GEN-5000,7,2340.28
OI-0001595,ORD-100652,THERMO-REG-3000,6,1542.82
OI-0001596,ORD-100653,ZERO-G-BALL-SET,7,115.98
OI-0001597,ORD-100653,HULL-PLATE-TI,8,1264.41
OI-0001598,ORD-100654,OXY-GEN-5000,6,2348.55
OI-0001599,ORD-100654,NAV-COMP-ELITE,2,8199.16
OI-0001600,ORD-100654,VR-ENTERTAIN-SYS,1,882.29
OI-0001601,ORD-100655,ION-DRIVE-MK3,2,44749.02
OI-0001602,ORD-100656,COMM-ARRAY-LR,1,6785.67
OI-0001603,ORD-100656,QUANTUM-PROC-Q5,3,13049.21
OI-0001604,ORD-100657,SELDON-CRYO-ICE,8,43.60
OI-0001605,ORD-100657,MULTI-SENSOR-PRO,6,4838.34
OI-0001606,ORD-100658,SOLAR-LIGHT-LED,3,172.05
OI-0001607,ORD-100658,NAV-COMP-ELITE,3,7849.08
OI-0001608,ORD-100658,AIR-SCRUB-X,1,1758.36
OI-0001609,ORD-100659,SOLAR-LIGHT-LED,5,186.31
OI-0001610,ORD-100660,H2O-REC-PRO,1,3166.61
OI-0001611,ORD-100660,NAV-COMP-ELITE,3,8736.71
OI-0001612,ORD-100660,NAV-COMP-ELITE,7,8140.54
OI-0001613,ORD-100661,LASER-DRILL-IND,3,36819.89
OI-0001614,ORD-100661,ZERO-G-BALL-SET,1,111.83
OI-0001615,ORD-100661,THERMO-REG-3000,7,1429.20
OI-0001616,ORD-100661,EVA-SUIT-MK7,7,30987.95
OI-0001617,ORD-100662,THERMO-REG-3000,3,1499.29
OI-0001618,ORD-100662,RATION-PACK-30,4,453.06
OI-0001619,ORD-100662,QUANTUM-PROC-Q5,2,11041.97
OI-0001620,ORD-100662,AIR-SCRUB-X,4,1711.82
OI-0001621,ORD-100663,RAD-SHIELD-VEST,6,902.40
OI-0001622,ORD-100664,SELDON-CRYO-ICE,5,43.63
OI-0001623,ORD-100664,AIR-SCRUB-X,3,1824.15
OI-0001624,ORD-100665,HYDRO-KIT-START,7,318.52
OI-0001625,ORD-100665,THERMO-REG-3000,7,1609.12
OI-0001626,ORD-100665,LASER-DRILL-IND,6,36223.22
OI-0001627,ORD-100665,RATION-PACK-30,3,443.13
OI-0001628,ORD-100665,NAV-COMP-ELITE,5,8868.46
OI-0001629,ORD-100666,EVA-SUIT-MK7,5,29273.45
OI-0001630,ORD-100666,HYDRO-KIT-START,7,321.48
OI-0001631,ORD-100666,QUANTUM-PROC-Q5,2,12874.73
OI-0001632,ORD-100667,THERMO-REG-3000,5,1402.58
OI-0001633,ORD-100667,EMERG-KIT-DELUXE,4,734.77
OI-0001634,ORD-100668,ZERO-G-BALL-SET,1,116.77
OI-0001635,ORD-100668,MULTI-SENSOR-PRO,1,4853.10
OI-0001636,ORD-100669,OXY-GEN-5000,3,2435.28
OI-0001637,ORD-100669,COMM-ARRAY-LR,6,6963.31
OI-0001638,ORD-100669,HULL-PLATE-TI,1,1237.51
OI-0001639,ORD-100669,VR-ENTERTAIN-SYS,4,1040.24
OI-0001640,ORD-100670,ZERO-G-BED,1,2044.79
OI-0001641,ORD-100670,NAV-COMP-ELITE,1,8975.42
OI-0001642,ORD-100671,SELDON-CRYO-ICE,4,41.56
OI-0001643,ORD-100671,ZERO-G-BED,7,2152.82
OI-0001644,ORD-100671,VR-ENTERTAIN-SYS,5,1019.78
OI-0001645,ORD-100672,H2O-REC-PRO,1,3016.32
OI-0001646,ORD-100672,NAV-COMP-ELITE,7,8453.01
OI-0001647,ORD-100672,RATION-PACK-30,1,434.78
OI-0001648,ORD-100673,HYDRO-KIT-START,2,315.11
OI-0001649,ORD-100673,ZERO-G-BED,7,2407.79
OI-0001650,ORD-100673,HYDRO-KIT-START,6,354.08
OI-0001651,ORD-100674,QUANTUM-PROC-Q5,5,12683.36
OI-0001652,ORD-100674,MULTI-SENSOR-PRO,6,4677.56
OI-0001653,ORD-100674,LASER-DRILL-IND,7,34483.80
OI-0001654,ORD-100674,RATION-PACK-30,4,462.09
OI-0001655,ORD-100675,OXY-GEN-5000,4,2497.19
OI-0001656,ORD-100675,ION-DRIVE-MK3,2,49774.66
OI-0001657,ORD-100675,AIR-SCRUB-X,8,1741.26
OI-0001658,ORD-100676,MULTI-SENSOR-PRO,3,4302.85
OI-0001659,ORD-100676,QUANTUM-PROC-Q5,3,12675.04
OI-0001660,ORD-100677,LASER-DRILL-IND,2,34008.28
OI-0001661,ORD-100677,EVA-SUIT-MK7,5,27267.77
OI-0001662,ORD-100678,ZERO-G-BALL-SET,5,127.26
OI-0001663,ORD-100679,AIR-SCRUB-X,4,1742.27
OI-0001664,ORD-100680,ION-DRIVE-MK3,2,44573.64
OI-0001665,ORD-100680,ION-DRIVE-MK3,8,46289.75
OI-0001666,ORD-100681,HULL-PLATE-TI,8,1298.92
OI-0001667,ORD-100681,EMERG-KIT-DELUXE,1,639.41
OI-0001668,ORD-100681,ZERO-G-BALL-SET,2,118.95
OI-0001669,ORD-100681,RAD-SHIELD-VEST,4,831.73
OI-0001670,ORD-100682,ZERO-G-BALL-SET,5,131.73
OI-0001671,ORD-100682,SELDON-CRYO-ICE,7,43.76
OI-0001672,ORD-100682,MULTI-SENSOR-PRO,1,4688.63
OI-0001673,ORD-100683,MULTI-SENSOR-PRO,3,4225.68
OI-0001674,ORD-100683,AIR-SCRUB-X,7,1894.89
OI-0001675,ORD-100683,QUANTUM-PROC-Q5,5,11448.48
OI-0001676,ORD-100683,QUANTUM-PROC-Q5,7,11704.64
OI-0001677,ORD-100684,RAD-SHIELD-VEST,6,889.97
OI-0001678,ORD-100684,ZERO-G-BALL-SET,6,128.50
OI-0001679,ORD-100684,HYDRO-KIT-START,2,348.33
OI-0001680,ORD-100684,H2O-REC-PRO,3,3035.81
OI-0001681,ORD-100685,QUANTUM-PROC-Q5,5,13261.06
OI-0001682,ORD-100685,RATION-PACK-30,5,485.53
OI-0001683,ORD-100685,NAV-COMP-ELITE,7,8663.78
OI-0001684,ORD-100686,EMERG-KIT-DELUXE,6,727.87
OI-0001685,ORD-100687,OXY-GEN-5000,3,2716.70
OI-0001686,ORD-100688,ZERO-G-BALL-SET,4,115.70
OI-0001687,ORD-100688,ZERO-G-BED,2,2300.32
OI-0001688,ORD-100688,MULTI-SENSOR-PRO,1,4819.09
OI-0001689,ORD-100688,EVA-SUIT-MK7,1,30065.29
OI-0001690,ORD-100689,VR-ENTERTAIN-SYS,3,1036.04
OI-0001691,ORD-100689,RAD-SHIELD-VEST,5,804.85
OI-0001692,ORD-100689,MULTI-SENSOR-PRO,6,4249.14
OI-0001693,ORD-100689,SOLAR-LIGHT-LED,1,186.26
OI-0001694,ORD-100689,EMERG-KIT-DELUXE,6,737.98
OI-0001695,ORD-100690,EMERG-KIT-DELUXE,8,653.57
OI-0001696,ORD-100690,THERMO-REG-3000,3,1654.50
OI-0001697,ORD-100690,AIR-SCRUB-X,4,1904.47
OI-0001698,ORD-100691,OXY-GEN-5000,6,2572.28
OI-0001699,ORD-100691,SOLAR-LIGHT-LED,2,178.80
OI-0001700,ORD-100691,QUANTUM-PROC-Q5,8,12637.58
OI-0001701,ORD-100692,THERMO-REG-3000,1,1578.01
OI-0001702,ORD-100692,EMERG-KIT-DELUXE,4,689.73
OI-0001703,ORD-100693,SOLAR-LIGHT-LED,2,166.86
OI-0001704,ORD-100693,RATION-PACK-30,8,500.30
OI-0001705,ORD-100693,MULTI-SENSOR-PRO,4,4441.29
OI-0001706,ORD-100693,SELDON-CRYO-ICE,5,45.09
OI-0001707,ORD-100694,EMERG-KIT-DELUXE,2,661.41
OI-0001708,ORD-100695,LASER-DRILL-IND,1,36187.67
OI-0001709,ORD-100695,ION-DRIVE-MK3,5,49846.36
OI-0001710,ORD-100696,SELDON-CRYO-ICE,7,48.65
OI-0001711,ORD-100697,QUANTUM-PROC-Q5,4,12457.55
OI-0001712,ORD-100698,COMM-ARRAY-LR,2,6572.27
OI-0001713,ORD-100699,AIR-SCRUB-X,3,1966.45
OI-0001714,ORD-100699,HULL-PLATE-TI,2,1250.69
OI-0001715,ORD-100699,SELDON-CRYO-ICE,6,45.45
OI-0001716,ORD-100699,HYDRO-KIT-START,1,311.59
OI-0001717,ORD-100700,VR-ENTERTAIN-SYS,2,885.30
OI-0001718,ORD-100701,THERMO-REG-3000,5,1639.67
OI-0001719,ORD-100701,ZERO-G-BALL-SET,7,115.31
OI-0001720,ORD-100702,H2O-REC-PRO,4,3139.51
OI-0001721,ORD-100702,EMERG-KIT-DELUXE,7,639.09
OI-0001722,ORD-100702,THERMO-REG-3000,4,1395.08
OI-0001723,ORD-100703,H2O-REC-PRO,6,3442.84
OI-0001724,ORD-100703,HULL-PLATE-TI,7,1318.38
OI-0001725,ORD-100703,SOLAR-LIGHT-LED,3,168.12
OI-0001726,ORD-100704,OXY-GEN-5000,1,2699.27
OI-0001727,ORD-100704,NAV-COMP-ELITE,8,7972.11
OI-0001728,ORD-100705,H2O-REC-PRO,8,3510.14
OI-0001729,ORD-100705,SELDON-CRYO-ICE,7,45.86
OI-0001730,ORD-100706,RAD-SHIELD-VEST,2,878.81
OI-0001731,ORD-100706,VR-ENTERTAIN-SYS,2,964.05
OI-0001732,ORD-100706,OXY-GEN-5000,8,2428.42
OI-0001733,ORD-100707,COMM-ARRAY-LR,2,6449.01
OI-0001734,ORD-100707,OXY-GEN-5000,5,2452.55
OI-0001735,ORD-100707,EVA-SUIT-MK7,8,30706.49
OI-0001736,ORD-100707,THERMO-REG-3000,1,1442.47
OI-0001737,ORD-100708,VR-ENTERTAIN-SYS,1,1058.40
OI-0001738,ORD-100708,HYDRO-KIT-START,5,355.07
OI-0001739,ORD-100708,ZERO-G-BED,6,2073.26
OI-0001740,ORD-100708,H2O-REC-PRO,3,3011.69
OI-0001741,ORD-100709,THERMO-REG-3000,5,1599.75
OI-0001742,ORD-100709,VR-ENTERTAIN-SYS,7,922.51
OI-0001743,ORD-100710,VR-ENTERTAIN-SYS,2,1059.58
OI-0001744,ORD-100711,EMERG-KIT-DELUXE,4,679.05
OI-0001745,ORD-100711,SELDON-CRYO-ICE,3,48.90
OI-0001746,ORD-100711,MULTI-SENSOR-PRO,4,4390.74
OI-0001747,ORD-100712,SOLAR-LIGHT-LED,6,175.48
OI-0001748,ORD-100712,ION-DRIVE-MK3,3,47829.74
OI-0001749,ORD-100712,OXY-GEN-5000,3,2332.96
OI-0001750,ORD-100712,ION-DRIVE-MK3,4,48091.32
OI-0001751,ORD-100712,RAD-SHIELD-VEST,3,929.26
OI-0001752,ORD-100713,LASER-DRILL-IND,1,32223.51
OI-0001753,ORD-100713,EMERG-KIT-DELUXE,2,642.10
OI-0001754,ORD-100713,RATION-PACK-30,7,485.85
OI-0001755,ORD-100714,HYDRO-KIT-START,8,307.30
OI-0001756,ORD-100714,EVA-SUIT-MK7,8,29904.07
OI-0001757,ORD-100714,LASER-DRILL-IND,1,34917.43
OI-0001758,ORD-100714,VR-ENTERTAIN-SYS,6,931.04
OI-0001759,ORD-100715,RATION-PACK-30,4,499.78
OI-0001760,ORD-100715,AIR-SCRUB-X,2,1844.42
OI-0001761,ORD-100716,HYDRO-KIT-START,1,306.50
OI-0001762,ORD-100716,COMM-ARRAY-LR,1,6349.04
OI-0001763,ORD-100716,NAV-COMP-ELITE,6,9116.49
OI-0001764,ORD-100716,COMM-ARRAY-LR,7,6815.12
OI-0001765,ORD-100717,VR-ENTERTAIN-SYS,3,924.73
OI-0001766,ORD-100718,EMERG-KIT-DELUXE,6,693.71
OI-0001767,ORD-100719,EVA-SUIT-MK7,1,25807.16
OI-0001768,ORD-100720,THERMO-REG-3000,2,1645.01
OI-0001769,ORD-100721,HYDRO-KIT-START,4,327.83
OI-0001770,ORD-100722,ZERO-G-BED,1,2243.01
OI-0001771,ORD-100722,SOLAR-LIGHT-LED,7,192.65
OI-0001772,ORD-100722,HULL-PLATE-TI,5,1178.89
OI-0001773,ORD-100722,H2O-REC-PRO,5,3363.26
OI-0001774,ORD-100722,HYDRO-KIT-START,8,321.21
OI-0001775,ORD-100723,SOLAR-LIGHT-LED,2,183.28
OI-0001776,ORD-100723,SOLAR-LIGHT-LED,3,171.47
OI-0001777,ORD-100724,HYDRO-KIT-START,5,357.35
OI-0001778,ORD-100724,LASER-DRILL-IND,8,38387.12
OI-0001779,ORD-100724,SOLAR-LIGHT-LED,8,183.98
OI-0001780,ORD-100724,COMM-ARRAY-LR,5,6899.69
OI-0001781,ORD-100724,AIR-SCRUB-X,3,1864.15
OI-0001782,ORD-100725,QUANTUM-PROC-Q5,1,11777.37
OI-0001783,ORD-100725,SOLAR-LIGHT-LED,7,185.32
OI-0001784,ORD-100725,RATION-PACK-30,3,421.82
OI-0001785,ORD-100725,SELDON-CRYO-ICE,7,48.99
OI-0001786,ORD-100726,AIR-SCRUB-X,2,1692.39
OI-0001787,ORD-100726,LASER-DRILL-IND,8,37618.77
OI-0001788,ORD-100727,AIR-SCRUB-X,5,1867.21
OI-0001789,ORD-100727,SOLAR-LIGHT-LED,1,201.35
OI-0001790,ORD-100727,THERMO-REG-3000,5,1639.85
OI-0001791,ORD-100727,OXY-GEN-5000,6,2723.37
OI-0001792,ORD-100728,EMERG-KIT-DELUXE,7,626.17
OI-0001793,ORD-100728,HULL-PLATE-TI,8,1138.15
OI-0001794,ORD-100728,SELDON-CRYO-ICE,7,41.88
OI-0001795,ORD-100729,RAD-SHIELD-VEST,2,822.92
OI-0001796,ORD-100730,EMERG-KIT-DELUXE,5,639.00
OI-0001797,ORD-100730,SELDON-CRYO-ICE,5,49.01
OI-0001798,ORD-100730,SELDON-CRYO-ICE,8,48.79
OI-0001799,ORD-100730,MULTI-SENSOR-PRO,6,4969.14
OI-0001800,ORD-100730,SELDON-CRYO-ICE,2,42.09
OI-0001801,ORD-100731,H2O-REC-PRO,4,3243.49
OI-0001802,ORD-100731,SOLAR-LIGHT-LED,2,180.96
OI-0001803,ORD-100731,VR-ENTERTAIN-SYS,2,1022.05
OI-0001804,ORD-100732,EVA-SUIT-MK7,7,28894.09
OI-0001805,ORD-100733,H2O-REC-PRO,1,3052.62
OI-0001806,ORD-100733,COMM-ARRAY-LR,5,6520.05
OI-0001807,ORD-100733,HYDRO-KIT-START,4,350.49
OI-0001808,ORD-100733,ION-DRIVE-MK3,3,50132.50
OI-0001809,ORD-100733,RATION-PACK-30,7,466.66
OI-0001810,ORD-100734,ZERO-G-BED,3,2063.35
OI-0001811,ORD-100735,QUANTUM-PROC-Q5,4,12726.76
OI-0001812,ORD-100735,RATION-PACK-30,4,466.01
OI-0001813,ORD-100735,QUANTUM-PROC-Q5,5,12248.13
OI-0001814,ORD-100736,VR-ENTERTAIN-SYS,7,1006.67
OI-0001815,ORD-100736,THERMO-REG-3000,4,1449.33
OI-0001816,ORD-100736,LASER-DRILL-IND,6,33828.71
OI-0001817,ORD-100737,RATION-PACK-30,6,456.52
OI-0001818,ORD-100737,VR-ENTERTAIN-SYS,6,934.98
OI-0001819,ORD-100738,THERMO-REG-3000,1,1608.73
OI-0001820,ORD-100739,AIR-SCRUB-X,8,1692.63
OI-0001821,ORD-100740,QUANTUM-PROC-Q5,4,12312.18
OI-0001822,ORD-100740,ION-DRIVE-MK3,8,44068.56
OI-0001823,ORD-100741,HYDRO-KIT-START,8,306.30
OI-0001824,ORD-100741,EMERG-KIT-DELUXE,5,761.20
OI-0001825,ORD-100742,RAD-SHIELD-VEST,7,899.58
OI-0001826,ORD-100742,ZERO-G-BED,3,2119.87
OI-0001827,ORD-100742,EMERG-KIT-DELUXE,7,723.80
OI-0001828,ORD-100742,RAD-SHIELD-VEST,1,851.09
OI-0001829,ORD-100743,COMM-ARRAY-LR,1,6727.72
OI-0001830,ORD-100743,OXY-GEN-5000,3,2537.13
OI-0001831,ORD-100743,ZERO-G-BALL-SET,7,128.21
OI-0001832,ORD-100744,EVA-SUIT-MK7,8,29739.81
OI-0001833,ORD-100744,ZERO-G-BED,5,2093.87
OI-0001834,ORD-100744,AIR-SCRUB-X,1,1742.85
OI-0001835,ORD-100745,NAV-COMP-ELITE,3,7921.38
OI-0001836,ORD-100746,H2O-REC-PRO,5,3044.87
OI-0001837,ORD-100746,VR-ENTERTAIN-SYS,6,895.66
OI-0001838,ORD-100747,SOLAR-LIGHT-LED,1,173.06
OI-0001839,ORD-100747,ION-DRIVE-MK3,3,41666.29
OI-0001840,ORD-100747,ION-DRIVE-MK3,7,50354.12
OI-0001841,ORD-100747,ZERO-G-BALL-SET,1,112.70
OI-0001842,ORD-100747,COMM-ARRAY-LR,3,7178.91
OI-0001843,ORD-100748,AIR-SCRUB-X,7,1988.59
OI-0001844,ORD-100748,EVA-SUIT-MK7,1,30733.76
OI-0001845,ORD-100748,OXY-GEN-5000,1,2445.60
OI-0001846,ORD-100748,NAV-COMP-ELITE,4,8134.07
OI-0001847,ORD-100749,H2O-REC-PRO,7,3427.99
OI-0001848,ORD-100749,MULTI-SENSOR-PRO,5,4194.78
OI-0001849,ORD-100749,ZERO-G-BED,6,2071.84
OI-0001850,ORD-100749,LASER-DRILL-IND,4,37367.12
OI-0001851,ORD-100749,HULL-PLATE-TI,3,1214.88
OI-0001852,ORD-100750,EVA-SUIT-MK7,7,29376.94
OI-0001853,ORD-100750,ION-DRIVE-MK3,8,49167.11
OI-0001854,ORD-100750,VR-ENTERTAIN-SYS,5,941.62
OI-0001855,ORD-100751,OXY-GEN-5000,3,2322.30
OI-0001856,ORD-100751,OXY-GEN-5000,2,2582.52
OI-0001857,ORD-100751,ION-DRIVE-MK3,1,42893.14
OI-0001858,ORD-100751,AIR-SCRUB-X,6,1935.59
OI-0001859,ORD-100752,ZERO-G-BALL-SET,4,114.56
OI-0001860,ORD-100752,ION-DRIVE-MK3,6,50014.07
OI-0001861,ORD-100752,HULL-PLATE-TI,4,1145.60
OI-0001862,ORD-100752,ION-DRIVE-MK3,4,44617.69
OI-0001863,ORD-100753,H2O-REC-PRO,4,3491.40
OI-0001864,ORD-100753,ZERO-G-BALL-SET,5,127.08
OI-0001865,ORD-100753,NAV-COMP-ELITE,4,9103.59
OI-0001866,ORD-100754,HULL-PLATE-TI,2,1134.32
OI-0001867,ORD-100754,COMM-ARRAY-LR,5,6379.03
OI-0001868,ORD-100754,ZERO-G-BALL-SET,1,121.06
OI-0001869,ORD-100754,MULTI-SENSOR-PRO,7,4421.75
OI-0001870,ORD-100754,LASER-DRILL-IND,3,38859.65
OI-0001871,ORD-100755,SELDON-CRYO-ICE,2,46.50
OI-0001872,ORD-100755,EVA-SUIT-MK7,6,29243.95
OI-0001873,ORD-100755,RATION-PACK-30,3,430.27
OI-0001874,ORD-100755,EVA-SUIT-MK7,2,29696.75
OI-0001875,ORD-100756,OXY-GEN-5000,7,2360.23
OI-0001876,ORD-100757,MULTI-SENSOR-PRO,6,4148.94
OI-0001877,ORD-100757,RATION-PACK-30,5,432.89
OI-0001878,ORD-100757,HYDRO-KIT-START,2,331.64
OI-0001879,ORD-100758,ZERO-G-BED,5,2402.39
OI-0001880,ORD-100758,HYDRO-KIT-START,2,326.51
OI-0001881,ORD-100758,HULL-PLATE-TI,5,1254.79
OI-0001882,ORD-100758,MULTI-SENSOR-PRO,2,4671.63
OI-0001883,ORD-100758,OXY-GEN-5000,5,2685.83
OI-0001884,ORD-100759,HULL-PLATE-TI,3,1245.34
OI-0001885,ORD-100759,VR-ENTERTAIN-SYS,7,941.32
OI-0001886,ORD-100759,ZERO-G-BED,1,2097.01
OI-0001887,ORD-100759,EVA-SUIT-MK7,5,31136.20
OI-0001888,ORD-100759,COMM-ARRAY-LR,1,7457.45
OI-0001889,ORD-100760,HYDRO-KIT-START,3,317.59
OI-0001890,ORD-100760,NAV-COMP-ELITE,6,9073.09
OI-0001891,ORD-100761,RATION-PACK-30,3,445.74
OI-0001892,ORD-100761,SELDON-CRYO-ICE,7,42.91
OI-0001893,ORD-100762,COMM-ARRAY-LR,2,6646.96
OI-0001894,ORD-100763,H2O-REC-PRO,6,3219.40
OI-0001895,ORD-100763,ION-DRIVE-MK3,2,45694.93
OI-0001896,ORD-100763,QUANTUM-PROC-Q5,1,11085.03
OI-0001897,ORD-100763,HULL-PLATE-TI,2,1115.98
OI-0001898,ORD-100764,H2O-REC-PRO,7,3561.66
OI-0001899,ORD-100764,EMERG-KIT-DELUXE,3,688.35
OI-0001900,ORD-100764,H2O-REC-PRO,6,3199.98
OI-0001901,ORD-100764,THERMO-REG-3000,2,1657.04
OI-0001902,ORD-100765,EMERG-KIT-DELUXE,6,627.00
OI-0001903,ORD-100766,RATION-PACK-30,1,471.86
OI-0001904,ORD-100766,LASER-DRILL-IND,5,34181.80
OI-0001905,ORD-100766,AIR-SCRUB-X,7,1763.88
OI-0001906,ORD-100767,NAV-COMP-ELITE,8,8123.75
OI-0001907,ORD-100767,RAD-SHIELD-VEST,7,870.97
OI-0001908,ORD-100767,RAD-SHIELD-VEST,7,934.03
OI-0001909,ORD-100767,H2O-REC-PRO,7,3493.54
OI-0001910,ORD-100768,RAD-SHIELD-VEST,4,811.31
OI-0001911,ORD-100768,ION-DRIVE-MK3,1,49339.84
OI-0001912,ORD-100768,QUANTUM-PROC-Q5,4,12108.71
OI-0001913,ORD-100768,COMM-ARRAY-LR,5,6361.77
OI-0001914,ORD-100769,ZERO-G-BED,4,2190.54
OI-0001915,ORD-100769,HYDRO-KIT-START,7,330.20
OI-0001916,ORD-100769,H2O-REC-PRO,5,3384.46
OI-0001917,ORD-100770,RAD-SHIELD-VEST,5,811.64
OI-0001918,ORD-100770,THERMO-REG-3000,5,1450.34
OI-0001919,ORD-100770,ZERO-G-BALL-SET,1,130.45
OI-0001920,ORD-100770,H2O-REC-PRO,4,3249.25
OI-0001921,ORD-100771,THERMO-REG-3000,2,1542.67
OI-0001922,ORD-100771,EVA-SUIT-MK7,6,30679.43
OI-0001923,ORD-100772,EMERG-KIT-DELUXE,1,753.22
OI-0001924,ORD-100772,HYDRO-KIT-START,8,324.82
OI-0001925,ORD-100773,SOLAR-LIGHT-LED,1,177.75
OI-0001926,ORD-100773,H2O-REC-PRO,4,3395.77
OI-0001927,ORD-100774,HYDRO-KIT-START,3,341.43
OI-0001928,ORD-100774,SOLAR-LIGHT-LED,7,197.56
OI-0001929,ORD-100775,H2O-REC-PRO,7,3245.27
OI-0001930,ORD-100775,NAV-COMP-ELITE,7,8167.40
OI-0001931,ORD-100775,ION-DRIVE-MK3,8,50286.70
OI-0001932,ORD-100776,AIR-SCRUB-X,7,1901.81
OI-0001933,ORD-100776,EVA-SUIT-MK7,1,28039.96
OI-0001934,ORD-100777,EMERG-KIT-DELUXE,2,717.11
OI-0001935,ORD-100777,ZERO-G-BALL-SET,3,122.17
OI-0001936,ORD-100777,VR-ENTERTAIN-SYS,3,953.55
OI-0001937,ORD-100778,THERMO-REG-3000,5,1427.32
OI-0001938,ORD-100779,SOLAR-LIGHT-LED,8,166.56
OI-0001939,ORD-100779,THERMO-REG-3000,3,1399.05
OI-0001940,ORD-100779,MULTI-SENSOR-PRO,8,4310.87
OI-0001941,ORD-100780,VR-ENTERTAIN-SYS,2,952.71
OI-0001942,ORD-100780,EMERG-KIT-DELUXE,1,678.15
OI-0001943,ORD-100781,SELDON-CRYO-ICE,2,44.36
OI-0001944,ORD-100781,NAV-COMP-ELITE,8,9137.01
OI-0001945,ORD-100781,RATION-PACK-30,8,418.90
OI-0001946,ORD-100781,LASER-DRILL-IND,3,35085.86
OI-0001947,ORD-100782,SOLAR-LIGHT-LED,3,189.05
OI-0001948,ORD-100782,QUANTUM-PROC-Q5,5,13061.87
OI-0001949,ORD-100782,MULTI-SENSOR-PRO,1,4734.46
OI-0001950,ORD-100783,THERMO-REG-3000,2,1431.45
OI-0001951,ORD-100783,RAD-SHIELD-VEST,7,848.63
OI-0001952,ORD-100783,OXY-GEN-5000,1,2565.19
OI-0001953,ORD-100784,SELDON-CRYO-ICE,3,47.18
OI-0001954,ORD-100784,MULTI-SENSOR-PRO,8,4949.99
OI-0001955,ORD-100785,HYDRO-KIT-START,4,323.75
OI-0001956,ORD-100785,HULL-PLATE-TI,1,1147.83
OI-0001957,ORD-100785,COMM-ARRAY-LR,8,6806.89
OI-0001958,ORD-100785,H2O-REC-PRO,4,3334.43
OI-0001959,ORD-100785,SELDON-CRYO-ICE,8,41.41
OI-0001960,ORD-100786,ZERO-G-BED,5,2323.05
OI-0001961,ORD-100786,HULL-PLATE-TI,7,1302.50
OI-0001962,ORD-100786,COMM-ARRAY-LR,3,6417.64
OI-0001963,ORD-100786,ZERO-G-BALL-SET,8,134.35
OI-0001964,ORD-100787,ZERO-G-BALL-SET,2,113.50
OI-0001965,ORD-100787,ZERO-G-BALL-SET,5,124.01
OI-0001966,ORD-100788,AIR-SCRUB-X,8,1997.51
OI-0001967,ORD-100788,ZERO-G-BALL-SET,7,114.65
OI-0001968,ORD-100789,RAD-SHIELD-VEST,8,885.86
OI-0001969,ORD-100789,ZERO-G-BED,7,2029.44
OI-0001970,ORD-100790,HYDRO-KIT-START,3,320.16
OI-0001971,ORD-100790,OXY-GEN-5000,1,2748.40
OI-0001972,ORD-100790,QUANTUM-PROC-Q5,5,11159.21
OI-0001973,ORD-100791,RATION-PACK-30,1,432.37
OI-0001974,ORD-100792,HYDRO-KIT-START,5,352.55
OI-0001975,ORD-100792,MULTI-SENSOR-PRO,3,4190.05
OI-0001976,ORD-100792,ION-DRIVE-MK3,4,44431.50
OI-0001977,ORD-100792,HULL-PLATE-TI,1,1240.85
OI-0001978,ORD-100792,RAD-SHIELD-VEST,7,854.78
OI-0001979,ORD-100793,HYDRO-KIT-START,1,299.85
OI-0001980,ORD-100793,ZERO-G-BED,4,2300.30
OI-0001981,ORD-100794,COMM-ARRAY-LR,2,7222.72
OI-0001982,ORD-100794,MULTI-SENSOR-PRO,4,5007.93
OI-0001983,ORD-100795,SOLAR-LIGHT-LED,2,192.87
OI-0001984,ORD-100796,ION-DRIVE-MK3,5,49066.06
OI-0001985,ORD-100797,HYDRO-KIT-START,4,314.57
OI-0001986,ORD-100797,AIR-SCRUB-X,1,1905.06
OI-0001987,ORD-100798,VR-ENTERTAIN-SYS,6,891.07
OI-0001988,ORD-100798,HULL-PLATE-TI,3,1311.33
OI-0001989,ORD-100798,ZERO-G-BALL-SET,6,112.28
OI-0001990,ORD-100798,ZERO-G-BED,7,2108.74
OI-0001991,ORD-100798,COMM-ARRAY-LR,1,7078.83
OI-0001992,ORD-100799,HULL-PLATE-TI,2,1325.24
OI-0001993,ORD-100799,H2O-REC-PRO,8,3469.61
OI-0001994,ORD-100799,OXY-GEN-5000,1,2442.53
OI-0001995,ORD-100800,NAV-COMP-ELITE,7,8489.22
OI-0001996,ORD-100801,MULTI-SENSOR-PRO,3,4687.27
OI-0001997,ORD-100802,EVA-SUIT-MK7,5,27236.42
OI-0001998,ORD-100802,OXY-GEN-5000,1,2681.04
OI-0001999,ORD-100802,SOLAR-LIGHT-LED,8,167.13
OI-0002000,ORD-100803,AIR-SCRUB-X,2,1727.89
OI-0002001,ORD-100803,HYDRO-KIT-START,7,318.63
OI-0002002,ORD-100803,RATION-PACK-30,6,462.34
OI-0002003,ORD-100803,VR-ENTERTAIN-SYS,6,980.57
OI-0002004,ORD-100804,LASER-DRILL-IND,8,36946.84
OI-0002005,ORD-100804,RAD-SHIELD-VEST,8,943.84
OI-0002006,ORD-100805,AIR-SCRUB-X,6,1918.51
OI-0002007,ORD-100805,ZERO-G-BALL-SET,5,120.51
OI-0002008,ORD-100806,QUANTUM-PROC-Q5,1,11351.38
OI-0002009,ORD-100806,RAD-SHIELD-VEST,8,783.01
OI-0002010,ORD-100806,THERMO-REG-3000,7,1394.53
OI-0002011,ORD-100807,HYDRO-KIT-START,2,335.81
OI-0002012,ORD-100807,SOLAR-LIGHT-LED,5,195.75
OI-0002013,ORD-100808,ZERO-G-BED,3,2034.25
OI-0002014,ORD-100809,H2O-REC-PRO,7,2971.52
OI-0002015,ORD-100809,EVA-SUIT-MK7,6,30896.50
OI-0002016,ORD-100810,EMERG-KIT-DELUXE,2,642.51
OI-0002017,ORD-100810,OXY-GEN-5000,2,2659.18
OI-0002018,ORD-100811,MULTI-SENSOR-PRO,7,4481.90
OI-0002019,ORD-100811,HULL-PLATE-TI,7,1128.61
OI-0002020,ORD-100812,ZERO-G-BED,6,2035.96
OI-0002021,ORD-100812,ZERO-G-BED,4,2323.59
OI-0002022,ORD-100812,AIR-SCRUB-X,8,1738.94
OI-0002023,ORD-100812,SELDON-CRYO-ICE,2,45.21
OI-0002024,ORD-100812,RATION-PACK-30,6,452.09
OI-0002025,ORD-100813,HULL-PLATE-TI,6,1177.82
OI-0002026,ORD-100814,MULTI-SENSOR-PRO,8,4665.17
OI-0002027,ORD-100815,VR-ENTERTAIN-SYS,4,911.01
OI-0002028,ORD-100815,MULTI-SENSOR-PRO,8,4377.46
OI-0002029,ORD-100815,VR-ENTERTAIN-SYS,8,949.24
OI-0002030,ORD-100815,OXY-GEN-5000,6,2643.33
OI-0002031,ORD-100816,LASER-DRILL-IND,6,35227.41
OI-0002032,ORD-100817,HULL-PLATE-TI,3,1299.71
OI-0002033,ORD-100818,SELDON-CRYO-ICE,3,41.82
OI-0002034,ORD-100818,HULL-PLATE-TI,3,1109.21
OI-0002035,ORD-100818,RATION-PACK-30,5,475.99
OI-0002036,ORD-100818,OXY-GEN-5000,2,2511.64
OI-0002037,ORD-100819,LASER-DRILL-IND,1,37797.87
OI-0002038,ORD-100820,THERMO-REG-3000,1,1654.45
OI-0002039,ORD-100821,HYDRO-KIT-START,3,325.94
OI-0002040,ORD-100821,EVA-SUIT-MK7,8,26982.73
OI-0002041,ORD-100821,AIR-SCRUB-X,7,1975.21
OI-0002042,ORD-100821,EMERG-KIT-DELUXE,1,755.47
OI-0002043,ORD-100821,THERMO-REG-3000,5,1599.03
OI-0002044,ORD-100822,QUANTUM-PROC-Q5,3,12552.42
OI-0002045,ORD-100822,AIR-SCRUB-X,1,1886.51
OI-0002046,ORD-100822,QUANTUM-PROC-Q5,1,11357.46
OI-0002047,ORD-100823,OXY-GEN-5000,1,2422.56
OI-0002048,ORD-100823,THERMO-REG-3000,4,1621.46
OI-0002049,ORD-100823,ZERO-G-BED,7,2412.54
OI-0002050,ORD-100823,COMM-ARRAY-LR,7,7247.34
OI-0002051,ORD-100824,VR-ENTERTAIN-SYS,5,1034.00
OI-0002052,ORD-100824,LASER-DRILL-IND,2,34003.81
OI-0002053,ORD-100824,EMERG-KIT-DELUXE,7,630.28
OI-0002054,ORD-100825,COMM-ARRAY-LR,7,6393.94
OI-0002055,ORD-100825,RATION-PACK-30,3,478.67
OI-0002056,ORD-100825,ZERO-G-BALL-SET,2,126.25
OI-0002057,ORD-100825,RATION-PACK-30,6,469.43
OI-0002058,ORD-100825,VR-ENTERTAIN-SYS,6,917.32
OI-0002059,ORD-100826,QUANTUM-PROC-Q5,8,11760.41
OI-0002060,ORD-100826,SELDON-CRYO-ICE,3,44.47
OI-0002061,ORD-100826,EVA-SUIT-MK7,8,26119.60
OI-0002062,ORD-100827,AIR-SCRUB-X,4,1907.25
OI-0002063,ORD-100827,COMM-ARRAY-LR,6,6801.11
OI-0002064,ORD-100828,SOLAR-LIGHT-LED,8,188.05
OI-0002065,ORD-100828,ZERO-G-BALL-SET,7,115.03
OI-0002066,ORD-100829,ZERO-G-BED,6,2346.28
OI-0002067,ORD-100829,EMERG-KIT-DELUXE,7,754.95
OI-0002068,ORD-100830,MULTI-SENSOR-PRO,7,4867.52
OI-0002069,ORD-100830,HYDRO-KIT-START,5,338.13
OI-0002070,ORD-100831,RAD-SHIELD-VEST,5,782.84
OI-0002071,ORD-100831,NAV-COMP-ELITE,4,8719.78
OI-0002072,ORD-100831,VR-ENTERTAIN-SYS,7,877.23
OI-0002073,ORD-100832,HYDRO-KIT-START,4,327.21
OI-0002074,ORD-100832,SOLAR-LIGHT-LED,1,171.84
OI-0002075,ORD-100832,MULTI-SENSOR-PRO,1,4626.50
OI-0002076,ORD-100832,VR-ENTERTAIN-SYS,4,879.78
OI-0002077,ORD-100832,LASER-DRILL-IND,5,37426.95
OI-0002078,ORD-100833,COMM-ARRAY-LR,2,6541.25
OI-0002079,ORD-100834,OXY-GEN-5000,6,2549.13
OI-0002080,ORD-100834,SELDON-CRYO-ICE,4,46.56
OI-0002081,ORD-100834,OXY-GEN-5000,6,2592.24
OI-0002082,ORD-100834,SELDON-CRYO-ICE,1,42.66
OI-0002083,ORD-100834,SOLAR-LIGHT-LED,1,171.67
OI-0002084,ORD-100835,HULL-PLATE-TI,2,1239.25
OI-0002085,ORD-100836,EMERG-KIT-DELUXE,3,653.00
OI-0002086,ORD-100836,EMERG-KIT-DELUXE,3,739.72
OI-0002087,ORD-100836,MULTI-SENSOR-PRO,7,4766.70
OI-0002088,ORD-100836,COMM-ARRAY-LR,2,7031.95
OI-0002089,ORD-100836,ION-DRIVE-MK3,4,47220.33
OI-0002090,ORD-100837,NAV-COMP-ELITE,2,9263.82
OI-0002091,ORD-100837,EVA-SUIT-MK7,4,29678.85
OI-0002092,ORD-100837,THERMO-REG-3000,7,1434.54
OI-0002093,ORD-100837,ZERO-G-BALL-SET,4,126.17
OI-0002094,ORD-100838,SOLAR-LIGHT-LED,1,199.21
OI-0002095,ORD-100838,HYDRO-KIT-START,4,302.95
OI-0002096,ORD-100839,SOLAR-LIGHT-LED,6,195.26
OI-0002097,ORD-100840,MULTI-SENSOR-PRO,4,4674.01
OI-0002098,ORD-100840,AIR-SCRUB-X,1,1959.48
OI-0002099,ORD-100841,THERMO-REG-3000,3,1501.50
OI-0002100,ORD-100841,VR-ENTERTAIN-SYS,4,970.05
OI-0002101,ORD-100841,VR-ENTERTAIN-SYS,8,952.09
OI-0002102,ORD-100842,OXY-GEN-5000,6,2669.11
OI-0002103,ORD-100842,VR-ENTERTAIN-SYS,2,903.39
OI-0002104,ORD-100842,ZERO-G-BALL-SET,7,130.74
OI-0002105,ORD-100843,LASER-DRILL-IND,1,38311.53
OI-0002106,ORD-100843,H2O-REC-PRO,8,3319.13
OI-0002107,ORD-100844,HULL-PLATE-TI,6,1114.62
OI-0002108,ORD-100844,RAD-SHIELD-VEST,6,860.24
OI-0002109,ORD-100844,LASER-DRILL-IND,7,38235.77
OI-0002110,ORD-100844,HULL-PLATE-TI,4,1185.20
OI-0002111,ORD-100845,H2O-REC-PRO,6,3025.27
OI-0002112,ORD-100845,AIR-SCRUB-X,8,1878.43
OI-0002113,ORD-100845,HULL-PLATE-TI,5,1274.62
OI-0002114,ORD-100846,SELDON-CRYO-ICE,6,49.06
OI-0002115,ORD-100846,NAV-COMP-ELITE,7,8730.78
OI-0002116,ORD-100846,EVA-SUIT-MK7,2,27576.08
OI-0002117,ORD-100846,THERMO-REG-3000,2,1603.10
OI-0002118,ORD-100846,ZERO-G-BALL-SET,8,131.48
OI-0002119,ORD-100847,HULL-PLATE-TI,7,1278.15
OI-0002120,ORD-100847,SOLAR-LIGHT-LED,5,194.92
OI-0002121,ORD-100848,NAV-COMP-ELITE,2,8423.61
OI-0002122,ORD-100848,RAD-SHIELD-VEST,6,859.01
OI-0002123,ORD-100849,VR-ENTERTAIN-SYS,6,1049.14
OI-0002124,ORD-100850,ZERO-G-BED,5,2260.52
OI-0002125,ORD-100851,SELDON-CRYO-ICE,6,46.30
OI-0002126,ORD-100851,SELDON-CRYO-ICE,2,49.69
OI-0002127,ORD-100852,VR-ENTERTAIN-SYS,2,996.65
OI-0002128,ORD-100852,QUANTUM-PROC-Q5,2,11587.02
OI-0002129,ORD-100853,HYDRO-KIT-START,7,312.87
OI-0002130,ORD-100854,EVA-SUIT-MK7,8,26449.44
OI-0002131,ORD-100854,THERMO-REG-3000,7,1504.16
OI-0002132,ORD-100855,NAV-COMP-ELITE,8,9472.31
OI-0002133,ORD-100856,RATION-PACK-30,5,440.44
OI-0002134,ORD-100856,LASER-DRILL-IND,3,33679.02
OI-0002135,ORD-100856,ZERO-G-BED,2,2225.49
OI-0002136,ORD-100856,THERMO-REG-3000,6,1510.28
OI-0002137,ORD-100857,ZERO-G-BED,7,2417.20
OI-0002138,ORD-100857,SELDON-CRYO-ICE,6,44.60
OI-0002139,ORD-100857,ION-DRIVE-MK3,3,45773.71
OI-0002140,ORD-100858,NAV-COMP-ELITE,5,9145.13
OI-0002141,ORD-100858,COMM-ARRAY-LR,7,6910.31
OI-0002142,ORD-100859,HULL-PLATE-TI,2,1164.65
OI-0002143,ORD-100860,HYDRO-KIT-START,6,300.34
OI-0002144,ORD-100860,COMM-ARRAY-LR,8,6971.34
OI-0002145,ORD-100860,EVA-SUIT-MK7,6,26956.48
OI-0002146,ORD-100860,HYDRO-KIT-START,1,312.93
OI-0002147,ORD-100861,HULL-PLATE-TI,2,1178.88
OI-0002148,ORD-100861,ZERO-G-BALL-SET,2,118.19
OI-0002149,ORD-100862,EMERG-KIT-DELUXE,6,683.16
OI-0002150,ORD-100862,HYDRO-KIT-START,6,343.10
OI-0002151,ORD-100863,HULL-PLATE-TI,2,1193.35
OI-0002152,ORD-100863,COMM-ARRAY-LR,3,7217.15
OI-0002153,ORD-100863,NAV-COMP-ELITE,1,8507.22
OI-0002154,ORD-100864,OXY-GEN-5000,7,2504.43
OI-0002155,ORD-100864,H2O-REC-PRO,2,3145.62
OI-0002156,ORD-100864,COMM-ARRAY-LR,6,7260.41
OI-0002157,ORD-100865,ZERO-G-BALL-SET,3,114.82
OI-0002158,ORD-100865,ION-DRIVE-MK3,1,44751.94
OI-0002159,ORD-100865,HYDRO-KIT-START,1,300.52
OI-0002160,ORD-100865,LASER-DRILL-IND,1,38152.35
OI-0002161,ORD-100866,SELDON-CRYO-ICE,3,44.67
OI-0002162,ORD-100867,THERMO-REG-3000,5,1611.75
OI-0002163,ORD-100868,SELDON-CRYO-ICE,8,47.03
OI-0002164,ORD-100868,HULL-PLATE-TI,5,1262.85
OI-0002165,ORD-100868,VR-ENTERTAIN-SYS,6,907.70
OI-0002166,ORD-100869,THERMO-REG-3000,6,1624.22
OI-0002167,ORD-100869,ZERO-G-BALL-SET,2,116.82
OI-0002168,ORD-100869,THERMO-REG-3000,3,1490.92
OI-0002169,ORD-100869,HULL-PLATE-TI,1,1252.70
OI-0002170,ORD-100869,SOLAR-LIGHT-LED,7,176.41
OI-0002171,ORD-100870,NAV-COMP-ELITE,7,8036.38
OI-0002172,ORD-100871,SELDON-CRYO-ICE,8,49.17
OI-0002173,ORD-100872,VR-ENTERTAIN-SYS,3,930.25
OI-0002174,ORD-100872,RAD-SHIELD-VEST,4,886.70
OI-0002175,ORD-100873,NAV-COMP-ELITE,8,8042.36
OI-0002176,ORD-100873,H2O-REC-PRO,8,3386.33
OI-0002177,ORD-100874,THERMO-REG-3000,4,1557.65
OI-0002178,ORD-100874,QUANTUM-PROC-Q5,8,11992.47
OI-0002179,ORD-100874,MULTI-SENSOR-PRO,5,4894.50
OI-0002180,ORD-100874,ZERO-G-BALL-SET,3,119.73
OI-0002181,ORD-100874,QUANTUM-PROC-Q5,6,12841.57
OI-0002182,ORD-100875,ZERO-G-BALL-SET,5,110.67
OI-0002183,ORD-100875,THERMO-REG-3000,5,1531.69
OI-0002184,ORD-100875,AIR-SCRUB-X,2,1721.35
OI-0002185,ORD-100876,RATION-PACK-30,7,423.67
OI-0002186,ORD-100877,AIR-SCRUB-X,4,1737.51
OI-0002187,ORD-100877,COMM-ARRAY-LR,5,6549.00
OI-0002188,ORD-100877,SOLAR-LIGHT-LED,8,189.24
OI-0002189,ORD-100878,RAD-SHIELD-VEST,4,788.41
OI-0002190,ORD-100878,COMM-ARRAY-LR,2,6397.07
OI-0002191,ORD-100878,OXY-GEN-5000,5,2589.17
OI-0002192,ORD-100878,ZERO-G-BALL-SET,2,128.92
OI-0002193,ORD-100879,HULL-PLATE-TI,5,1138.65
OI-0002194,ORD-100879,NAV-COMP-ELITE,5,8673.31
OI-0002195,ORD-100879,MULTI-SENSOR-PRO,5,4638.17
OI-0002196,ORD-100880,RAD-SHIELD-VEST,2,927.39
OI-0002197,ORD-100881,EMERG-KIT-DELUXE,2,664.95
OI-0002198,ORD-100882,QUANTUM-PROC-Q5,7,11490.05
OI-0002199,ORD-100882,AIR-SCRUB-X,4,1855.48
OI-0002200,ORD-100883,HULL-PLATE-TI,2,1324.82
OI-0002201,ORD-100884,AIR-SCRUB-X,1,1706.02
OI-0002202,ORD-100884,ZERO-G-BED,5,2238.09
OI-0002203,ORD-100884,AIR-SCRUB-X,8,1866.15
OI-0002204,ORD-100885,QUANTUM-PROC-Q5,4,13394.79
OI-0002205,ORD-100885,OXY-GEN-5000,6,2352.98
OI-0002206,ORD-100886,AIR-SCRUB-X,8,1712.18
OI-0002207,ORD-100886,THERMO-REG-3000,3,1608.13
OI-0002208,ORD-100886,ZERO-G-BED,7,2185.46
OI-0002209,ORD-100887,SOLAR-LIGHT-LED,3,174.98
OI-0002210,ORD-100887,EMERG-KIT-DELUXE,8,731.41
OI-0002211,ORD-100887,RATION-PACK-30,1,414.31
OI-0002212,ORD-100888,RATION-PACK-30,8,426.20
OI-0002213,ORD-100888,HYDRO-KIT-START,1,324.59
OI-0002214,ORD-100888,ION-DRIVE-MK3,4,45913.52
OI-0002215,ORD-100888,RATION-PACK-30,2,445.61
OI-0002216,ORD-100888,ION-DRIVE-MK3,3,43464.32
OI-0002217,ORD-100889,HYDRO-KIT-START,4,317.31
OI-0002218,ORD-100889,LASER-DRILL-IND,5,32423.65
OI-0002219,ORD-100890,EVA-SUIT-MK7,3,26682.50
OI-0002220,ORD-100891,AIR-SCRUB-X,1,1978.18
OI-0002221,ORD-100892,VR-ENTERTAIN-SYS,7,1025.97
OI-0002222,ORD-100892,QUANTUM-PROC-Q5,3,12361.45
OI-0002223,ORD-100893,RATION-PACK-30,4,488.15
OI-0002224,ORD-100893,LASER-DRILL-IND,8,33954.07
OI-0002225,ORD-100893,HULL-PLATE-TI,7,1247.10
OI-0002226,ORD-100894,OXY-GEN-5000,7,2601.37
OI-0002227,ORD-100894,SOLAR-LIGHT-LED,1,190.42
OI-0002228,ORD-100894,ZERO-G-BED,3,2252.72
OI-0002229,ORD-100894,VR-ENTERTAIN-SYS,7,876.81
OI-0002230,ORD-100895,HULL-PLATE-TI,7,1263.33
OI-0002231,ORD-100896,QUANTUM-PROC-Q5,5,11763.11
OI-0002232,ORD-100896,RAD-SHIELD-VEST,3,836.93
OI-0002233,ORD-100896,OXY-GEN-5000,5,2637.66
OI-0002234,ORD-100896,HULL-PLATE-TI,3,1320.23
OI-0002235,ORD-100897,VR-ENTERTAIN-SYS,6,933.91
OI-0002236,ORD-100898,ION-DRIVE-MK3,5,42880.88
OI-0002237,ORD-100898,EVA-SUIT-MK7,1,27099.31
OI-0002238,ORD-100899,HYDRO-KIT-START,7,319.51
OI-0002239,ORD-100900,ION-DRIVE-MK3,2,44632.64
OI-0002240,ORD-100900,HULL-PLATE-TI,3,1319.96
OI-0002241,ORD-100900,THERMO-REG-3000,4,1522.45
OI-0002242,ORD-100900,OXY-GEN-5000,7,2410.65
OI-0002243,ORD-100901,H2O-REC-PRO,5,3284.25
OI-0002244,ORD-100902,HULL-PLATE-TI,4,1154.80
OI-0002245,ORD-100903,ZERO-G-BALL-SET,6,120.73
OI-0002246,ORD-100904,LASER-DRILL-IND,3,33788.33
OI-0002247,ORD-100904,QUANTUM-PROC-Q5,6,12784.70
OI-0002248,ORD-100905,EVA-SUIT-MK7,1,30141.28
OI-0002249,ORD-100905,RATION-PACK-30,5,499.05
OI-0002250,ORD-100905,ZERO-G-BED,4,2322.18
OI-0002251,ORD-100905,RATION-PACK-30,2,474.31
OI-0002252,ORD-100906,SELDON-CRYO-ICE,6,45.69
OI-0002253,ORD-100906,H2O-REC-PRO,7,3367.80
OI-0002254,ORD-100907,EVA-SUIT-MK7,1,27923.74
OI-0002255,ORD-100907,RAD-SHIELD-VEST,7,816.76
OI-0002256,ORD-100907,HULL-PLATE-TI,3,1140.28
OI-0002257,ORD-100908,SELDON-CRYO-ICE,5,47.22
OI-0002258,ORD-100908,ZERO-G-BED,7,2121.09
OI-0002259,ORD-100909,ZERO-G-BALL-SET,3,131.37
OI-0002260,ORD-100909,AIR-SCRUB-X,4,1707.55
OI-0002261,ORD-100909,SOLAR-LIGHT-LED,6,187.18
OI-0002262,ORD-100909,SELDON-CRYO-ICE,7,44.82
OI-0002263,ORD-100910,EMERG-KIT-DELUXE,3,631.21
OI-0002264,ORD-100911,RAD-SHIELD-VEST,3,950.88
OI-0002265,ORD-100911,MULTI-SENSOR-PRO,6,4338.55
OI-0002266,ORD-100911,HULL-PLATE-TI,8,1332.04
OI-0002267,ORD-100911,ZERO-G-BED,7,2162.17
OI-0002268,ORD-100912,SOLAR-LIGHT-LED,3,176.94
OI-0002269,ORD-100913,ION-DRIVE-MK3,4,48057.26
OI-0002270,ORD-100913,OXY-GEN-5000,8,2592.15
OI-0002271,ORD-100913,NAV-COMP-ELITE,5,8984.19
OI-0002272,ORD-100914,OXY-GEN-5000,5,2755.35
OI-0002273,ORD-100914,RAD-SHIELD-VEST,8,927.85
OI-0002274,ORD-100914,HYDRO-KIT-START,6,301.84
OI-0002275,ORD-100915,HYDRO-KIT-START,4,306.76
OI-0002276,ORD-100915,SELDON-CRYO-ICE,3,47.64
OI-0002277,ORD-100915,ZERO-G-BALL-SET,5,118.00
OI-0002278,ORD-100915,THERMO-REG-3000,8,1500.06
OI-0002279,ORD-100915,EVA-SUIT-MK7,1,27974.38
OI-0002280,ORD-100916,EMERG-KIT-DELUXE,5,642.80
OI-0002281,ORD-100916,COMM-ARRAY-LR,4,6534.25
OI-0002282,ORD-100917,COMM-ARRAY-LR,5,7467.29
OI-0002283,ORD-100917,LASER-DRILL-IND,3,32368.19
OI-0002284,ORD-100917,ZERO-G-BED,7,2147.17
OI-0002285,ORD-100918,OXY-GEN-5000,2,2354.14
OI-0002286,ORD-100918,MULTI-SENSOR-PRO,5,4492.35
OI-0002287,ORD-100918,RAD-SHIELD-VEST,6,915.80
OI-0002288,ORD-100918,EMERG-KIT-DELUXE,1,699.16
OI-0002289,ORD-100919,NAV-COMP-ELITE,6,8144.58
OI-0002290,ORD-100919,SELDON-CRYO-ICE,2,43.87
OI-0002291,ORD-100920,RATION-PACK-30,8,489.67
OI-0002292,ORD-100920,EVA-SUIT-MK7,5,25962.11
OI-0002293,ORD-100921,SOLAR-LIGHT-LED,7,169.66
OI-0002294,ORD-100921,ZERO-G-BALL-SET,8,130.24
OI-0002295,ORD-100921,THERMO-REG-3000,8,1486.87
OI-0002296,ORD-100921,EMERG-KIT-DELUXE,4,715.90
OI-0002297,ORD-100922,NAV-COMP-ELITE,6,8142.31
OI-0002298,ORD-100922,ZERO-G-BED,2,2282.75
OI-0002299,ORD-100922,SOLAR-LIGHT-LED,6,181.43
OI-0002300,ORD-100922,HYDRO-KIT-START,6,310.20
OI-0002301,ORD-100922,HULL-PLATE-TI,4,1242.84
OI-0002302,ORD-100923,COMM-ARRAY-LR,7,6837.75
OI-0002303,ORD-100923,RAD-SHIELD-VEST,4,782.73
OI-0002304,ORD-100924,SELDON-CRYO-ICE,6,48.70
OI-0002305,ORD-100924,H2O-REC-PRO,3,3148.76
OI-0002306,ORD-100925,EVA-SUIT-MK7,4,28871.19
OI-0002307,ORD-100926,RATION-PACK-30,5,426.62
OI-0002308,ORD-100926,HYDRO-KIT-START,8,336.16
OI-0002309,ORD-100926,THERMO-REG-3000,4,1380.33
OI-0002310,ORD-100927,RAD-SHIELD-VEST,8,949.53
OI-0002311,ORD-100928,THERMO-REG-3000,7,1610.90
OI-0002312,ORD-100928,SOLAR-LIGHT-LED,5,167.06
OI-0002313,ORD-100929,THERMO-REG-3000,6,1438.88
OI-0002314,ORD-100929,EVA-SUIT-MK7,4,31120.25
OI-0002315,ORD-100929,ION-DRIVE-MK3,3,48940.10
OI-0002316,ORD-100929,ZERO-G-BALL-SET,2,128.65
OI-0002317,ORD-100929,HULL-PLATE-TI,1,1214.08
OI-0002318,ORD-100930,RATION-PACK-30,1,420.23
OI-0002319,ORD-100930,HYDRO-KIT-START,7,294.97
OI-0002320,ORD-100930,EMERG-KIT-DELUXE,1,643.90
OI-0002321,ORD-100931,ZERO-G-BED,8,2417.55
OI-0002322,ORD-100931,LASER-DRILL-IND,3,32954.58
OI-0002323,ORD-100931,ZERO-G-BALL-SET,7,121.73
OI-0002324,ORD-100932,SOLAR-LIGHT-LED,7,178.74
OI-0002325,ORD-100932,EMERG-KIT-DELUXE,3,667.81
OI-0002326,ORD-100932,VR-ENTERTAIN-SYS,6,924.14
OI-0002327,ORD-100933,THERMO-REG-3000,1,1475.89
OI-0002328,ORD-100934,SOLAR-LIGHT-LED,4,179.33
OI-0002329,ORD-100935,OXY-GEN-5000,5,2726.80
OI-0002330,ORD-100936,LASER-DRILL-IND,3,36574.95
OI-0002331,ORD-100936,H2O-REC-PRO,4,2975.60
OI-0002332,ORD-100937,SOLAR-LIGHT-LED,2,178.16
OI-0002333,ORD-100937,ZERO-G-BALL-SET,5,129.12
OI-0002334,ORD-100937,COMM-ARRAY-LR,8,7407.65
OI-0002335,ORD-100938,LASER-DRILL-IND,5,39051.12
OI-0002336,ORD-100938,RATION-PACK-30,2,481.23
OI-0002337,ORD-100938,HYDRO-KIT-START,7,333.21
OI-0002338,ORD-100939,EMERG-KIT-DELUXE,4,681.25
OI-0002339,ORD-100940,EMERG-KIT-DELUXE,1,703.10
OI-0002340,ORD-100940,NAV-COMP-ELITE,8,8914.09
OI-0002341,ORD-100941,MULTI-SENSOR-PRO,2,4262.02
OI-0002342,ORD-100941,MULTI-SENSOR-PRO,8,4572.25
OI-0002343,ORD-100941,HYDRO-KIT-START,7,315.05
OI-0002344,ORD-100942,VR-ENTERTAIN-SYS,1,934.25
OI-0002345,ORD-100942,AIR-SCRUB-X,5,1700.93
OI-0002346,ORD-100943,SELDON-CRYO-ICE,2,48.97
OI-0002347,ORD-100943,QUANTUM-PROC-Q5,7,11134.51
OI-0002348,ORD-100944,EVA-SUIT-MK7,1,29268.17
OI-0002349,ORD-100944,SELDON-CRYO-ICE,1,48.37
OI-0002350,ORD-100945,THERMO-REG-3000,6,1424.77
OI-0002351,ORD-100945,ION-DRIVE-MK3,3,43443.56
OI-0002352,ORD-100945,NAV-COMP-ELITE,7,8848.04
OI-0002353,ORD-100945,RATION-PACK-30,1,448.60
OI-0002354,ORD-100945,H2O-REC-PRO,1,3444.77
OI-0002355,ORD-100946,HULL-PLATE-TI,8,1330.85
OI-0002356,ORD-100946,SELDON-CRYO-ICE,5,50.35
OI-0002357,ORD-100947,THERMO-REG-3000,8,1616.70
OI-0002358,ORD-100948,NAV-COMP-ELITE,5,8681.35
OI-0002359,ORD-100948,QUANTUM-PROC-Q5,4,12627.24
OI-0002360,ORD-100948,ZERO-G-BED,7,2301.19
OI-0002361,ORD-100948,SOLAR-LIGHT-LED,8,173.37
OI-0002362,ORD-100949,LASER-DRILL-IND,4,36798.21
OI-0002363,ORD-100949,SELDON-CRYO-ICE,5,44.11
OI-0002364,ORD-100949,SOLAR-LIGHT-LED,6,196.79
OI-0002365,ORD-100950,NAV-COMP-ELITE,5,8112.77
OI-0002366,ORD-100951,ZERO-G-BED,1,2130.34
OI-0002367,ORD-100952,RATION-PACK-30,5,432.87
OI-0002368,ORD-100952,HULL-PLATE-TI,2,1137.42
OI-0002369,ORD-100952,EVA-SUIT-MK7,5,30081.96
OI-0002370,ORD-100952,HULL-PLATE-TI,4,1284.14
OI-0002371,ORD-100952,LASER-DRILL-IND,6,33516.63
OI-0002372,ORD-100953,ION-DRIVE-MK3,7,44621.73
OI-0002373,ORD-100954,EMERG-KIT-DELUXE,4,700.94
OI-0002374,ORD-100954,ZERO-G-BED,6,2152.72
OI-0002375,ORD-100955,MULTI-SENSOR-PRO,4,4759.77
OI-0002376,ORD-100955,H2O-REC-PRO,7,3030.86
OI-0002377,ORD-100955,ION-DRIVE-MK3,2,45141.60
OI-0002378,ORD-100955,NAV-COMP-ELITE,4,8571.85
OI-0002379,ORD-100956,COMM-ARRAY-LR,2,6951.18
OI-0002380,ORD-100957,HULL-PLATE-TI,6,1331.96
OI-0002381,ORD-100958,ZERO-G-BALL-SET,3,132.42
OI-0002382,ORD-100958,HYDRO-KIT-START,7,322.61
OI-0002383,ORD-100958,RATION-PACK-30,3,499.70
OI-0002384,ORD-100959,AIR-SCRUB-X,5,1890.08
OI-0002385,ORD-100959,H2O-REC-PRO,3,3180.35
OI-0002386,ORD-100960,LASER-DRILL-IND,2,32971.39
OI-0002387,ORD-100960,MULTI-SENSOR-PRO,5,4671.42
OI-0002388,ORD-100961,ION-DRIVE-MK3,8,45752.80
OI-0002389,ORD-100961,SELDON-CRYO-ICE,2,44.29
OI-0002390,ORD-100961,SOLAR-LIGHT-LED,3,190.20
OI-0002391,ORD-100962,H2O-REC-PRO,8,3090.30
OI-0002392,ORD-100963,EVA-SUIT-MK7,8,25765.48
OI-0002393,ORD-100963,SELDON-CRYO-ICE,5,44.52
OI-0002394,ORD-100964,OXY-GEN-5000,3,2302.94
OI-0002395,ORD-100964,SELDON-CRYO-ICE,7,48.08
OI-0002396,ORD-100965,LASER-DRILL-IND,4,34112.00
OI-0002397,ORD-100966,HYDRO-KIT-START,8,305.44
OI-0002398,ORD-100966,H2O-REC-PRO,6,3008.08
OI-0002399,ORD-100966,HULL-PLATE-TI,5,1194.07
OI-0002400,ORD-100966,RATION-PACK-30,5,428.37
OI-0002401,ORD-100967,VR-ENTERTAIN-SYS,4,1004.18
OI-0002402,ORD-100968,RAD-SHIELD-VEST,4,907.51
OI-0002403,ORD-100968,LASER-DRILL-IND,1,35461.00
OI-0002404,ORD-100968,EMERG-KIT-DELUXE,5,713.73
OI-0002405,ORD-100969,COMM-ARRAY-LR,6,7441.05
OI-0002406,ORD-100969,OXY-GEN-5000,6,2352.10
OI-0002407,ORD-100970,HYDRO-KIT-START,7,316.42
OI-0002408,ORD-100970,THERMO-REG-3000,2,1560.01
OI-0002409,ORD-100970,EVA-SUIT-MK7,7,28551.69
OI-0002410,ORD-100971,THERMO-REG-3000,7,1657.10
OI-0002411,ORD-100972,SELDON-CRYO-ICE,5,47.40
OI-0002412,ORD-100973,RATION-PACK-30,6,430.70
OI-0002413,ORD-100974,EMERG-KIT-DELUXE,8,751.67
OI-0002414,ORD-100974,NAV-COMP-ELITE,7,8757.05
OI-0002415,ORD-100975,LASER-DRILL-IND,2,36829.24
OI-0002416,ORD-100976,COMM-ARRAY-LR,1,6768.88
OI-0002417,ORD-100977,ZERO-G-BALL-SET,7,126.05
OI-0002418,ORD-100977,RAD-SHIELD-VEST,6,897.11
OI-0002419,ORD-100978,ZERO-G-BALL-SET,8,125.38
OI-0002420,ORD-100978,H2O-REC-PRO,6,3047.19
OI-0002421,ORD-100978,HYDRO-KIT-START,2,325.78
OI-0002422,ORD-100978,RATION-PACK-30,5,463.17
OI-0002423,ORD-100979,SOLAR-LIGHT-LED,2,183.33
OI-0002424,ORD-100979,SELDON-CRYO-ICE,6,45.06
OI-0002425,ORD-100979,HULL-PLATE-TI,2,1342.36
OI-0002426,ORD-100979,NAV-COMP-ELITE,2,8105.88
OI-0002427,ORD-100979,EVA-SUIT-MK7,6,30423.70
OI-0002428,ORD-100980,RAD-SHIELD-VEST,2,797.08
OI-0002429,ORD-100980,NAV-COMP-ELITE,1,8486.34
OI-0002430,ORD-100981,SOLAR-LIGHT-LED,2,194.48
OI-0002431,ORD-100981,HULL-PLATE-TI,2,1216.85
OI-0002432,ORD-100981,EMERG-KIT-DELUXE,6,662.02
OI-0002433,ORD-100982,MULTI-SENSOR-PRO,7,4953.42
OI-0002434,ORD-100982,HULL-PLATE-TI,2,1140.76
OI-0002435,ORD-100983,AIR-SCRUB-X,5,1955.55
OI-0002436,ORD-100983,SOLAR-LIGHT-LED,3,198.17
OI-0002437,ORD-100983,RATION-PACK-30,3,477.60
OI-0002438,ORD-100983,THERMO-REG-3000,1,1416.45
OI-0002439,ORD-100984,RAD-SHIELD-VEST,7,870.62
OI-0002440,ORD-100985,H2O-REC-PRO,3,3393.68
OI-0002441,ORD-100985,EVA-SUIT-MK7,8,29321.89
OI-0002442,ORD-100985,NAV-COMP-ELITE,6,8926.45
OI-0002443,ORD-100985,AIR-SCRUB-X,7,1800.17
OI-0002444,ORD-100986,ION-DRIVE-MK3,5,42593.44
OI-0002445,ORD-100986,ION-DRIVE-MK3,3,48014.78
OI-0002446,ORD-100986,COMM-ARRAY-LR,2,7192.15
OI-0002447,ORD-100986,EMERG-KIT-DELUXE,4,735.86
OI-0002448,ORD-100986,H2O-REC-PRO,7,3375.17
OI-0002449,ORD-100987,COMM-ARRAY-LR,3,7166.39
OI-0002450,ORD-100987,OXY-GEN-5000,3,2646.56
OI-0002451,ORD-100988,MULTI-SENSOR-PRO,7,5030.72
OI-0002452,ORD-100988,OXY-GEN-5000,5,2351.53
OI-0002453,ORD-100988,RAD-SHIELD-VEST,6,814.71
OI-0002454,ORD-100989,AIR-SCRUB-X,2,1665.78
OI-0002455,ORD-100989,NAV-COMP-ELITE,6,8471.66
OI-0002456,ORD-100990,ION-DRIVE-MK3,6,43503.55
OI-0002457,ORD-100991,QUANTUM-PROC-Q5,1,11948.51
OI-0002458,ORD-100991,ION-DRIVE-MK3,4,43831.43
OI-0002459,ORD-100991,NAV-COMP-ELITE,4,9190.12
OI-0002460,ORD-100991,EMERG-KIT-DELUXE,4,755.11
OI-0002461,ORD-100992,H2O-REC-PRO,7,3440.67
OI-0002462,ORD-100993,OXY-GEN-5000,6,2381.54
OI-0002463,ORD-100993,VR-ENTERTAIN-SYS,6,989.67
OI-0002464,ORD-100993,RAD-SHIELD-VEST,1,824.29
OI-0002465,ORD-100993,SOLAR-LIGHT-LED,7,175.80
OI-0002466,ORD-100994,COMM-ARRAY-LR,3,7004.65
OI-0002467,ORD-100994,EVA-SUIT-MK7,4,30993.54
OI-0002468,ORD-100994,QUANTUM-PROC-Q5,7,12640.71
OI-0002469,ORD-100995,RATION-PACK-30,8,477.03
OI-0002470,ORD-100996,EVA-SUIT-MK7,2,27645.65
OI-0002471,ORD-100996,RAD-SHIELD-VEST,6,853.20
OI-0002472,ORD-100996,MULTI-SENSOR-PRO,1,4727.36
OI-0002473,ORD-100997,QUANTUM-PROC-Q5,4,13367.18
OI-0002474,ORD-100998,HULL-PLATE-TI,8,1186.36
OI-0002475,ORD-100998,H2O-REC-PRO,3,3471.89
OI-0002476,ORD-100998,COMM-ARRAY-LR,3,7337.75
OI-0002477,ORD-100999,RAD-SHIELD-VEST,7,908.58
OI-0002478,ORD-100999,THERMO-REG-3000,5,1534.25
OI-0002479,ORD-100999,AIR-SCRUB-X,7,1929.81
OI-0002480,ORD-100999,HULL-PLATE-TI,5,1241.51
OI-0002481,ORD-101000,VR-ENTERTAIN-SYS,7,988.21
OI-0002482,ORD-101001,NAV-COMP-ELITE,7,8376.83
OI-0002483,ORD-101001,HYDRO-KIT-START,1,354.90
OI-0002484,ORD-101002,HYDRO-KIT-START,4,308.63
OI-0002485,ORD-101002,EVA-SUIT-MK7,7,26257.15
OI-0002486,ORD-101002,H2O-REC-PRO,8,3508.99
OI-0002487,ORD-101003,EVA-SUIT-MK7,6,29661.07
OI-0002488,ORD-101003,EMERG-KIT-DELUXE,8,736.27
OI-0002489,ORD-101003,COMM-ARRAY-LR,8,7570.02
OI-0002490,ORD-101003,ZERO-G-BED,5,2325.02
OI-0002491,ORD-101003,SELDON-CRYO-ICE,4,49.87
OI-0002492,ORD-101004,COMM-ARRAY-LR,3,6286.64
OI-0002493,ORD-101004,RAD-SHIELD-VEST,7,861.43
OI-0002494,ORD-101005,H2O-REC-PRO,5,3416.62
OI-0002495,ORD-101005,SOLAR-LIGHT-LED,6,179.94
OI-0002496,ORD-101005,EMERG-KIT-DELUXE,3,658.53
OI-0002497,ORD-101006,H2O-REC-PRO,5,3242.51
OI-0002498,ORD-101006,ZERO-G-BALL-SET,2,112.08
OI-0002499,ORD-101006,HULL-PLATE-TI,5,1244.38
OI-0002500,ORD-101006,ZERO-G-BED,7,2058.23
OI-0002501,ORD-101007,QUANTUM-PROC-Q5,5,12168.92
OI-0002502,ORD-101007,SOLAR-LIGHT-LED,2,183.99
OI-0002503,ORD-101008,ZERO-G-BED,7,2174.96
OI-0002504,ORD-101008,LASER-DRILL-IND,6,32317.43
OI-0002505,ORD-101008,SELDON-CRYO-ICE,2,43.89
OI-0002506,ORD-101009,VR-ENTERTAIN-SYS,7,907.20
OI-0002507,ORD-101010,HULL-PLATE-TI,4,1236.42
OI-0002508,ORD-101010,AIR-SCRUB-X,5,1819.36
OI-0002509,ORD-101011,NAV-COMP-ELITE,6,8849.70
OI-0002510,ORD-101012,SOLAR-LIGHT-LED,7,176.76
OI-0002511,ORD-101012,RAD-SHIELD-VEST,8,833.42
OI-0002512,ORD-101012,NAV-COMP-ELITE,2,9467.94
OI-0002513,ORD-101013,EMERG-KIT-DELUXE,6,712.33
OI-0002514,ORD-101013,RATION-PACK-30,8,463.53
OI-0002515,ORD-101013,MULTI-SENSOR-PRO,6,4929.14
OI-0002516,ORD-101013,LASER-DRILL-IND,1,37861.92
OI-0002517,ORD-101013,EMERG-KIT-DELUXE,5,721.60
OI-0002518,ORD-101014,ZERO-G-BALL-SET,4,117.87
OI-0002519,ORD-101014,ZERO-G-BALL-SET,2,123.55
OI-0002520,ORD-101014,H2O-REC-PRO,1,3579.36
OI-0002521,ORD-101014,VR-ENTERTAIN-SYS,2,1029.63
OI-0002522,ORD-101015,H2O-REC-PRO,2,3054.97
OI-0002523,ORD-101016,AIR-SCRUB-X,6,1736.44
OI-0002524,ORD-101017,MULTI-SENSOR-PRO,6,4550.96
OI-0002525,ORD-101017,SOLAR-LIGHT-LED,4,192.58
OI-0002526,ORD-101017,QUANTUM-PROC-Q5,6,13411.09
OI-0002527,ORD-101018,LASER-DRILL-IND,2,32360.35
OI-0002528,ORD-101018,RATION-PACK-30,7,502.40
OI-0002529,ORD-101018,THERMO-REG-3000,2,1385.18
OI-0002530,ORD-101019,HYDRO-KIT-START,3,338.37
OI-0002531,ORD-101019,SELDON-CRYO-ICE,8,44.60
OI-0002532,ORD-101020,OXY-GEN-5000,1,2472.63
OI-0002533,ORD-101021,COMM-ARRAY-LR,6,7093.33
OI-0002534,ORD-101021,HYDRO-KIT-START,5,345.92
OI-0002535,ORD-101021,VR-ENTERTAIN-SYS,8,1052.46
OI-0002536,ORD-101021,HYDRO-KIT-START,6,300.06
OI-0002537,ORD-101022,THERMO-REG-3000,1,1621.80
OI-0002538,ORD-101022,H2O-REC-PRO,5,3297.55
OI-0002539,ORD-101022,ION-DRIVE-MK3,3,43759.33
OI-0002540,ORD-101022,SOLAR-LIGHT-LED,6,196.10
OI-0002541,ORD-101022,RAD-SHIELD-VEST,5,858.70
OI-0002542,ORD-101023,H2O-REC-PRO,2,3520.37
OI-0002543,ORD-101024,LASER-DRILL-IND,4,32718.48
OI-0002544,ORD-101024,THERMO-REG-3000,1,1505.01
OI-0002545,ORD-101024,HYDRO-KIT-START,3,348.37
OI-0002546,ORD-101024,OXY-GEN-5000,2,2796.15
OI-0002547,ORD-101025,MULTI-SENSOR-PRO,2,4823.94
OI-0002548,ORD-101026,ZERO-G-BED,4,2159.36
OI-0002549,ORD-101027,VR-ENTERTAIN-SYS,5,1038.26
OI-0002550,ORD-101027,EMERG-KIT-DELUXE,7,736.40
OI-0002551,ORD-101028,VR-ENTERTAIN-SYS,3,1039.80
OI-0002552,ORD-101028,ION-DRIVE-MK3,3,47852.14
OI-0002553,ORD-101029,SOLAR-LIGHT-LED,8,198.24
OI-0002554,ORD-101029,SELDON-CRYO-ICE,8,45.92
OI-0002555,ORD-101029,LASER-DRILL-IND,7,34149.79
OI-0002556,ORD-101029,VR-ENTERTAIN-SYS,4,965.13
OI-0002557,ORD-101029,COMM-ARRAY-LR,5,7037.36
OI-0002558,ORD-101030,RAD-SHIELD-VEST,5,873.37
OI-0002559,ORD-101030,EVA-SUIT-MK7,5,26247.12
OI-0002560,ORD-101030,AIR-SCRUB-X,5,2005.46
OI-0002561,ORD-101031,MULTI-SENSOR-PRO,2,4830.75
OI-0002562,ORD-101031,SELDON-CRYO-ICE,7,44.20
OI-0002563,ORD-101032,ION-DRIVE-MK3,1,48915.63
OI-0002564,ORD-101032,THERMO-REG-3000,4,1631.14
OI-0002565,ORD-101032,AIR-SCRUB-X,6,1863.22
OI-0002566,ORD-101033,SELDON-CRYO-ICE,5,45.32
OI-0002567,ORD-101034,EMERG-KIT-DELUXE,7,680.03
OI-0002568,ORD-101034,RAD-SHIELD-VEST,2,939.85
OI-0002569,ORD-101034,MULTI-SENSOR-PRO,5,4385.31
OI-0002570,ORD-101035,THERMO-REG-3000,5,1567.22
OI-0002571,ORD-101035,AIR-SCRUB-X,2,1871.75
OI-0002572,ORD-101035,HYDRO-KIT-START,6,320.56
OI-0002573,ORD-101036,ZERO-G-BED,6,2341.97
OI-0002574,ORD-101036,SELDON-CRYO-ICE,4,46.41
OI-0002575,ORD-101036,OXY-GEN-5000,8,2526.99
OI-0002576,ORD-101036,MULTI-SENSOR-PRO,3,4220.41
OI-0002577,ORD-101037,RAD-SHIELD-VEST,6,795.97
OI-0002578,ORD-101037,ZERO-G-BALL-SET,2,124.97
OI-0002579,ORD-101037,AIR-SCRUB-X,8,1829.98
OI-0002580,ORD-101037,ZERO-G-BED,2,2091.40
OI-0002581,ORD-101038,HULL-PLATE-TI,6,1263.11
OI-0002582,ORD-101038,RAD-SHIELD-VEST,5,856.80
OI-0002583,ORD-101038,SOLAR-LIGHT-LED,6,179.25
OI-0002584,ORD-101039,VR-ENTERTAIN-SYS,8,998.88
OI-0002585,ORD-101039,RATION-PACK-30,6,491.38
OI-0002586,ORD-101039,ZERO-G-BALL-SET,3,133.22
OI-0002587,ORD-101040,H2O-REC-PRO,1,3014.27
OI-0002588,ORD-101040,MULTI-SENSOR-PRO,5,4556.11
OI-0002589,ORD-101041,EVA-SUIT-MK7,6,28007.23
OI-0002590,ORD-101041,RATION-PACK-30,4,444.83
OI-0002591,ORD-101041,SELDON-CRYO-ICE,8,44.18
OI-0002592,ORD-101041,THERMO-REG-3000,6,1642.66
OI-0002593,ORD-101041,ZERO-G-BED,8,2118.16
OI-0002594,ORD-101042,ZERO-G-BED,2,2311.59
OI-0002595,ORD-101042,THERMO-REG-3000,1,1426.62
OI-0002596,ORD-101042,EMERG-KIT-DELUXE,5,711.02
OI-0002597,ORD-101042,RATION-PACK-30,4,450.95
OI-0002598,ORD-101043,ZERO-G-BALL-SET,8,127.69
OI-0002599,ORD-101043,HULL-PLATE-TI,5,1133.88
OI-0002600,ORD-101043,ZERO-G-BED,6,2275.64
OI-0002601,ORD-101043,H2O-REC-PRO,4,3263.56
OI-0002602,ORD-101043,QUANTUM-PROC-Q5,6,12753.32
OI-0002603,ORD-101044,EVA-SUIT-MK7,1,31024.66
OI-0002604,ORD-101044,EVA-SUIT-MK7,5,28977.89
OI-0002605,ORD-101044,RAD-SHIELD-VEST,7,901.12
OI-0002606,ORD-101045,HULL-PLATE-TI,7,1210.84
OI-0002607,ORD-101045,HULL-PLATE-TI,6,1343.57
OI-0002608,ORD-101046,NAV-COMP-ELITE,4,9181.44
OI-0002609,ORD-101047,THERMO-REG-3000,4,1474.09
OI-0002610,ORD-101048,ZERO-G-BED,7,2395.13
OI-0002611,ORD-101048,VR-ENTERTAIN-SYS,3,948.07
OI-0002612,ORD-101048,OXY-GEN-5000,3,2787.15
OI-0002613,ORD-101049,AIR-SCRUB-X,3,1975.09
OI-0002614,ORD-101049,EMERG-KIT-DELUXE,7,683.97
OI-0002615,ORD-101049,ZERO-G-BALL-SET,2,112.52
OI-0002616,ORD-101050,HYDRO-KIT-START,6,346.24
OI-0002617,ORD-101050,QUANTUM-PROC-Q5,7,13384.19
OI-0002618,ORD-101051,VR-ENTERTAIN-SYS,6,890.21
OI-0002619,ORD-101051,THERMO-REG-3000,8,1436.27
OI-0002620,ORD-101051,OXY-GEN-5000,6,2372.19
OI-0002621,ORD-101052,HYDRO-KIT-START,3,296.19
OI-0002622,ORD-101053,EMERG-KIT-DELUXE,8,745.07
OI-0002623,ORD-101054,THERMO-REG-3000,3,1602.14
OI-0002624,ORD-101054,ZERO-G-BED,1,2236.60
OI-0002625,ORD-101054,SELDON-CRYO-ICE,8,47.60
OI-0002626,ORD-101055,EMERG-KIT-DELUXE,7,701.88
OI-0002627,ORD-101055,QUANTUM-PROC-Q5,2,12242.41
OI-0002628,ORD-101056,AIR-SCRUB-X,7,1669.32
OI-0002629,ORD-101056,HULL-PLATE-TI,1,1196.86
OI-0002630,ORD-101056,COMM-ARRAY-LR,1,7568.75
OI-0002631,ORD-101057,ZERO-G-BALL-SET,2,114.91
OI-0002632,ORD-101057,VR-ENTERTAIN-SYS,3,984.12
OI-0002633,ORD-101058,ION-DRIVE-MK3,2,45210.99
OI-0002634,ORD-101059,OXY-GEN-5000,3,2732.42
OI-0002635,ORD-101060,RAD-SHIELD-VEST,5,839.47
OI-0002636,ORD-101060,COMM-ARRAY-LR,7,7036.52
OI-0002637,ORD-101060,ZERO-G-BED,2,2035.44
OI-0002638,ORD-101060,ION-DRIVE-MK3,2,44138.32
OI-0002639,ORD-101061,HULL-PLATE-TI,6,1297.93
OI-0002640,ORD-101061,LASER-DRILL-IND,8,32899.76
OI-0002641,ORD-101062,OXY-GEN-5000,6,2346.61
OI-0002642,ORD-101062,THERMO-REG-3000,5,1542.26
OI-0002643,ORD-101062,HULL-PLATE-TI,6,1154.12
OI-0002644,ORD-101063,SOLAR-LIGHT-LED,1,165.94
OI-0002645,ORD-101063,COMM-ARRAY-LR,4,6677.82
OI-0002646,ORD-101064,EVA-SUIT-MK7,6,30869.49
OI-0002647,ORD-101064,RAD-SHIELD-VEST,5,951.07
OI-0002648,ORD-101064,MULTI-SENSOR-PRO,2,4841.53
OI-0002649,ORD-101065,MULTI-SENSOR-PRO,5,4285.98
OI-0002650,ORD-101065,H2O-REC-PRO,8,3324.38
OI-0002651,ORD-101066,ZERO-G-BED,7,2174.23
OI-0002652,ORD-101066,HYDRO-KIT-START,8,304.11
OI-0002653,ORD-101067,OXY-GEN-5000,7,2489.48
OI-0002654,ORD-101067,ZERO-G-BALL-SET,3,132.53
OI-0002655,ORD-101067,SELDON-CRYO-ICE,7,42.01
OI-0002656,ORD-101068,SOLAR-LIGHT-LED,3,179.14
OI-0002657,ORD-101068,RAD-SHIELD-VEST,8,882.17
OI-0002658,ORD-101069,SOLAR-LIGHT-LED,3,175.95
OI-0002659,ORD-101069,ION-DRIVE-MK3,4,43133.33
OI-0002660,ORD-101069,HULL-PLATE-TI,1,1293.07
OI-0002661,ORD-101070,HYDRO-KIT-START,4,316.23
OI-0002662,ORD-101070,VR-ENTERTAIN-SYS,7,935.39
OI-0002663,ORD-101071,RAD-SHIELD-VEST,6,823.72
OI-0002664,ORD-101071,RATION-PACK-30,1,437.03
OI-0002665,ORD-101072,SELDON-CRYO-ICE,8,46.30
OI-0002666,ORD-101072,OXY-GEN-5000,3,2321.02
OI-0002667,ORD-101073,ZERO-G-BALL-SET,3,123.36
OI-0002668,ORD-101073,RAD-SHIELD-VEST,8,809.11
OI-0002669,ORD-101073,EMERG-KIT-DELUXE,8,653.21
OI-0002670,ORD-101073,AIR-SCRUB-X,5,1944.52
OI-0002671,ORD-101073,QUANTUM-PROC-Q5,6,12953.29
OI-0002672,ORD-101074,OXY-GEN-5000,4,2397.35
OI-0002673,ORD-101075,ION-DRIVE-MK3,1,42140.42
OI-0002674,ORD-101076,EVA-SUIT-MK7,6,29401.31
OI-0002675,ORD-101076,OXY-GEN-5000,2,2477.76
OI-0002676,ORD-101077,NAV-COMP-ELITE,4,7842.77
OI-0002677,ORD-101077,ZERO-G-BED,8,2086.37
OI-0002678,ORD-101077,HULL-PLATE-TI,4,1199.50
OI-0002679,ORD-101077,SELDON-CRYO-ICE,1,45.24
OI-0002680,ORD-101077,AIR-SCRUB-X,5,1776.81
OI-0002681,ORD-101078,RAD-SHIELD-VEST,8,895.78
OI-0002682,ORD-101078,OXY-GEN-5000,3,2475.20
OI-0002683,ORD-101079,HULL-PLATE-TI,3,1336.69
OI-0002684,ORD-101080,AIR-SCRUB-X,7,1959.23
OI-0002685,ORD-101080,LASER-DRILL-IND,8,32782.97
OI-0002686,ORD-101080,LASER-DRILL-IND,3,39015.17
OI-0002687,ORD-101080,EVA-SUIT-MK7,6,30410.74
OI-0002688,ORD-101081,AIR-SCRUB-X,3,1764.14
OI-0002689,ORD-101081,ZERO-G-BALL-SET,8,127.86
OI-0002690,ORD-101082,EVA-SUIT-MK7,8,26682.83
OI-0002691,ORD-101082,THERMO-REG-3000,6,1522.97
OI-0002692,ORD-101083,HYDRO-KIT-START,5,324.54
OI-0002693,ORD-101083,SOLAR-LIGHT-LED,1,188.15
OI-0002694,ORD-101083,H2O-REC-PRO,5,2950.07
OI-0002695,ORD-101084,HULL-PLATE-TI,7,1291.65
OI-0002696,ORD-101084,HULL-PLATE-TI,1,1246.90
OI-0002697,ORD-101084,AIR-SCRUB-X,5,1988.26
OI-0002698,ORD-101084,SELDON-CRYO-ICE,1,49.61
OI-0002699,ORD-101085,OXY-GEN-5000,1,2617.07
OI-0002700,ORD-101085,EMERG-KIT-DELUXE,5,642.72
OI-0002701,ORD-101086,QUANTUM-PROC-Q5,3,11419.00
OI-0002702,ORD-101086,VR-ENTERTAIN-SYS,4,1032.47
OI-0002703,ORD-101087,QUANTUM-PROC-Q5,8,12788.63
OI-0002704,ORD-101088,EVA-SUIT-MK7,7,26138.30
OI-0002705,ORD-101088,SELDON-CRYO-ICE,5,44.11
OI-0002706,ORD-101089,EVA-SUIT-MK7,6,30303.98
OI-0002707,ORD-101089,COMM-ARRAY-LR,4,7101.88
OI-0002708,ORD-101089,QUANTUM-PROC-Q5,4,12681.38
OI-0002709,ORD-101090,EMERG-KIT-DELUXE,2,746.90
OI-0002710,ORD-101091,OXY-GEN-5000,6,2395.44
OI-0002711,ORD-101091,EVA-SUIT-MK7,3,26067.80
OI-0002712,ORD-101091,HULL-PLATE-TI,6,1114.76
OI-0002713,ORD-101091,AIR-SCRUB-X,7,1673.35
OI-0002714,ORD-101091,HULL-PLATE-TI,3,1182.40
OI-0002715,ORD-101092,H2O-REC-PRO,5,3041.21
OI-0002716,ORD-101092,SELDON-CRYO-ICE,5,49.92
OI-0002717,ORD-101092,THERMO-REG-3000,5,1401.36
OI-0002718,ORD-101092,ZERO-G-BALL-SET,3,119.31
OI-0002719,ORD-101092,ZERO-G-BED,2,2081.90
OI-0002720,ORD-101093,ZERO-G-BED,1,2177.69
OI-0002721,ORD-101093,HULL-PLATE-TI,5,1250.70
OI-0002722,ORD-101093,COMM-ARRAY-LR,2,7094.40
OI-0002723,ORD-101093,RAD-SHIELD-VEST,2,838.64
OI-0002724,ORD-101094,HULL-PLATE-TI,3,1334.11
OI-0002725,ORD-101094,SELDON-CRYO-ICE,3,50.23
OI-0002726,ORD-101095,VR-ENTERTAIN-SYS,6,1043.44
OI-0002727,ORD-101095,SOLAR-LIGHT-LED,4,176.97
OI-0002728,ORD-101095,OXY-GEN-5000,1,2529.10
OI-0002729,ORD-101096,ZERO-G-BED,7,2286.08
OI-0002730,ORD-101096,EVA-SUIT-MK7,2,27474.00
OI-0002731,ORD-101097,RAD-SHIELD-VEST,2,873.45
OI-0002732,ORD-101097,NAV-COMP-ELITE,1,8297.78
OI-0002733,ORD-101097,THERMO-REG-3000,2,1495.76
OI-0002734,ORD-101098,ZERO-G-BALL-SET,7,118.42
OI-0002735,ORD-101098,THERMO-REG-3000,3,1494.06
OI-0002736,ORD-101098,ION-DRIVE-MK3,1,41508.28
OI-0002737,ORD-101099,HULL-PLATE-TI,1,1334.26
OI-0002738,ORD-101099,HULL-PLATE-TI,1,1288.48
OI-0002739,ORD-101100,SOLAR-LIGHT-LED,7,184.57
OI-0002740,ORD-101100,SOLAR-LIGHT-LED,8,179.01
OI-0002741,ORD-101101,NAV-COMP-ELITE,5,8243.20
OI-0002742,ORD-101101,AIR-SCRUB-X,1,1985.80
OI-0002743,ORD-101101,SELDON-CRYO-ICE,8,43.29
OI-0002744,ORD-101101,HYDRO-KIT-START,1,340.46
OI-0002745,ORD-101102,RAD-SHIELD-VEST,2,882.62
OI-0002746,ORD-101102,ION-DRIVE-MK3,7,42369.58
OI-0002747,ORD-101102,QUANTUM-PROC-Q5,8,12655.91
OI-0002748,ORD-101103,H2O-REC-PRO,4,3307.54
OI-0002749,ORD-101103,RAD-SHIELD-VEST,7,889.29
OI-0002750,ORD-101104,OXY-GEN-5000,2,2445.52
OI-0002751,ORD-101105,EMERG-KIT-DELUXE,8,719.87
OI-0002752,ORD-101105,ZERO-G-BED,2,2253.62
OI-0002753,ORD-101106,ION-DRIVE-MK3,3,43648.31
OI-0002754,ORD-101107,EMERG-KIT-DELUXE,3,730.62
OI-0002755,ORD-101108,COMM-ARRAY-LR,8,7119.44
OI-0002756,ORD-101108,H2O-REC-PRO,7,3455.78
OI-0002757,ORD-101109,COMM-ARRAY-LR,7,6516.29
OI-0002758,ORD-101109,AIR-SCRUB-X,4,1968.59
OI-0002759,ORD-101110,LASER-DRILL-IND,4,36886.75
OI-0002760,ORD-101110,SOLAR-LIGHT-LED,1,179.40
OI-0002761,ORD-101110,OXY-GEN-5000,5,2527.10
OI-0002762,ORD-101111,VR-ENTERTAIN-SYS,4,929.00
OI-0002763,ORD-101111,H2O-REC-PRO,4,3111.57
OI-0002764,ORD-101112,QUANTUM-PROC-Q5,5,12121.05
OI-0002765,ORD-101112,EMERG-KIT-DELUXE,6,681.91
OI-0002766,ORD-101112,ZERO-G-BALL-SET,5,129.42
OI-0002767,ORD-101113,RAD-SHIELD-VEST,5,916.40
OI-0002768,ORD-101113,EVA-SUIT-MK7,5,25913.00
OI-0002769,ORD-101114,LASER-DRILL-IND,5,32822.73
OI-0002770,ORD-101114,SELDON-CRYO-ICE,7,50.07
OI-0002771,ORD-101115,AIR-SCRUB-X,1,1685.24
OI-0002772,ORD-101115,VR-ENTERTAIN-SYS,7,996.36
OI-0002773,ORD-101116,VR-ENTERTAIN-SYS,7,1021.23
OI-0002774,ORD-101116,SELDON-CRYO-ICE,5,45.98
OI-0002775,ORD-101116,EMERG-KIT-DELUXE,2,689.15
OI-0002776,ORD-101117,AIR-SCRUB-X,8,1831.06
OI-0002777,ORD-101117,HULL-PLATE-TI,8,1179.17
OI-0002778,ORD-101118,AIR-SCRUB-X,5,1759.18
OI-0002779,ORD-101119,EMERG-KIT-DELUXE,5,715.85
OI-0002780,ORD-101120,ZERO-G-BALL-SET,3,119.63
OI-0002781,ORD-101120,THERMO-REG-3000,6,1444.33
OI-0002782,ORD-101121,SOLAR-LIGHT-LED,3,175.43
OI-0002783,ORD-101121,RAD-SHIELD-VEST,3,939.95
OI-0002784,ORD-101122,VR-ENTERTAIN-SYS,8,1000.12
OI-0002785,ORD-101122,COMM-ARRAY-LR,2,7603.80
OI-0002786,ORD-101122,HULL-PLATE-TI,5,1242.36
OI-0002787,ORD-101122,RATION-PACK-30,8,496.57
OI-0002788,ORD-101123,HYDRO-KIT-START,2,350.77
OI-0002789,ORD-101123,RATION-PACK-30,7,426.26
OI-0002790,ORD-101124,SELDON-CRYO-ICE,6,44.65
OI-0002791,ORD-101124,OXY-GEN-5000,4,2599.65
OI-0002792,ORD-101124,HULL-PLATE-TI,5,1262.74
OI-0002793,ORD-101125,H2O-REC-PRO,1,2974.66
OI-0002794,ORD-101125,AIR-SCRUB-X,2,1896.20
OI-0002795,ORD-101126,VR-ENTERTAIN-SYS,5,1023.68
OI-0002796,ORD-101126,LASER-DRILL-IND,2,33175.21
OI-0002797,ORD-101127,VR-ENTERTAIN-SYS,7,964.83
OI-0002798,ORD-101127,NAV-COMP-ELITE,4,7945.08
OI-0002799,ORD-101127,COMM-ARRAY-LR,5,6975.75
OI-0002800,ORD-101128,MULTI-SENSOR-PRO,7,4203.19
OI-0002801,ORD-101128,HYDRO-KIT-START,3,357.62
OI-0002802,ORD-101128,EMERG-KIT-DELUXE,3,745.11
OI-0002803,ORD-101128,OXY-GEN-5000,7,2406.66
OI-0002804,ORD-101128,AIR-SCRUB-X,7,1951.90
OI-0002805,ORD-101129,SELDON-CRYO-ICE,7,46.87
OI-0002806,ORD-101129,SOLAR-LIGHT-LED,4,177.01
OI-0002807,ORD-101129,SELDON-CRYO-ICE,2,45.12
OI-0002808,ORD-101130,MULTI-SENSOR-PRO,3,4849.55
OI-0002809,ORD-101131,ION-DRIVE-MK3,3,44217.19
OI-0002810,ORD-101131,LASER-DRILL-IND,7,37531.27
OI-0002811,ORD-101131,COMM-ARRAY-LR,5,7185.96
OI-0002812,ORD-101131,COMM-ARRAY-LR,4,7345.95
OI-0002813,ORD-101132,MULTI-SENSOR-PRO,8,4571.01
OI-0002814,ORD-101132,MULTI-SENSOR-PRO,6,4772.23
OI-0002815,ORD-101133,ZERO-G-BED,2,2326.76
OI-0002816,ORD-101134,AIR-SCRUB-X,1,1719.08
OI-0002817,ORD-101134,MULTI-SENSOR-PRO,6,4732.10
OI-0002818,ORD-101135,SELDON-CRYO-ICE,3,43.69
OI-0002819,ORD-101135,EVA-SUIT-MK7,5,29580.26
OI-0002820,ORD-101136,RATION-PACK-30,3,446.83
OI-0002821,ORD-101136,VR-ENTERTAIN-SYS,5,1012.75
OI-0002822,ORD-101137,EMERG-KIT-DELUXE,3,704.21
OI-0002823,ORD-101138,ION-DRIVE-MK3,2,41753.84
OI-0002824,ORD-101138,RAD-SHIELD-VEST,4,796.15
OI-0002825,ORD-101138,SELDON-CRYO-ICE,8,43.47
OI-0002826,ORD-101138,SOLAR-LIGHT-LED,6,193.05
OI-0002827,ORD-101139,AIR-SCRUB-X,7,1901.48
OI-0002828,ORD-101139,ION-DRIVE-MK3,8,46917.65
OI-0002829,ORD-101139,SOLAR-LIGHT-LED,4,188.25
OI-0002830,ORD-101139,MULTI-SENSOR-PRO,2,4281.31
OI-0002831,ORD-101140,H2O-REC-PRO,2,3339.80
OI-0002832,ORD-101140,VR-ENTERTAIN-SYS,5,1008.90
OI-0002833,ORD-101140,HYDRO-KIT-START,7,350.54
OI-0002834,ORD-101140,NAV-COMP-ELITE,1,7841.87
OI-0002835,ORD-101141,EVA-SUIT-MK7,6,30278.52
OI-0002836,ORD-101142,VR-ENTERTAIN-SYS,8,1012.11
OI-0002837,ORD-101142,QUANTUM-PROC-Q5,1,11636.95
OI-0002838,ORD-101142,OXY-GEN-5000,5,2486.91
OI-0002839,ORD-101143,MULTI-SENSOR-PRO,2,4580.82
OI-0002840,ORD-101144,ZERO-G-BALL-SET,7,112.77
OI-0002841,ORD-101144,NAV-COMP-ELITE,2,8380.82
OI-0002842,ORD-101145,EVA-SUIT-MK7,5,27076.07
OI-0002843,ORD-101145,COMM-ARRAY-LR,1,7554.32
OI-0002844,ORD-101146,MULTI-SENSOR-PRO,7,4891.34
OI-0002845,ORD-101146,EVA-SUIT-MK7,8,29703.10
OI-0002846,ORD-101146,VR-ENTERTAIN-SYS,3,950.35
OI-0002847,ORD-101146,HULL-PLATE-TI,2,1339.96
OI-0002848,ORD-101147,QUANTUM-PROC-Q5,3,11467.42
OI-0002849,ORD-101148,MULTI-SENSOR-PRO,6,4647.18
OI-0002850,ORD-101149,COMM-ARRAY-LR,6,7299.19
OI-0002851,ORD-101149,RATION-PACK-30,2,503.76
OI-0002852,ORD-101150,THERMO-REG-3000,1,1382.33
OI-0002853,ORD-101150,EMERG-KIT-DELUXE,4,662.63
OI-0002854,ORD-101150,SOLAR-LIGHT-LED,2,170.28
OI-0002855,ORD-101151,ZERO-G-BALL-SET,8,124.26
OI-0002856,ORD-101151,LASER-DRILL-IND,3,35465.80
OI-0002857,ORD-101151,SELDON-CRYO-ICE,6,47.66
OI-0002858,ORD-101152,LASER-DRILL-IND,7,35787.71
OI-0002859,ORD-101152,RATION-PACK-30,5,483.83
OI-0002860,ORD-101153,SELDON-CRYO-ICE,5,48.44
OI-0002861,ORD-101153,MULTI-SENSOR-PRO,8,4755.59
OI-0002862,ORD-101153,SELDON-CRYO-ICE,5,49.23
OI-0002863,ORD-101154,ZERO-G-BED,2,2327.32
OI-0002864,ORD-101154,OXY-GEN-5000,5,2424.74
OI-0002865,ORD-101155,HULL-PLATE-TI,8,1183.17
OI-0002866,ORD-101155,VR-ENTERTAIN-SYS,2,945.90
OI-0002867,ORD-101156,OXY-GEN-5000,1,2545.96
OI-0002868,ORD-101156,VR-ENTERTAIN-SYS,4,947.70
OI-0002869,ORD-101157,ZERO-G-BALL-SET,6,113.52
OI-0002870,ORD-101158,QUANTUM-PROC-Q5,8,11414.10
OI-0002871,ORD-101158,LASER-DRILL-IND,1,33518.62
OI-0002872,ORD-101158,HYDRO-KIT-START,4,311.54
OI-0002873,ORD-101158,RAD-SHIELD-VEST,2,831.64
OI-0002874,ORD-101159,SOLAR-LIGHT-LED,5,175.16
OI-0002875,ORD-101160,MULTI-SENSOR-PRO,1,4533.84
OI-0002876,ORD-101160,THERMO-REG-3000,2,1651.84
OI-0002877,ORD-101160,ION-DRIVE-MK3,3,49557.17
OI-0002878,ORD-101160,VR-ENTERTAIN-SYS,4,998.68
OI-0002879,ORD-101161,OXY-GEN-5000,5,2485.49
OI-0002880,ORD-101162,NAV-COMP-ELITE,4,8918.48
OI-0002881,ORD-101162,RAD-SHIELD-VEST,7,927.83
OI-0002882,ORD-101162,NAV-COMP-ELITE,1,8266.85
OI-0002883,ORD-101162,SOLAR-LIGHT-LED,1,166.65
OI-0002884,ORD-101163,OXY-GEN-5000,7,2352.09
OI-0002885,ORD-101163,LASER-DRILL-IND,1,35221.66
OI-0002886,ORD-101163,EVA-SUIT-MK7,1,30899.05
OI-0002887,ORD-101163,AIR-SCRUB-X,6,1900.16
OI-0002888,ORD-101163,ION-DRIVE-MK3,1,41902.35
OI-0002889,ORD-101164,ION-DRIVE-MK3,2,44841.53
OI-0002890,ORD-101164,AIR-SCRUB-X,4,1902.91
OI-0002891,ORD-101165,LASER-DRILL-IND,3,32987.32
OI-0002892,ORD-101165,MULTI-SENSOR-PRO,4,4162.40
OI-0002893,ORD-101165,AIR-SCRUB-X,3,1718.40
OI-0002894,ORD-101166,MULTI-SENSOR-PRO,5,4698.40
OI-0002895,ORD-101166,MULTI-SENSOR-PRO,8,4801.80
OI-0002896,ORD-101166,VR-ENTERTAIN-SYS,8,1023.96
OI-0002897,ORD-101167,ZERO-G-BED,6,2084.44
OI-0002898,ORD-101167,COMM-ARRAY-LR,8,6811.36
OI-0002899,ORD-101167,ZERO-G-BALL-SET,7,130.04
OI-0002900,ORD-101168,VR-ENTERTAIN-SYS,5,876.68
OI-0002901,ORD-101168,OXY-GEN-5000,5,2508.29
OI-0002902,ORD-101169,HYDRO-KIT-START,3,351.59
OI-0002903,ORD-101169,AIR-SCRUB-X,7,1748.58
OI-0002904,ORD-101169,EVA-SUIT-MK7,1,25767.33
OI-0002905,ORD-101170,SELDON-CRYO-ICE,7,44.80
OI-0002906,ORD-101171,COMM-ARRAY-LR,2,7396.30
OI-0002907,ORD-101171,OXY-GEN-5000,2,2588.40
OI-0002908,ORD-101171,AIR-SCRUB-X,5,1856.22
OI-0002909,ORD-101171,EMERG-KIT-DELUXE,8,625.98
OI-0002910,ORD-101171,RATION-PACK-30,8,414.11
OI-0002911,ORD-101172,HULL-PLATE-TI,7,1338.01
OI-0002912,ORD-101172,ZERO-G-BALL-SET,6,127.97
OI-0002913,ORD-101173,RAD-SHIELD-VEST,1,920.59
OI-0002914,ORD-101174,LASER-DRILL-IND,3,32429.40
OI-0002915,ORD-101174,OXY-GEN-5000,3,2610.05
OI-0002916,ORD-101174,RAD-SHIELD-VEST,6,935.76
OI-0002917,ORD-101175,QUANTUM-PROC-Q5,5,13035.40
OI-0002918,ORD-101175,ION-DRIVE-MK3,6,42762.13
OI-0002919,ORD-101176,NAV-COMP-ELITE,4,8599.60
OI-0002920,ORD-101177,AIR-SCRUB-X,8,1764.42
OI-0002921,ORD-101177,H2O-REC-PRO,6,3277.42
OI-0002922,ORD-101178,EVA-SUIT-MK7,5,27246.99
OI-0002923,ORD-101178,OXY-GEN-5000,7,2404.55
OI-0002924,ORD-101178,COMM-ARRAY-LR,6,7296.20
OI-0002925,ORD-101179,VR-ENTERTAIN-SYS,5,951.97
OI-0002926,ORD-101179,SOLAR-LIGHT-LED,6,187.07
OI-0002927,ORD-101179,ION-DRIVE-MK3,2,43584.87
OI-0002928,ORD-101179,ZERO-G-BALL-SET,7,113.23
OI-0002929,ORD-101180,LASER-DRILL-IND,8,36838.88
OI-0002930,ORD-101181,QUANTUM-PROC-Q5,8,13372.18
OI-0002931,ORD-101181,COMM-ARRAY-LR,5,6863.72
OI-0002932,ORD-101181,THERMO-REG-3000,1,1468.41
OI-0002933,ORD-101181,ZERO-G-BALL-SET,4,132.85
OI-0002934,ORD-101182,HYDRO-KIT-START,3,321.52
OI-0002935,ORD-101182,SOLAR-LIGHT-LED,8,186.83
OI-0002936,ORD-101183,HYDRO-KIT-START,4,321.02
OI-0002937,ORD-101183,OXY-GEN-5000,6,2781.28
OI-0002938,ORD-101183,SOLAR-LIGHT-LED,3,190.63
OI-0002939,ORD-101183,MULTI-SENSOR-PRO,2,5029.08
OI-0002940,ORD-101184,EMERG-KIT-DELUXE,5,732.72
OI-0002941,ORD-101184,RAD-SHIELD-VEST,4,853.73
OI-0002942,ORD-101184,ZERO-G-BED,7,2076.28
OI-0002943,ORD-101184,AIR-SCRUB-X,6,1803.45
OI-0002944,ORD-101185,HYDRO-KIT-START,8,335.08
OI-0002945,ORD-101186,SOLAR-LIGHT-LED,3,175.83
OI-0002946,ORD-101187,SELDON-CRYO-ICE,2,43.29
OI-0002947,ORD-101188,THERMO-REG-3000,4,1486.09
OI-0002948,ORD-101188,MULTI-SENSOR-PRO,5,4211.91
OI-0002949,ORD-101189,COMM-ARRAY-LR,7,7057.49
OI-0002950,ORD-101189,LASER-DRILL-IND,5,33429.22
OI-0002951,ORD-101189,EMERG-KIT-DELUXE,3,760.72
OI-0002952,ORD-101189,VR-ENTERTAIN-SYS,5,959.31
OI-0002953,ORD-101189,H2O-REC-PRO,6,3042.63
OI-0002954,ORD-101190,THERMO-REG-3000,7,1674.05
OI-0002955,ORD-101190,HYDRO-KIT-START,8,353.89
OI-0002956,ORD-101191,RAD-SHIELD-VEST,8,877.38
OI-0002957,ORD-101191,COMM-ARRAY-LR,8,7575.13
OI-0002958,ORD-101191,OXY-GEN-5000,7,2391.00
OI-0002959,ORD-101191,VR-ENTERTAIN-SYS,4,1030.54
OI-0002960,ORD-101191,COMM-ARRAY-LR,6,7362.04
OI-0002961,ORD-101192,MULTI-SENSOR-PRO,6,4775.15
OI-0002962,ORD-101192,RAD-SHIELD-VEST,4,792.35
OI-0002963,ORD-101193,EMERG-KIT-DELUXE,4,759.03
OI-0002964,ORD-101193,EVA-SUIT-MK7,8,29395.74
OI-0002965,ORD-101193,QUANTUM-PROC-Q5,2,11289.60
OI-0002966,ORD-101193,RAD-SHIELD-VEST,2,843.15
OI-0002967,ORD-101194,SOLAR-LIGHT-LED,8,192.46
OI-0002968,ORD-101195,HULL-PLATE-TI,5,1329.60
OI-0002969,ORD-101195,ZERO-G-BALL-SET,5,133.41
OI-0002970,ORD-101195,SOLAR-LIGHT-LED,5,166.74
OI-0002971,ORD-101195,SOLAR-LIGHT-LED,1,188.50
OI-0002972,ORD-101196,OXY-GEN-5000,2,2420.66
OI-0002973,ORD-101196,EMERG-KIT-DELUXE,8,637.99
OI-0002974,ORD-101197,VR-ENTERTAIN-SYS,2,881.26
OI-0002975,ORD-101197,OXY-GEN-5000,2,2482.99
OI-0002976,ORD-101198,ZERO-G-BED,7,2314.42
OI-0002977,ORD-101198,ZERO-G-BED,8,2330.61
OI-0002978,ORD-101198,ZERO-G-BALL-SET,5,118.88
OI-0002979,ORD-101198,RAD-SHIELD-VEST,6,878.62
OI-0002980,ORD-101199,QUANTUM-PROC-Q5,2,12381.96
OI-0002981,ORD-101199,LASER-DRILL-IND,6,38794.42
OI-0002982,ORD-101199,MULTI-SENSOR-PRO,3,4805.16
OI-0002983,ORD-101199,ZERO-G-BED,3,2379.96
OI-0002984,ORD-101200,MULTI-SENSOR-PRO,2,4926.30
OI-0002985,ORD-101200,LASER-DRILL-IND,3,32847.72
OI-0002986,ORD-101201,HYDRO-KIT-START,8,334.76
OI-0002987,ORD-101202,HULL-PLATE-TI,3,1277.64
OI-0002988,ORD-101202,AIR-SCRUB-X,3,1921.62
OI-0002989,ORD-101202,QUANTUM-PROC-Q5,5,11063.06
OI-0002990,ORD-101203,ZERO-G-BALL-SET,5,112.57
OI-0002991,ORD-101203,AIR-SCRUB-X,1,1786.21
OI-0002992,ORD-101203,ION-DRIVE-MK3,6,45703.76
OI-0002993,ORD-101204,LASER-DRILL-IND,2,38883.68
OI-0002994,ORD-101205,SOLAR-LIGHT-LED,2,172.28
OI-0002995,ORD-101205,HULL-PLATE-TI,5,1300.65
OI-0002996,ORD-101206,EMERG-KIT-DELUXE,1,701.22
OI-0002997,ORD-101207,AIR-SCRUB-X,4,1725.19
OI-0002998,ORD-101207,THERMO-REG-3000,4,1408.23
OI-0002999,ORD-101208,EMERG-KIT-DELUXE,8,665.12
OI-0003000,ORD-101208,MULTI-SENSOR-PRO,1,4240.81
OI-0003001,ORD-101208,NAV-COMP-ELITE,3,7858.97
OI-0003002,ORD-101209,HYDRO-KIT-START,6,339.68
OI-0003003,ORD-101209,SELDON-CRYO-ICE,8,42.77
OI-0003004,ORD-101210,H2O-REC-PRO,6,3437.15
OI-0003005,ORD-101210,EVA-SUIT-MK7,1,31103.00
OI-0003006,ORD-101210,ZERO-G-BALL-SET,7,131.03
OI-0003007,ORD-101210,NAV-COMP-ELITE,1,8541.69
OI-0003008,ORD-101210,EVA-SUIT-MK7,1,25836.52
OI-0003009,ORD-101211,HYDRO-KIT-START,4,308.36
OI-0003010,ORD-101211,EVA-SUIT-MK7,1,25923.96
OI-0003011,ORD-101211,RATION-PACK-30,6,461.06
OI-0003012,ORD-101211,OXY-GEN-5000,1,2590.00
OI-0003013,ORD-101212,VR-ENTERTAIN-SYS,4,992.38
OI-0003014,ORD-101212,SELDON-CRYO-ICE,3,43.59
OI-0003015,ORD-101213,RATION-PACK-30,4,469.82
OI-0003016,ORD-101213,RATION-PACK-30,7,484.36
OI-0003017,ORD-101213,NAV-COMP-ELITE,5,8702.95
OI-0003018,ORD-101213,ION-DRIVE-MK3,4,45255.29
OI-0003019,ORD-101213,VR-ENTERTAIN-SYS,4,978.08
OI-0003020,ORD-101214,COMM-ARRAY-LR,7,7259.75
OI-0003021,ORD-101214,COMM-ARRAY-LR,2,6790.34
OI-0003022,ORD-101215,OXY-GEN-5000,2,2355.45
OI-0003023,ORD-101215,COMM-ARRAY-LR,5,7342.98
OI-0003024,ORD-101216,NAV-COMP-ELITE,7,7949.42
OI-0003025,ORD-101217,ZERO-G-BED,5,2101.20
OI-0003026,ORD-101218,ZERO-G-BALL-SET,6,126.59
OI-0003027,ORD-101218,SOLAR-LIGHT-LED,1,165.92
OI-0003028,ORD-101219,EVA-SUIT-MK7,4,27947.24
OI-0003029,ORD-101219,EMERG-KIT-DELUXE,4,698.37
OI-0003030,ORD-101219,H2O-REC-PRO,6,3480.15
OI-0003031,ORD-101220,COMM-ARRAY-LR,1,6583.15
OI-0003032,ORD-101220,EMERG-KIT-DELUXE,5,702.03
OI-0003033,ORD-101220,NAV-COMP-ELITE,8,9202.02
OI-0003034,ORD-101220,H2O-REC-PRO,1,3386.26
OI-0003035,ORD-101221,QUANTUM-PROC-Q5,3,12465.40
OI-0003036,ORD-101221,ZERO-G-BED,5,2149.44
OI-0003037,ORD-101221,THERMO-REG-3000,7,1552.82
OI-0003038,ORD-101222,AIR-SCRUB-X,8,1729.69
OI-0003039,ORD-101222,QUANTUM-PROC-Q5,8,12431.90
OI-0003040,ORD-101222,QUANTUM-PROC-Q5,6,12444.18
OI-0003041,ORD-101223,COMM-ARRAY-LR,8,7233.07
OI-0003042,ORD-101224,MULTI-SENSOR-PRO,8,4504.53
OI-0003043,ORD-101224,AIR-SCRUB-X,4,1670.74
OI-0003044,ORD-101224,COMM-ARRAY-LR,5,7016.83
OI-0003045,ORD-101225,RAD-SHIELD-VEST,6,928.11
OI-0003046,ORD-101225,RAD-SHIELD-VEST,2,894.12
OI-0003047,ORD-101225,H2O-REC-PRO,3,3209.32
OI-0003048,ORD-101226,EMERG-KIT-DELUXE,5,635.53
OI-0003049,ORD-101226,OXY-GEN-5000,8,2663.86
OI-0003050,ORD-101226,RATION-PACK-30,2,503.00
OI-0003051,ORD-101226,RATION-PACK-30,2,441.06
OI-0003052,ORD-101226,THERMO-REG-3000,5,1456.37
OI-0003053,ORD-101227,EMERG-KIT-DELUXE,6,757.53
OI-0003054,ORD-101227,ION-DRIVE-MK3,4,45873.38
OI-0003055,ORD-101227,RAD-SHIELD-VEST,5,877.13
OI-0003056,ORD-101228,AIR-SCRUB-X,1,1854.22
OI-0003057,ORD-101229,NAV-COMP-ELITE,4,9229.21
OI-0003058,ORD-101229,SELDON-CRYO-ICE,6,45.53
OI-0003059,ORD-101230,RAD-SHIELD-VEST,1,871.71
OI-0003060,ORD-101230,EMERG-KIT-DELUXE,7,750.59
OI-0003061,ORD-101230,SOLAR-LIGHT-LED,4,171.51
OI-0003062,ORD-101230,RAD-SHIELD-VEST,1,879.01
OI-0003063,ORD-101231,RAD-SHIELD-VEST,5,896.44
OI-0003064,ORD-101232,EMERG-KIT-DELUXE,2,686.36
OI-0003065,ORD-101232,ZERO-G-BALL-SET,5,122.36
OI-0003066,ORD-101233,HULL-PLATE-TI,1,1156.01
OI-0003067,ORD-101233,THERMO-REG-3000,5,1483.59
OI-0003068,ORD-101234,EMERG-KIT-DELUXE,6,645.54
OI-0003069,ORD-101235,NAV-COMP-ELITE,7,9049.66
OI-0003070,ORD-101235,SOLAR-LIGHT-LED,4,172.59
OI-0003071,ORD-101235,RAD-SHIELD-VEST,7,821.19
OI-0003072,ORD-101235,COMM-ARRAY-LR,3,6459.25
OI-0003073,ORD-101236,HULL-PLATE-TI,8,1265.80
OI-0003074,ORD-101236,ION-DRIVE-MK3,6,48158.24
OI-0003075,ORD-101236,NAV-COMP-ELITE,2,7880.09
OI-0003076,ORD-101236,HULL-PLATE-TI,8,1301.89
OI-0003077,ORD-101237,NAV-COMP-ELITE,2,8894.83
OI-0003078,ORD-101238,AIR-SCRUB-X,3,1785.62
OI-0003079,ORD-101238,RAD-SHIELD-VEST,1,827.79
OI-0003080,ORD-101238,HULL-PLATE-TI,8,1128.25
OI-0003081,ORD-101239,ZERO-G-BED,5,2157.08
OI-0003082,ORD-101239,HYDRO-KIT-START,2,317.93
OI-0003083,ORD-101239,VR-ENTERTAIN-SYS,4,962.08
OI-0003084,ORD-101239,ION-DRIVE-MK3,7,44004.29
OI-0003085,ORD-101240,ZERO-G-BALL-SET,1,115.70
OI-0003086,ORD-101240,EVA-SUIT-MK7,8,30876.75
OI-0003087,ORD-101240,EMERG-KIT-DELUXE,4,717.77
OI-0003088,ORD-101241,HYDRO-KIT-START,6,295.15
OI-0003089,ORD-101241,SOLAR-LIGHT-LED,7,197.17
OI-0003090,ORD-101241,SELDON-CRYO-ICE,7,47.14
OI-0003091,ORD-101242,LASER-DRILL-IND,2,38434.04
OI-0003092,ORD-101242,OXY-GEN-5000,4,2563.87
OI-0003093,ORD-101243,ZERO-G-BALL-SET,7,115.87
OI-0003094,ORD-101243,LASER-DRILL-IND,5,36505.61
OI-0003095,ORD-101244,NAV-COMP-ELITE,2,8618.88
OI-0003096,ORD-101244,EMERG-KIT-DELUXE,8,655.14
OI-0003097,ORD-101244,H2O-REC-PRO,3,3416.53
OI-0003098,ORD-101245,ION-DRIVE-MK3,3,49923.66
OI-0003099,ORD-101245,NAV-COMP-ELITE,5,9380.81
OI-0003100,ORD-101245,EVA-SUIT-MK7,5,28919.97
OI-0003101,ORD-101246,EVA-SUIT-MK7,4,31226.51
OI-0003102,ORD-101246,HYDRO-KIT-START,7,314.21
OI-0003103,ORD-101246,EVA-SUIT-MK7,4,29481.05
OI-0003104,ORD-101247,ZERO-G-BED,2,2030.37
OI-0003105,ORD-101247,ZERO-G-BED,8,2382.43
OI-0003106,ORD-101247,COMM-ARRAY-LR,7,6848.05
OI-0003107,ORD-101247,ZERO-G-BALL-SET,5,116.52
OI-0003108,ORD-101247,RAD-SHIELD-VEST,4,899.07
OI-0003109,ORD-101248,NAV-COMP-ELITE,8,8741.94
OI-0003110,ORD-101249,LASER-DRILL-IND,4,35723.55
OI-0003111,ORD-101249,THERMO-REG-3000,3,1604.07
OI-0003112,ORD-101250,THERMO-REG-3000,3,1459.57
OI-0003113,ORD-101250,HULL-PLATE-TI,5,1289.89
OI-0003114,ORD-101251,NAV-COMP-ELITE,6,9295.23
OI-0003115,ORD-101251,SOLAR-LIGHT-LED,5,179.34
OI-0003116,ORD-101252,ION-DRIVE-MK3,3,42442.13
OI-0003117,ORD-101252,MULTI-SENSOR-PRO,1,5026.51
OI-0003118,ORD-101253,QUANTUM-PROC-Q5,2,11793.25
OI-0003119,ORD-101254,MULTI-SENSOR-PRO,8,4313.72
OI-0003120,ORD-101255,LASER-DRILL-IND,5,36453.10
OI-0003121,ORD-101255,ZERO-G-BALL-SET,2,114.95
OI-0003122,ORD-101255,THERMO-REG-3000,6,1390.85
OI-0003123,ORD-101255,ZERO-G-BED,6,2077.16
OI-0003124,ORD-101256,LASER-DRILL-IND,3,36382.12
OI-0003125,ORD-101256,NAV-COMP-ELITE,3,9097.06
OI-0003126,ORD-101256,VR-ENTERTAIN-SYS,6,877.28
OI-0003127,ORD-101257,COMM-ARRAY-LR,1,7161.39
OI-0003128,ORD-101257,NAV-COMP-ELITE,8,9303.73
OI-0003129,ORD-101257,AIR-SCRUB-X,8,1834.57
OI-0003130,ORD-101257,EMERG-KIT-DELUXE,6,678.01
OI-0003131,ORD-101258,SELDON-CRYO-ICE,4,49.65
OI-0003132,ORD-101258,THERMO-REG-3000,6,1662.96
OI-0003133,ORD-101258,SOLAR-LIGHT-LED,6,183.25
OI-0003134,ORD-101259,LASER-DRILL-IND,4,33569.67
OI-0003135,ORD-101259,ION-DRIVE-MK3,6,44614.60
OI-0003136,ORD-101259,EMERG-KIT-DELUXE,8,704.59
OI-0003137,ORD-101259,HYDRO-KIT-START,1,321.87
OI-0003138,ORD-101260,H2O-REC-PRO,5,3173.96
OI-0003139,ORD-101260,ZERO-G-BED,3,2063.18
OI-0003140,ORD-101260,HYDRO-KIT-START,1,348.32
OI-0003141,ORD-101260,SOLAR-LIGHT-LED,1,184.28
OI-0003142,ORD-101261,SOLAR-LIGHT-LED,1,197.15
OI-0003143,ORD-101262,OXY-GEN-5000,6,2714.32
OI-0003144,ORD-101262,EMERG-KIT-DELUXE,1,681.90
OI-0003145,ORD-101262,HYDRO-KIT-START,8,311.19
OI-0003146,ORD-101262,THERMO-REG-3000,7,1558.24
OI-0003147,ORD-101263,ZERO-G-BED,8,2433.16
OI-0003148,ORD-101263,SELDON-CRYO-ICE,8,49.57
OI-0003149,ORD-101264,RAD-SHIELD-VEST,3,871.15
OI-0003150,ORD-101264,SELDON-CRYO-ICE,7,42.51
OI-0003151,ORD-101264,QUANTUM-PROC-Q5,7,13176.33
OI-0003152,ORD-101264,MULTI-SENSOR-PRO,1,4261.28
OI-0003153,ORD-101264,THERMO-REG-3000,3,1562.63
OI-0003154,ORD-101265,OXY-GEN-5000,4,2454.22
OI-0003155,ORD-101265,EMERG-KIT-DELUXE,3,662.33
OI-0003156,ORD-101266,RAD-SHIELD-VEST,8,921.66
OI-0003157,ORD-101266,QUANTUM-PROC-Q5,1,11419.53
OI-0003158,ORD-101267,OXY-GEN-5000,6,2672.56
OI-0003159,ORD-101267,EMERG-KIT-DELUXE,5,707.23
OI-0003160,ORD-101267,AIR-SCRUB-X,8,1720.71
OI-0003161,ORD-101267,ZERO-G-BED,1,2173.37
OI-0003162,ORD-101268,HULL-PLATE-TI,5,1263.33
OI-0003163,ORD-101268,HULL-PLATE-TI,3,1134.45
OI-0003164,ORD-101268,RATION-PACK-30,1,468.41
OI-0003165,ORD-101268,HYDRO-KIT-START,5,353.05
OI-0003166,ORD-101269,VR-ENTERTAIN-SYS,8,971.28
OI-0003167,ORD-101269,COMM-ARRAY-LR,4,7182.04
OI-0003168,ORD-101269,SELDON-CRYO-ICE,8,49.28
OI-0003169,ORD-101269,RAD-SHIELD-VEST,3,899.16
OI-0003170,ORD-101270,EMERG-KIT-DELUXE,2,714.43
OI-0003171,ORD-101270,H2O-REC-PRO,7,3040.39
OI-0003172,ORD-101271,HYDRO-KIT-START,7,308.05
OI-0003173,ORD-101271,QUANTUM-PROC-Q5,3,11509.01
OI-0003174,ORD-101271,RAD-SHIELD-VEST,3,835.48
OI-0003175,ORD-101271,QUANTUM-PROC-Q5,3,11347.83
OI-0003176,ORD-101272,VR-ENTERTAIN-SYS,1,936.91
OI-0003177,ORD-101272,HULL-PLATE-TI,5,1184.74
OI-0003178,ORD-101272,HULL-PLATE-TI,3,1226.59
OI-0003179,ORD-101273,H2O-REC-PRO,3,3289.81
OI-0003180,ORD-101273,RAD-SHIELD-VEST,5,836.56
OI-0003181,ORD-101274,RATION-PACK-30,6,483.94
OI-0003182,ORD-101274,HYDRO-KIT-START,7,302.62
OI-0003183,ORD-101274,SELDON-CRYO-ICE,1,45.73
OI-0003184,ORD-101275,QUANTUM-PROC-Q5,6,12738.79
OI-0003185,ORD-101275,QUANTUM-PROC-Q5,5,13275.78
OI-0003186,ORD-101276,OXY-GEN-5000,2,2312.58
OI-0003187,ORD-101276,H2O-REC-PRO,4,3450.77
OI-0003188,ORD-101276,QUANTUM-PROC-Q5,4,11746.78
OI-0003189,ORD-101277,H2O-REC-PRO,3,3017.99
OI-0003190,ORD-101277,ZERO-G-BALL-SET,3,122.38
OI-0003191,ORD-101278,COMM-ARRAY-LR,1,7519.96
OI-0003192,ORD-101278,EVA-SUIT-MK7,1,27383.09
OI-0003193,ORD-101278,NAV-COMP-ELITE,2,9486.95
OI-0003194,ORD-101279,THERMO-REG-3000,7,1637.89
OI-0003195,ORD-101280,VR-ENTERTAIN-SYS,3,896.98
OI-0003196,ORD-101280,NAV-COMP-ELITE,7,9290.86
OI-0003197,ORD-101280,VR-ENTERTAIN-SYS,3,965.34
OI-0003198,ORD-101281,ION-DRIVE-MK3,1,49501.21
OI-0003199,ORD-101281,THERMO-REG-3000,7,1389.74
OI-0003200,ORD-101282,EMERG-KIT-DELUXE,5,759.08
OI-0003201,ORD-101283,HULL-PLATE-TI,7,1164.58
OI-0003202,ORD-101283,EMERG-KIT-DELUXE,2,636.91
OI-0003203,ORD-101283,SOLAR-LIGHT-LED,6,186.46
OI-0003204,ORD-101284,ZERO-G-BALL-SET,4,132.51
OI-0003205,ORD-101285,ZERO-G-BED,7,2055.64
OI-0003206,ORD-101285,QUANTUM-PROC-Q5,2,12205.26
OI-0003207,ORD-101286,RAD-SHIELD-VEST,7,801.55
OI-0003208,ORD-101286,OXY-GEN-5000,1,2346.99
OI-0003209,ORD-101286,AIR-SCRUB-X,4,1875.52
OI-0003210,ORD-101287,ZERO-G-BALL-SET,1,112.49
OI-0003211,ORD-101288,HULL-PLATE-TI,1,1195.54
OI-0003212,ORD-101288,LASER-DRILL-IND,7,35432.53
OI-0003213,ORD-101288,HULL-PLATE-TI,7,1212.50
OI-0003214,ORD-101288,H2O-REC-PRO,7,3019.63
OI-0003215,ORD-101289,EMERG-KIT-DELUXE,7,702.80
OI-0003216,ORD-101290,LASER-DRILL-IND,2,38034.76
OI-0003217,ORD-101290,EVA-SUIT-MK7,8,26911.37
OI-0003218,ORD-101291,LASER-DRILL-IND,8,33603.27
OI-0003219,ORD-101291,ZERO-G-BED,7,2457.98
OI-0003220,ORD-101292,SOLAR-LIGHT-LED,6,187.00
OI-0003221,ORD-101292,COMM-ARRAY-LR,6,6960.81
OI-0003222,ORD-101292,SELDON-CRYO-ICE,7,44.87
OI-0003223,ORD-101292,COMM-ARRAY-LR,5,7578.53
OI-0003224,ORD-101293,ION-DRIVE-MK3,1,46432.42
OI-0003225,ORD-101293,COMM-ARRAY-LR,7,6684.16
OI-0003226,ORD-101294,VR-ENTERTAIN-SYS,1,1020.84
OI-0003227,ORD-101294,RAD-SHIELD-VEST,1,845.68
OI-0003228,ORD-101295,EMERG-KIT-DELUXE,1,720.34
OI-0003229,ORD-101295,COMM-ARRAY-LR,1,6901.62
OI-0003230,ORD-101296,MULTI-SENSOR-PRO,2,4181.30
OI-0003231,ORD-101296,HYDRO-KIT-START,7,317.50
OI-0003232,ORD-101296,HULL-PLATE-TI,8,1255.59
OI-0003233,ORD-101296,SOLAR-LIGHT-LED,4,172.88
OI-0003234,ORD-101297,COMM-ARRAY-LR,2,6712.52
OI-0003235,ORD-101297,HYDRO-KIT-START,1,339.76
OI-0003236,ORD-101297,ZERO-G-BALL-SET,5,130.04
OI-0003237,ORD-101298,THERMO-REG-3000,5,1673.03
OI-0003238,ORD-101298,COMM-ARRAY-LR,8,6903.06
OI-0003239,ORD-101299,NAV-COMP-ELITE,6,8580.22
OI-0003240,ORD-101300,THERMO-REG-3000,8,1480.24
OI-0003241,ORD-101301,HULL-PLATE-TI,7,1325.39
OI-0003242,ORD-101301,NAV-COMP-ELITE,2,8036.54
OI-0003243,ORD-101301,RAD-SHIELD-VEST,8,825.10
OI-0003244,ORD-101302,HULL-PLATE-TI,8,1202.69
OI-0003245,ORD-101303,THERMO-REG-3000,6,1415.73
OI-0003246,ORD-101303,OXY-GEN-5000,7,2433.66
OI-0003247,ORD-101303,RAD-SHIELD-VEST,1,946.16
OI-0003248,ORD-101304,MULTI-SENSOR-PRO,5,4761.09
OI-0003249,ORD-101305,COMM-ARRAY-LR,4,7261.53
OI-0003250,ORD-101305,AIR-SCRUB-X,7,1833.28
OI-0003251,ORD-101306,ZERO-G-BALL-SET,4,110.97
OI-0003252,ORD-101306,ION-DRIVE-MK3,1,45550.51
OI-0003253,ORD-101306,ZERO-G-BED,7,2026.23
OI-0003254,ORD-101306,MULTI-SENSOR-PRO,3,4520.99
OI-0003255,ORD-101306,LASER-DRILL-IND,1,33069.39
OI-0003256,ORD-101307,ZERO-G-BED,5,2450.38
OI-0003257,ORD-101307,HULL-PLATE-TI,1,1209.64
OI-0003258,ORD-101307,SELDON-CRYO-ICE,2,48.63
OI-0003259,ORD-101307,COMM-ARRAY-LR,1,7349.86
OI-0003260,ORD-101307,EVA-SUIT-MK7,4,30936.59
OI-0003261,ORD-101308,THERMO-REG-3000,3,1622.32
OI-0003262,ORD-101308,H2O-REC-PRO,5,3282.14
OI-0003263,ORD-101308,RATION-PACK-30,1,465.00
OI-0003264,ORD-101309,EVA-SUIT-MK7,8,29120.02
OI-0003265,ORD-101309,NAV-COMP-ELITE,3,8280.52
OI-0003266,ORD-101310,COMM-ARRAY-LR,3,7054.16
OI-0003267,ORD-101311,HULL-PLATE-TI,1,1328.85
OI-0003268,ORD-101311,RATION-PACK-30,7,479.51
OI-0003269,ORD-101311,LASER-DRILL-IND,6,38114.76
OI-0003270,ORD-101312,EMERG-KIT-DELUXE,3,714.60
OI-0003271,ORD-101312,QUANTUM-PROC-Q5,7,12748.43
OI-0003272,ORD-101312,H2O-REC-PRO,4,3531.17
OI-0003273,ORD-101313,HYDRO-KIT-START,8,322.47
OI-0003274,ORD-101313,MULTI-SENSOR-PRO,5,4542.33
OI-0003275,ORD-101313,EVA-SUIT-MK7,8,30989.12
OI-0003276,ORD-101314,LASER-DRILL-IND,1,32319.19
OI-0003277,ORD-101314,H2O-REC-PRO,5,3503.47
OI-0003278,ORD-101314,ZERO-G-BED,5,2264.86
OI-0003279,ORD-101315,HYDRO-KIT-START,6,317.70
OI-0003280,ORD-101315,HULL-PLATE-TI,6,1320.39
OI-0003281,ORD-101316,AIR-SCRUB-X,5,1950.13
OI-0003282,ORD-101316,RATION-PACK-30,4,438.87
OI-0003283,ORD-101317,MULTI-SENSOR-PRO,6,4971.27
OI-0003284,ORD-101317,ION-DRIVE-MK3,2,45215.66
OI-0003285,ORD-101317,VR-ENTERTAIN-SYS,4,912.67
OI-0003286,ORD-101318,QUANTUM-PROC-Q5,4,11230.70
OI-0003287,ORD-101318,AIR-SCRUB-X,6,1983.86
OI-0003288,ORD-101318,RAD-SHIELD-VEST,6,912.21
OI-0003289,ORD-101319,H2O-REC-PRO,4,3501.02
OI-0003290,ORD-101319,SOLAR-LIGHT-LED,1,184.45
OI-0003291,ORD-101320,ION-DRIVE-MK3,1,42855.87
OI-0003292,ORD-101320,QUANTUM-PROC-Q5,1,11119.15
OI-0003293,ORD-101320,NAV-COMP-ELITE,4,9022.95
OI-0003294,ORD-101320,ZERO-G-BALL-SET,7,116.23
OI-0003295,ORD-101321,EVA-SUIT-MK7,2,29975.07
OI-0003296,ORD-101321,SOLAR-LIGHT-LED,8,181.16
OI-0003297,ORD-101321,HULL-PLATE-TI,5,1315.36
OI-0003298,ORD-101321,HYDRO-KIT-START,1,329.20
OI-0003299,ORD-101321,QUANTUM-PROC-Q5,2,11485.43
OI-0003300,ORD-101322,NAV-COMP-ELITE,3,9114.76
OI-0003301,ORD-101322,LASER-DRILL-IND,7,35045.26
OI-0003302,ORD-101322,EVA-SUIT-MK7,6,28662.39
OI-0003303,ORD-101323,COMM-ARRAY-LR,7,7365.01
OI-0003304,ORD-101323,NAV-COMP-ELITE,6,8243.85
OI-0003305,ORD-101324,THERMO-REG-3000,5,1609.70
OI-0003306,ORD-101324,ZERO-G-BALL-SET,7,119.77
OI-0003307,ORD-101324,EMERG-KIT-DELUXE,2,755.99
OI-0003308,ORD-101324,RATION-PACK-30,3,489.58
OI-0003309,ORD-101324,ZERO-G-BALL-SET,3,116.23
OI-0003310,ORD-101325,H2O-REC-PRO,7,3376.31
OI-0003311,ORD-101325,AIR-SCRUB-X,4,1841.29
OI-0003312,ORD-101325,RAD-SHIELD-VEST,5,902.16
OI-0003313,ORD-101326,EVA-SUIT-MK7,7,29409.67
OI-0003314,ORD-101326,ZERO-G-BED,8,2245.06
OI-0003315,ORD-101327,SOLAR-LIGHT-LED,4,171.56
OI-0003316,ORD-101328,EVA-SUIT-MK7,2,30606.57
OI-0003317,ORD-101328,HYDRO-KIT-START,1,310.37
OI-0003318,ORD-101329,MULTI-SENSOR-PRO,7,4476.66
OI-0003319,ORD-101330,NAV-COMP-ELITE,3,9272.15
OI-0003320,ORD-101330,ZERO-G-BALL-SET,1,129.11
OI-0003321,ORD-101331,ZERO-G-BED,8,2420.08
OI-0003322,ORD-101331,SELDON-CRYO-ICE,5,46.62
OI-0003323,ORD-101332,EMERG-KIT-DELUXE,4,631.69
OI-0003324,ORD-101333,HYDRO-KIT-START,3,301.36
OI-0003325,ORD-101334,EVA-SUIT-MK7,5,27153.90
OI-0003326,ORD-101334,AIR-SCRUB-X,3,1804.96
OI-0003327,ORD-101334,SOLAR-LIGHT-LED,6,179.93
OI-0003328,ORD-101335,OXY-GEN-5000,7,2681.42
OI-0003329,ORD-101335,COMM-ARRAY-LR,8,6699.17
OI-0003330,ORD-101336,SOLAR-LIGHT-LED,8,167.10
OI-0003331,ORD-101336,ZERO-G-BALL-SET,1,118.06
OI-0003332,ORD-101337,LASER-DRILL-IND,4,37871.35
OI-0003333,ORD-101337,HULL-PLATE-TI,6,1295.87
OI-0003334,ORD-101338,H2O-REC-PRO,8,3316.28
OI-0003335,ORD-101338,NAV-COMP-ELITE,3,9283.17
OI-0003336,ORD-101339,SELDON-CRYO-ICE,2,44.31
OI-0003337,ORD-101339,QUANTUM-PROC-Q5,1,12909.74
OI-0003338,ORD-101340,QUANTUM-PROC-Q5,4,12157.11
OI-0003339,ORD-101340,H2O-REC-PRO,1,3313.69
OI-0003340,ORD-101341,RATION-PACK-30,3,444.69
OI-0003341,ORD-101341,LASER-DRILL-IND,3,36062.60
OI-0003342,ORD-101342,ZERO-G-BED,1,2180.03
OI-0003343,ORD-101342,RATION-PACK-30,8,499.67
OI-0003344,ORD-101342,HULL-PLATE-TI,4,1111.33
OI-0003345,ORD-101343,THERMO-REG-3000,5,1573.07
OI-0003346,ORD-101344,NAV-COMP-ELITE,6,8614.04
OI-0003347,ORD-101344,RAD-SHIELD-VEST,7,929.05
OI-0003348,ORD-101345,HYDRO-KIT-START,7,344.81
OI-0003349,ORD-101345,AIR-SCRUB-X,2,1858.00
OI-0003350,ORD-101346,EVA-SUIT-MK7,1,26034.34
OI-0003351,ORD-101347,AIR-SCRUB-X,5,1897.57
OI-0003352,ORD-101347,EVA-SUIT-MK7,3,29666.90
OI-0003353,ORD-101347,EMERG-KIT-DELUXE,3,745.41
OI-0003354,ORD-101348,ZERO-G-BALL-SET,2,134.17
OI-0003355,ORD-101348,ION-DRIVE-MK3,3,41732.27
OI-0003356,ORD-101349,EVA-SUIT-MK7,5,30683.97
OI-0003357,ORD-101350,EVA-SUIT-MK7,4,27853.37
OI-0003358,ORD-101350,LASER-DRILL-IND,6,36782.24
OI-0003359,ORD-101351,SOLAR-LIGHT-LED,2,170.95
OI-0003360,ORD-101351,RAD-SHIELD-VEST,2,880.15
OI-0003361,ORD-101351,ZERO-G-BALL-SET,7,133.49
OI-0003362,ORD-101351,ZERO-G-BALL-SET,4,115.46
OI-0003363,ORD-101352,RAD-SHIELD-VEST,6,821.46
OI-0003364,ORD-101352,MULTI-SENSOR-PRO,6,4300.14
OI-0003365,ORD-101352,ION-DRIVE-MK3,1,42621.76
OI-0003366,ORD-101353,THERMO-REG-3000,4,1467.11
OI-0003367,ORD-101353,ZERO-G-BED,2,2222.91
OI-0003368,ORD-101354,EVA-SUIT-MK7,6,30444.39
OI-0003369,ORD-101354,SELDON-CRYO-ICE,1,44.25
OI-0003370,ORD-101354,RAD-SHIELD-VEST,8,905.21
OI-0003371,ORD-101354,ZERO-G-BALL-SET,2,121.41
OI-0003372,ORD-101355,ZERO-G-BALL-SET,3,132.00
OI-0003373,ORD-101356,COMM-ARRAY-LR,4,6527.28
OI-0003374,ORD-101356,RATION-PACK-30,7,462.23
OI-0003375,ORD-101356,EVA-SUIT-MK7,1,30276.88
OI-0003376,ORD-101356,VR-ENTERTAIN-SYS,6,935.66
OI-0003377,ORD-101357,ZERO-G-BALL-SET,8,116.65
OI-0003378,ORD-101357,NAV-COMP-ELITE,6,8293.29
OI-0003379,ORD-101357,ZERO-G-BALL-SET,3,113.15
OI-0003380,ORD-101358,ZERO-G-BALL-SET,4,119.27
OI-0003381,ORD-101358,MULTI-SENSOR-PRO,4,4615.80
OI-0003382,ORD-101358,EMERG-KIT-DELUXE,2,639.30
OI-0003383,ORD-101358,MULTI-SENSOR-PRO,8,4173.83
OI-0003384,ORD-101359,QUANTUM-PROC-Q5,3,11962.44
OI-0003385,ORD-101359,QUANTUM-PROC-Q5,6,13220.62
OI-0003386,ORD-101359,QUANTUM-PROC-Q5,7,13413.94
OI-0003387,ORD-101359,OXY-GEN-5000,3,2780.76
OI-0003388,ORD-101360,QUANTUM-PROC-Q5,4,11702.87
OI-0003389,ORD-101361,ZERO-G-BED,2,2196.12
OI-0003390,ORD-101361,MULTI-SENSOR-PRO,3,4207.10
OI-0003391,ORD-101362,COMM-ARRAY-LR,2,6975.14
OI-0003392,ORD-101362,MULTI-SENSOR-PRO,5,4249.66
OI-0003393,ORD-101363,EVA-SUIT-MK7,2,29495.10
OI-0003394,ORD-101363,RAD-SHIELD-VEST,3,878.19
OI-0003395,ORD-101364,RATION-PACK-30,5,423.91
OI-0003396,ORD-101365,OXY-GEN-5000,2,2525.11
OI-0003397,ORD-101365,H2O-REC-PRO,3,2977.05
OI-0003398,ORD-101365,EMERG-KIT-DELUXE,5,721.05
OI-0003399,ORD-101365,SOLAR-LIGHT-LED,7,180.12
OI-0003400,ORD-101366,COMM-ARRAY-LR,2,7610.76
OI-0003401,ORD-101366,MULTI-SENSOR-PRO,4,4856.31
OI-0003402,ORD-101367,NAV-COMP-ELITE,2,8430.82
OI-0003403,ORD-101367,VR-ENTERTAIN-SYS,3,1042.57
OI-0003404,ORD-101367,HULL-PLATE-TI,5,1147.93
OI-0003405,ORD-101367,COMM-ARRAY-LR,1,7245.08
OI-0003406,ORD-101368,SELDON-CRYO-ICE,4,50.39
OI-0003407,ORD-101368,ION-DRIVE-MK3,1,50354.92
OI-0003408,ORD-101368,MULTI-SENSOR-PRO,4,4983.56
OI-0003409,ORD-101368,COMM-ARRAY-LR,3,6584.77
OI-0003410,ORD-101369,ZERO-G-BALL-SET,8,125.76
OI-0003411,ORD-101369,SOLAR-LIGHT-LED,7,198.36
OI-0003412,ORD-101369,QUANTUM-PROC-Q5,1,13371.22
OI-0003413,ORD-101369,RAD-SHIELD-VEST,8,928.75
OI-0003414,ORD-101369,AIR-SCRUB-X,1,1817.58
OI-0003415,ORD-101370,EVA-SUIT-MK7,3,27690.13
OI-0003416,ORD-101371,HULL-PLATE-TI,6,1271.84
OI-0003417,ORD-101371,HULL-PLATE-TI,2,1297.19
OI-0003418,ORD-101371,ION-DRIVE-MK3,4,49570.52
OI-0003419,ORD-101372,EVA-SUIT-MK7,4,26202.81
OI-0003420,ORD-101372,LASER-DRILL-IND,6,36251.69
OI-0003421,ORD-101373,ZERO-G-BED,1,2382.64
OI-0003422,ORD-101373,SELDON-CRYO-ICE,1,45.86
OI-0003423,ORD-101373,ZERO-G-BED,1,2342.21
OI-0003424,ORD-101374,SOLAR-LIGHT-LED,3,193.27
OI-0003425,ORD-101374,HULL-PLATE-TI,1,1298.85
OI-0003426,ORD-101375,NAV-COMP-ELITE,1,9082.24
OI-0003427,ORD-101375,LASER-DRILL-IND,2,34657.13
OI-0003428,ORD-101375,RATION-PACK-30,7,432.74
OI-0003429,ORD-101375,ZERO-G-BED,2,2429.12
OI-0003430,ORD-101376,MULTI-SENSOR-PRO,1,4366.63
OI-0003431,ORD-101377,NAV-COMP-ELITE,2,8057.88
OI-0003432,ORD-101377,AIR-SCRUB-X,8,1678.73
OI-0003433,ORD-101377,EMERG-KIT-DELUXE,4,673.65
OI-0003434,ORD-101378,RAD-SHIELD-VEST,4,793.96
OI-0003435,ORD-101378,QUANTUM-PROC-Q5,4,11612.65
OI-0003436,ORD-101378,RATION-PACK-30,1,503.67
OI-0003437,ORD-101379,COMM-ARRAY-LR,1,6292.38
OI-0003438,ORD-101379,VR-ENTERTAIN-SYS,2,970.79
OI-0003439,ORD-101379,OXY-GEN-5000,4,2652.49
OI-0003440,ORD-101379,QUANTUM-PROC-Q5,6,12756.63
OI-0003441,ORD-101379,H2O-REC-PRO,1,3026.55
OI-0003442,ORD-101380,SELDON-CRYO-ICE,4,43.05
OI-0003443,ORD-101380,AIR-SCRUB-X,5,1860.43
OI-0003444,ORD-101381,H2O-REC-PRO,7,3175.18
OI-0003445,ORD-101382,H2O-REC-PRO,8,3430.30
OI-0003446,ORD-101382,HYDRO-KIT-START,3,337.86
OI-0003447,ORD-101383,AIR-SCRUB-X,8,1913.51
OI-0003448,ORD-101383,EVA-SUIT-MK7,8,28131.71
OI-0003449,ORD-101383,EVA-SUIT-MK7,6,30602.70
OI-0003450,ORD-101384,EMERG-KIT-DELUXE,8,656.18
OI-0003451,ORD-101385,OXY-GEN-5000,8,2780.92
OI-0003452,ORD-101385,ZERO-G-BALL-SET,7,129.09
OI-0003453,ORD-101385,H2O-REC-PRO,4,3344.88
OI-0003454,ORD-101385,RATION-PACK-30,6,492.87
OI-0003455,ORD-101386,NAV-COMP-ELITE,4,8812.00
OI-0003456,ORD-101386,EVA-SUIT-MK7,2,29535.92
OI-0003457,ORD-101387,COMM-ARRAY-LR,3,6331.03
OI-0003458,ORD-101387,ZERO-G-BED,6,2324.27
OI-0003459,ORD-101388,H2O-REC-PRO,8,3429.66
OI-0003460,ORD-101388,EMERG-KIT-DELUXE,7,687.62
OI-0003461,ORD-101388,EMERG-KIT-DELUXE,3,713.23
OI-0003462,ORD-101389,ION-DRIVE-MK3,5,45022.79
OI-0003463,ORD-101389,EVA-SUIT-MK7,6,29504.53
OI-0003464,ORD-101389,VR-ENTERTAIN-SYS,1,1043.58
OI-0003465,ORD-101389,COMM-ARRAY-LR,2,7537.95
OI-0003466,ORD-101389,OXY-GEN-5000,5,2575.98
OI-0003467,ORD-101390,RATION-PACK-30,1,502.17
OI-0003468,ORD-101390,EMERG-KIT-DELUXE,8,689.00
OI-0003469,ORD-101391,THERMO-REG-3000,7,1611.80
OI-0003470,ORD-101392,LASER-DRILL-IND,3,34027.85
OI-0003471,ORD-101392,ZERO-G-BALL-SET,3,117.21
OI-0003472,ORD-101393,EMERG-KIT-DELUXE,7,730.02
OI-0003473,ORD-101394,HULL-PLATE-TI,5,1162.09
OI-0003474,ORD-101395,HYDRO-KIT-START,4,302.30
OI-0003475,ORD-101395,MULTI-SENSOR-PRO,5,4238.30
OI-0003476,ORD-101395,AIR-SCRUB-X,2,1869.07
OI-0003477,ORD-101395,OXY-GEN-5000,3,2313.88
OI-0003478,ORD-101396,EVA-SUIT-MK7,4,29950.27
OI-0003479,ORD-101396,ZERO-G-BED,4,2270.64
OI-0003480,ORD-101396,HYDRO-KIT-START,6,344.00
OI-0003481,ORD-101397,MULTI-SENSOR-PRO,6,4328.69
OI-0003482,ORD-101397,MULTI-SENSOR-PRO,3,4501.33
OI-0003483,ORD-101397,HYDRO-KIT-START,6,298.24
OI-0003484,ORD-101397,RATION-PACK-30,5,490.64
OI-0003485,ORD-101398,SELDON-CRYO-ICE,6,49.28
OI-0003486,ORD-101398,ION-DRIVE-MK3,1,44424.57
OI-0003487,ORD-101398,RAD-SHIELD-VEST,6,789.75
OI-0003488,ORD-101399,RAD-SHIELD-VEST,8,825.03
OI-0003489,ORD-101399,COMM-ARRAY-LR,7,6615.78
OI-0003490,ORD-101400,QUANTUM-PROC-Q5,7,11342.17
OI-0003491,ORD-101401,OXY-GEN-5000,5,2312.18
OI-0003492,ORD-101402,SELDON-CRYO-ICE,5,45.62
OI-0003493,ORD-101403,HULL-PLATE-TI,5,1163.17
OI-0003494,ORD-101403,SELDON-CRYO-ICE,5,49.93
OI-0003495,ORD-101403,HYDRO-KIT-START,8,330.04
OI-0003496,ORD-101404,LASER-DRILL-IND,6,37178.78
OI-0003497,ORD-101404,ZERO-G-BED,8,2346.54
OI-0003498,ORD-101404,RATION-PACK-30,3,454.38
OI-0003499,ORD-101405,NAV-COMP-ELITE,4,8490.04
OI-0003500,ORD-101406,HULL-PLATE-TI,2,1333.68
OI-0003501,ORD-101406,OXY-GEN-5000,6,2303.27
OI-0003502,ORD-101407,COMM-ARRAY-LR,3,6536.54
OI-0003503,ORD-101407,NAV-COMP-ELITE,6,9008.66
OI-0003504,ORD-101408,OXY-GEN-5000,3,2489.68
OI-0003505,ORD-101409,EMERG-KIT-DELUXE,7,755.67
OI-0003506,ORD-101410,ZERO-G-BALL-SET,4,111.97
OI-0003507,ORD-101411,EVA-SUIT-MK7,8,30519.95
OI-0003508,ORD-101411,HULL-PLATE-TI,2,1339.78
OI-0003509,ORD-101411,LASER-DRILL-IND,8,39122.33
OI-0003510,ORD-101411,COMM-ARRAY-LR,2,7265.22
OI-0003511,ORD-101412,LASER-DRILL-IND,1,35878.40
OI-0003512,ORD-101412,SOLAR-LIGHT-LED,1,165.61
OI-0003513,ORD-101412,H2O-REC-PRO,8,3040.48
OI-0003514,ORD-101412,OXY-GEN-5000,8,2342.70
OI-0003515,ORD-101412,ION-DRIVE-MK3,2,46102.02
OI-0003516,ORD-101413,EVA-SUIT-MK7,6,28254.69
OI-0003517,ORD-101413,LASER-DRILL-IND,1,33583.91
OI-0003518,ORD-101414,EVA-SUIT-MK7,7,28524.30
OI-0003519,ORD-101415,ZERO-G-BALL-SET,6,124.20
OI-0003520,ORD-101415,RATION-PACK-30,5,444.17
OI-0003521,ORD-101415,QUANTUM-PROC-Q5,8,11462.34
OI-0003522,ORD-101415,HULL-PLATE-TI,7,1202.95
OI-0003523,ORD-101415,QUANTUM-PROC-Q5,7,11347.05
OI-0003524,ORD-101416,COMM-ARRAY-LR,7,6454.88
OI-0003525,ORD-101417,VR-ENTERTAIN-SYS,7,981.09
OI-0003526,ORD-101417,ZERO-G-BED,6,2220.47
OI-0003527,ORD-101417,LASER-DRILL-IND,2,38904.15
OI-0003528,ORD-101417,AIR-SCRUB-X,1,1798.30
OI-0003529,ORD-101418,NAV-COMP-ELITE,8,8623.61
OI-0003530,ORD-101418,AIR-SCRUB-X,3,1756.35
OI-0003531,ORD-101418,NAV-COMP-ELITE,2,8552.97
OI-0003532,ORD-101418,COMM-ARRAY-LR,6,7175.07
OI-0003533,ORD-101419,ZERO-G-BED,7,2370.00
OI-0003534,ORD-101419,ION-DRIVE-MK3,7,49499.42
OI-0003535,ORD-101419,ZERO-G-BALL-SET,3,128.56
OI-0003536,ORD-101419,HULL-PLATE-TI,3,1216.71
OI-0003537,ORD-101420,ZERO-G-BALL-SET,6,129.30
OI-0003538,ORD-101420,RATION-PACK-30,6,435.07
OI-0003539,ORD-101420,QUANTUM-PROC-Q5,3,11857.01
OI-0003540,ORD-101421,HULL-PLATE-TI,7,1185.21
OI-0003541,ORD-101422,EVA-SUIT-MK7,1,29883.66
OI-0003542,ORD-101422,H2O-REC-PRO,7,2972.15
OI-0003543,ORD-101422,RAD-SHIELD-VEST,5,941.57
OI-0003544,ORD-101422,RATION-PACK-30,5,484.85
OI-0003545,ORD-101423,THERMO-REG-3000,4,1531.12
OI-0003546,ORD-101423,EVA-SUIT-MK7,7,26804.17
OI-0003547,ORD-101423,AIR-SCRUB-X,6,1977.13
OI-0003548,ORD-101424,COMM-ARRAY-LR,3,6921.08
OI-0003549,ORD-101424,ZERO-G-BED,4,2300.22
OI-0003550,ORD-101425,EMERG-KIT-DELUXE,3,642.28
OI-0003551,ORD-101425,ZERO-G-BALL-SET,1,110.74
OI-0003552,ORD-101425,RATION-PACK-30,4,491.50
OI-0003553,ORD-101426,EVA-SUIT-MK7,7,27947.29
OI-0003554,ORD-101427,EVA-SUIT-MK7,7,30980.39
OI-0003555,ORD-101427,RAD-SHIELD-VEST,7,847.43
OI-0003556,ORD-101427,COMM-ARRAY-LR,8,7578.82
OI-0003557,ORD-101428,LASER-DRILL-IND,8,35904.54
OI-0003558,ORD-101428,ZERO-G-BALL-SET,8,134.31
OI-0003559,ORD-101429,VR-ENTERTAIN-SYS,6,1005.54
OI-0003560,ORD-101429,SOLAR-LIGHT-LED,3,187.02
OI-0003561,ORD-101429,VR-ENTERTAIN-SYS,8,1022.89
OI-0003562,ORD-101430,H2O-REC-PRO,4,3047.83
OI-0003563,ORD-101431,OXY-GEN-5000,7,2476.82
OI-0003564,ORD-101431,EMERG-KIT-DELUXE,6,672.27
OI-0003565,ORD-101432,EMERG-KIT-DELUXE,4,668.76
OI-0003566,ORD-101432,EVA-SUIT-MK7,4,29400.93
OI-0003567,ORD-101433,VR-ENTERTAIN-SYS,7,1000.22
OI-0003568,ORD-101433,AIR-SCRUB-X,8,1891.20
OI-0003569,ORD-101433,HYDRO-KIT-START,6,354.85
OI-0003570,ORD-101434,ION-DRIVE-MK3,4,44940.01
OI-0003571,ORD-101434,VR-ENTERTAIN-SYS,5,900.10
OI-0003572,ORD-101434,EMERG-KIT-DELUXE,6,739.37
OI-0003573,ORD-101435,AIR-SCRUB-X,1,1900.68
OI-0003574,ORD-101435,LASER-DRILL-IND,6,38192.43
OI-0003575,ORD-101436,HYDRO-KIT-START,2,344.05
OI-0003576,ORD-101437,SOLAR-LIGHT-LED,7,173.41
OI-0003577,ORD-101437,HULL-PLATE-TI,4,1340.50
OI-0003578,ORD-101438,LASER-DRILL-IND,5,32658.82
OI-0003579,ORD-101438,COMM-ARRAY-LR,3,6339.35
OI-0003580,ORD-101439,LASER-DRILL-IND,4,37362.51
OI-0003581,ORD-101439,HULL-PLATE-TI,3,1227.72
OI-0003582,ORD-101439,ZERO-G-BALL-SET,8,110.99
OI-0003583,ORD-101440,HYDRO-KIT-START,8,324.78
OI-0003584,ORD-101440,SELDON-CRYO-ICE,4,45.81
OI-0003585,ORD-101440,ZERO-G-BED,6,2137.19
OI-0003586,ORD-101441,ION-DRIVE-MK3,7,45056.58
OI-0003587,ORD-101441,RATION-PACK-30,6,494.22
OI-0003588,ORD-101441,HULL-PLATE-TI,4,1295.67
OI-0003589,ORD-101441,ZERO-G-BALL-SET,3,124.97
OI-0003590,ORD-101441,ION-DRIVE-MK3,8,47770.22
OI-0003591,ORD-101442,MULTI-SENSOR-PRO,3,4942.47
OI-0003592,ORD-101442,EVA-SUIT-MK7,8,26818.09
OI-0003593,ORD-101442,ZERO-G-BALL-SET,2,130.35
OI-0003594,ORD-101443,AIR-SCRUB-X,5,1944.73
OI-0003595,ORD-101443,AIR-SCRUB-X,2,1807.71
OI-0003596,ORD-101444,COMM-ARRAY-LR,5,6597.33
OI-0003597,ORD-101445,EVA-SUIT-MK7,7,29779.70
OI-0003598,ORD-101446,EVA-SUIT-MK7,6,29504.46
OI-0003599,ORD-101446,RATION-PACK-30,1,468.14
OI-0003600,ORD-101446,NAV-COMP-ELITE,4,8738.69
OI-0003601,ORD-101446,ZERO-G-BED,4,2041.38
OI-0003602,ORD-101447,SOLAR-LIGHT-LED,2,182.86
OI-0003603,ORD-101447,VR-ENTERTAIN-SYS,5,1057.15
OI-0003604,ORD-101448,EMERG-KIT-DELUXE,5,753.21
OI-0003605,ORD-101448,AIR-SCRUB-X,6,1762.81
OI-0003606,ORD-101449,ZERO-G-BALL-SET,6,132.31
OI-0003607,ORD-101449,SOLAR-LIGHT-LED,6,194.01
OI-0003608,ORD-101450,ION-DRIVE-MK3,3,44334.61
OI-0003609,ORD-101450,COMM-ARRAY-LR,6,6736.25
OI-0003610,ORD-101451,QUANTUM-PROC-Q5,4,11177.80
OI-0003611,ORD-101451,LASER-DRILL-IND,8,32523.67
OI-0003612,ORD-101451,AIR-SCRUB-X,4,1940.43
OI-0003613,ORD-101451,HYDRO-KIT-START,3,332.18
OI-0003614,ORD-101451,HYDRO-KIT-START,2,295.43
OI-0003615,ORD-101452,ION-DRIVE-MK3,6,41696.44
OI-0003616,ORD-101452,QUANTUM-PROC-Q5,7,13194.65
OI-0003617,ORD-101452,VR-ENTERTAIN-SYS,5,878.86
OI-0003618,ORD-101453,EVA-SUIT-MK7,3,27499.94
OI-0003619,ORD-101454,OXY-GEN-5000,6,2467.70
OI-0003620,ORD-101454,ION-DRIVE-MK3,6,48484.17
OI-0003621,ORD-101454,SOLAR-LIGHT-LED,3,186.15
OI-0003622,ORD-101454,ION-DRIVE-MK3,7,44822.90
OI-0003623,ORD-101455,H2O-REC-PRO,5,3243.22
OI-0003624,ORD-101456,H2O-REC-PRO,7,3500.86
OI-0003625,ORD-101457,SELDON-CRYO-ICE,6,42.15
OI-0003626,ORD-101457,SOLAR-LIGHT-LED,6,180.62
OI-0003627,ORD-101457,AIR-SCRUB-X,4,1896.20
OI-0003628,ORD-101458,AIR-SCRUB-X,3,1888.34
OI-0003629,ORD-101458,NAV-COMP-ELITE,8,9461.45
OI-0003630,ORD-101459,HYDRO-KIT-START,4,331.52
OI-0003631,ORD-101460,HULL-PLATE-TI,2,1235.82
OI-0003632,ORD-101461,OXY-GEN-5000,1,2649.58
OI-0003633,ORD-101461,RATION-PACK-30,2,499.61
OI-0003634,ORD-101462,QUANTUM-PROC-Q5,7,12525.14
OI-0003635,ORD-101462,RATION-PACK-30,8,501.87
OI-0003636,ORD-101462,H2O-REC-PRO,8,2950.91
OI-0003637,ORD-101463,ZERO-G-BALL-SET,2,114.69
OI-0003638,ORD-101463,NAV-COMP-ELITE,3,8012.54
OI-0003639,ORD-101463,OXY-GEN-5000,1,2487.33
OI-0003640,ORD-101464,SELDON-CRYO-ICE,1,49.36
OI-0003641,ORD-101464,AIR-SCRUB-X,4,1696.21
OI-0003642,ORD-101465,SOLAR-LIGHT-LED,8,194.21
OI-0003643,ORD-101466,ION-DRIVE-MK3,1,46933.13
OI-0003644,ORD-101467,MULTI-SENSOR-PRO,1,4542.62
OI-0003645,ORD-101468,OXY-GEN-5000,4,2798.09
OI-0003646,ORD-101469,LASER-DRILL-IND,8,33896.62
OI-0003647,ORD-101469,HYDRO-KIT-START,3,330.54
OI-0003648,ORD-101470,OXY-GEN-5000,2,2742.90
OI-0003649,ORD-101470,LASER-DRILL-IND,1,34747.14
OI-0003650,ORD-101471,EVA-SUIT-MK7,7,30869.21
OI-0003651,ORD-101471,VR-ENTERTAIN-SYS,7,1054.90
OI-0003652,ORD-101472,SELDON-CRYO-ICE,5,46.29
OI-0003653,ORD-101473,AIR-SCRUB-X,6,1702.53
OI-0003654,ORD-101473,ZERO-G-BALL-SET,7,128.11
OI-0003655,ORD-101474,COMM-ARRAY-LR,6,7557.86
OI-0003656,ORD-101474,QUANTUM-PROC-Q5,8,12251.52
OI-0003657,ORD-101475,ZERO-G-BED,3,2258.13
OI-0003658,ORD-101476,SELDON-CRYO-ICE,1,42.87
OI-0003659,ORD-101476,COMM-ARRAY-LR,1,7472.22
OI-0003660,ORD-101477,VR-ENTERTAIN-SYS,4,934.63
OI-0003661,ORD-101478,HYDRO-KIT-START,8,310.33
OI-0003662,ORD-101478,HULL-PLATE-TI,4,1309.65
OI-0003663,ORD-101478,OXY-GEN-5000,7,2615.38
OI-0003664,ORD-101479,MULTI-SENSOR-PRO,3,5015.06
OI-0003665,ORD-101479,SOLAR-LIGHT-LED,4,180.04
OI-0003666,ORD-101479,EMERG-KIT-DELUXE,7,650.34
OI-0003667,ORD-101479,NAV-COMP-ELITE,4,8439.54
OI-0003668,ORD-101480,ZERO-G-BALL-SET,5,117.43
OI-0003669,ORD-101481,QUANTUM-PROC-Q5,3,13095.10
OI-0003670,ORD-101481,QUANTUM-PROC-Q5,7,11610.33
OI-0003671,ORD-101482,EVA-SUIT-MK7,3,27177.84
OI-0003672,ORD-101482,NAV-COMP-ELITE,6,8184.49
OI-0003673,ORD-101482,LASER-DRILL-IND,8,34822.60
OI-0003674,ORD-101482,SELDON-CRYO-ICE,2,44.64
OI-0003675,ORD-101483,EVA-SUIT-MK7,3,27216.42
OI-0003676,ORD-101484,SELDON-CRYO-ICE,2,49.69
OI-0003677,ORD-101484,SELDON-CRYO-ICE,7,41.52
OI-0003678,ORD-101484,SOLAR-LIGHT-LED,7,169.71
OI-0003679,ORD-101484,OXY-GEN-5000,7,2704.50
OI-0003680,ORD-101484,LASER-DRILL-IND,7,33896.42
OI-0003681,ORD-101485,COMM-ARRAY-LR,8,6369.59
OI-0003682,ORD-101485,ZERO-G-BALL-SET,1,112.86
OI-0003683,ORD-101485,ION-DRIVE-MK3,6,41420.03
OI-0003684,ORD-101485,NAV-COMP-ELITE,2,8526.04
OI-0003685,ORD-101486,THERMO-REG-3000,2,1459.28
OI-0003686,ORD-101487,THERMO-REG-3000,8,1531.58
OI-0003687,ORD-101487,COMM-ARRAY-LR,3,6300.09
OI-0003688,ORD-101488,RAD-SHIELD-VEST,4,925.17
OI-0003689,ORD-101489,RAD-SHIELD-VEST,7,818.27
OI-0003690,ORD-101489,RAD-SHIELD-VEST,3,882.82
OI-0003691,ORD-101489,OXY-GEN-5000,6,2457.20
OI-0003692,ORD-101489,RAD-SHIELD-VEST,8,894.21
OI-0003693,ORD-101489,LASER-DRILL-IND,4,34929.67
OI-0003694,ORD-101490,ZERO-G-BALL-SET,1,133.81
OI-0003695,ORD-101490,MULTI-SENSOR-PRO,7,4807.87
OI-0003696,ORD-101490,HYDRO-KIT-START,6,343.52
OI-0003697,ORD-101490,SELDON-CRYO-ICE,7,46.97
OI-0003698,ORD-101491,THERMO-REG-3000,1,1652.03
OI-0003699,ORD-101491,MULTI-SENSOR-PRO,2,4857.48
OI-0003700,ORD-101492,OXY-GEN-5000,3,2727.30
OI-0003701,ORD-101493,ZERO-G-BALL-SET,6,111.31
OI-0003702,ORD-101493,EVA-SUIT-MK7,7,30918.43
OI-0003703,ORD-101493,ZERO-G-BED,6,2225.85
OI-0003704,ORD-101494,VR-ENTERTAIN-SYS,5,953.67
OI-0003705,ORD-101494,ZERO-G-BALL-SET,1,112.37
OI-0003706,ORD-101494,RAD-SHIELD-VEST,6,913.39
OI-0003707,ORD-101494,ION-DRIVE-MK3,8,46700.90
OI-0003708,ORD-101494,SELDON-CRYO-ICE,3,46.99
OI-0003709,ORD-101495,LASER-DRILL-IND,1,33195.46
OI-0003710,ORD-101495,HULL-PLATE-TI,6,1168.61
OI-0003711,ORD-101495,EVA-SUIT-MK7,1,26089.56
OI-0003712,ORD-101495,COMM-ARRAY-LR,2,6721.78
OI-0003713,ORD-101495,AIR-SCRUB-X,3,1757.83
OI-0003714,ORD-101496,QUANTUM-PROC-Q5,7,11208.78
OI-0003715,ORD-101497,EMERG-KIT-DELUXE,8,651.28
OI-0003716,ORD-101497,HYDRO-KIT-START,3,336.05
OI-0003717,ORD-101497,ZERO-G-BED,4,2313.97
OI-0003718,ORD-101498,EMERG-KIT-DELUXE,5,659.57
OI-0003719,ORD-101498,SELDON-CRYO-ICE,7,41.89
OI-0003720,ORD-101499,SOLAR-LIGHT-LED,8,199.42
OI-0003721,ORD-101499,EVA-SUIT-MK7,8,27104.94
OI-0003722,ORD-101500,COMM-ARRAY-LR,4,6743.19
OI-0003723,ORD-101500,RATION-PACK-30,2,495.16
OI-0003724,ORD-101500,HYDRO-KIT-START,7,334.35
OI-0003725,ORD-101500,ZERO-G-BALL-SET,6,119.32
OI-0003726,ORD-101501,AIR-SCRUB-X,4,1787.48
OI-0003727,ORD-101501,AIR-SCRUB-X,5,2006.57
OI-0003728,ORD-101501,EMERG-KIT-DELUXE,6,671.35
OI-0003729,ORD-101502,RATION-PACK-30,5,441.51
OI-0003730,ORD-101502,EMERG-KIT-DELUXE,8,685.03
OI-0003731,ORD-101503,ZERO-G-BALL-SET,6,130.20
OI-0003732,ORD-101504,EMERG-KIT-DELUXE,4,687.34
OI-0003733,ORD-101504,RATION-PACK-30,3,447.68
OI-0003734,ORD-101504,ION-DRIVE-MK3,5,46176.50
OI-0003735,ORD-101504,VR-ENTERTAIN-SYS,2,986.43
OI-0003736,ORD-101504,ZERO-G-BALL-SET,5,130.32
OI-0003737,ORD-101505,QUANTUM-PROC-Q5,5,12078.14
OI-0003738,ORD-101505,MULTI-SENSOR-PRO,3,4354.43
OI-0003739,ORD-101505,ZERO-G-BALL-SET,1,111.12
OI-0003740,ORD-101506,ZERO-G-BED,1,2078.97
OI-0003741,ORD-101506,QUANTUM-PROC-Q5,7,12123.42
OI-0003742,ORD-101507,RAD-SHIELD-VEST,1,922.87
OI-0003743,ORD-101508,COMM-ARRAY-LR,6,6910.75
OI-0003744,ORD-101508,ION-DRIVE-MK3,8,44507.80
OI-0003745,ORD-101509,EMERG-KIT-DELUXE,2,672.86
OI-0003746,ORD-101509,EVA-SUIT-MK7,2,29638.38
OI-0003747,ORD-101509,ZERO-G-BED,7,2322.03
OI-0003748,ORD-101509,AIR-SCRUB-X,7,1805.25
OI-0003749,ORD-101510,RATION-PACK-30,2,433.72
OI-0003750,ORD-101510,ZERO-G-BALL-SET,6,120.37
OI-0003751,ORD-101510,NAV-COMP-ELITE,3,8043.89
OI-0003752,ORD-101511,THERMO-REG-3000,8,1546.03
OI-0003753,ORD-101511,EMERG-KIT-DELUXE,8,703.27
OI-0003754,ORD-101512,ION-DRIVE-MK3,3,48257.26
OI-0003755,ORD-101512,ZERO-G-BALL-SET,2,120.53
OI-0003756,ORD-101512,HYDRO-KIT-START,4,294.68
OI-0003757,ORD-101512,RATION-PACK-30,3,457.44
OI-0003758,ORD-101513,EMERG-KIT-DELUXE,6,716.36
OI-0003759,ORD-101514,LASER-DRILL-IND,5,33363.41
OI-0003760,ORD-101514,LASER-DRILL-IND,5,37802.71
OI-0003761,ORD-101515,THERMO-REG-3000,4,1604.44
OI-0003762,ORD-101515,MULTI-SENSOR-PRO,3,4755.16
OI-0003763,ORD-101516,SOLAR-LIGHT-LED,3,189.41
OI-0003764,ORD-101516,VR-ENTERTAIN-SYS,6,911.98
OI-0003765,ORD-101517,THERMO-REG-3000,5,1524.05
OI-0003766,ORD-101517,EMERG-KIT-DELUXE,2,714.01
OI-0003767,ORD-101518,NAV-COMP-ELITE,6,8896.00
OI-0003768,ORD-101518,NAV-COMP-ELITE,2,8942.26
OI-0003769,ORD-101519,SOLAR-LIGHT-LED,8,195.50
OI-0003770,ORD-101519,ZERO-G-BALL-SET,6,111.54
OI-0003771,ORD-101519,HULL-PLATE-TI,1,1192.60
OI-0003772,ORD-101520,LASER-DRILL-IND,4,35753.75
OI-0003773,ORD-101521,ZERO-G-BED,8,2206.13
OI-0003774,ORD-101521,ZERO-G-BED,3,2247.58
OI-0003775,ORD-101522,ZERO-G-BALL-SET,5,123.89
OI-0003776,ORD-101522,COMM-ARRAY-LR,5,6514.01
OI-0003777,ORD-101522,COMM-ARRAY-LR,6,6878.90
OI-0003778,ORD-101522,SOLAR-LIGHT-LED,7,168.37
OI-0003779,ORD-101522,HULL-PLATE-TI,7,1186.38
OI-0003780,ORD-101523,SELDON-CRYO-ICE,6,50.03
OI-0003781,ORD-101523,ZERO-G-BALL-SET,4,119.61
OI-0003782,ORD-101524,SOLAR-LIGHT-LED,1,191.00
OI-0003783,ORD-101524,RAD-SHIELD-VEST,1,951.19
OI-0003784,ORD-101524,EVA-SUIT-MK7,3,25764.02
OI-0003785,ORD-101525,ZERO-G-BALL-SET,7,119.90
OI-0003786,ORD-101526,RATION-PACK-30,1,445.28
OI-0003787,ORD-101526,MULTI-SENSOR-PRO,8,4864.98
OI-0003788,ORD-101527,SOLAR-LIGHT-LED,8,192.47
OI-0003789,ORD-101528,SOLAR-LIGHT-LED,3,176.98
OI-0003790,ORD-101529,QUANTUM-PROC-Q5,7,11333.16
OI-0003791,ORD-101529,MULTI-SENSOR-PRO,8,4831.71
OI-0003792,ORD-101529,OXY-GEN-5000,1,2312.79
OI-0003793,ORD-101529,ZERO-G-BALL-SET,1,133.59
OI-0003794,ORD-101530,VR-ENTERTAIN-SYS,5,893.88
OI-0003795,ORD-101530,RATION-PACK-30,6,499.17
OI-0003796,ORD-101530,THERMO-REG-3000,8,1400.31
OI-0003797,ORD-101530,HULL-PLATE-TI,3,1130.21
OI-0003798,ORD-101530,OXY-GEN-5000,6,2446.90
OI-0003799,ORD-101531,OXY-GEN-5000,5,2383.03
OI-0003800,ORD-101531,ZERO-G-BALL-SET,5,111.91
OI-0003801,ORD-101531,ION-DRIVE-MK3,6,46482.45
OI-0003802,ORD-101532,VR-ENTERTAIN-SYS,8,1003.08
OI-0003803,ORD-101533,QUANTUM-PROC-Q5,1,12594.40
OI-0003804,ORD-101533,ZERO-G-BALL-SET,8,123.60
OI-0003805,ORD-101533,VR-ENTERTAIN-SYS,8,928.49
OI-0003806,ORD-101533,SELDON-CRYO-ICE,4,41.59
OI-0003807,ORD-101534,EMERG-KIT-DELUXE,3,744.93
OI-0003808,ORD-101534,RAD-SHIELD-VEST,2,841.20
OI-0003809,ORD-101535,RAD-SHIELD-VEST,7,791.60
OI-0003810,ORD-101536,H2O-REC-PRO,3,3283.63
OI-0003811,ORD-101536,EVA-SUIT-MK7,6,30261.43
OI-0003812,ORD-101536,COMM-ARRAY-LR,1,6742.23
OI-0003813,ORD-101536,LASER-DRILL-IND,3,33867.59
OI-0003814,ORD-101537,MULTI-SENSOR-PRO,8,4197.73
OI-0003815,ORD-101537,THERMO-REG-3000,5,1552.86
OI-0003816,ORD-101538,EMERG-KIT-DELUXE,3,759.30
OI-0003817,ORD-101538,MULTI-SENSOR-PRO,3,4788.27
OI-0003818,ORD-101538,SELDON-CRYO-ICE,1,47.76
OI-0003819,ORD-101538,EMERG-KIT-DELUXE,6,754.57
OI-0003820,ORD-101539,ZERO-G-BED,1,2314.85
OI-0003821,ORD-101540,H2O-REC-PRO,4,3533.91
OI-0003822,ORD-101540,QUANTUM-PROC-Q5,6,11944.37
OI-0003823,ORD-101540,HULL-PLATE-TI,4,1290.58
OI-0003824,ORD-101540,ZERO-G-BALL-SET,3,116.26
OI-0003825,ORD-101540,LASER-DRILL-IND,6,33168.85
OI-0003826,ORD-101541,ION-DRIVE-MK3,5,50358.33
OI-0003827,ORD-101542,COMM-ARRAY-LR,8,6824.43
OI-0003828,ORD-101542,ION-DRIVE-MK3,4,47093.36
OI-0003829,ORD-101542,OXY-GEN-5000,4,2642.26
OI-0003830,ORD-101542,ZERO-G-BED,5,2230.62
OI-0003831,ORD-101542,EVA-SUIT-MK7,3,28073.97
OI-0003832,ORD-101543,THERMO-REG-3000,3,1484.56
OI-0003833,ORD-101543,ZERO-G-BALL-SET,5,131.22
OI-0003834,ORD-101543,RATION-PACK-30,6,438.71
OI-0003835,ORD-101544,HULL-PLATE-TI,1,1152.73
OI-0003836,ORD-101544,ION-DRIVE-MK3,3,45279.83
OI-0003837,ORD-101545,SOLAR-LIGHT-LED,3,168.93
OI-0003838,ORD-101545,HYDRO-KIT-START,6,298.22
OI-0003839,ORD-101545,SOLAR-LIGHT-LED,3,196.22
OI-0003840,ORD-101546,VR-ENTERTAIN-SYS,8,907.65
OI-0003841,ORD-101546,LASER-DRILL-IND,5,34965.42
OI-0003842,ORD-101546,NAV-COMP-ELITE,7,8175.87
OI-0003843,ORD-101546,THERMO-REG-3000,4,1453.23
OI-0003844,ORD-101547,QUANTUM-PROC-Q5,1,12277.36
OI-0003845,ORD-101547,QUANTUM-PROC-Q5,8,11715.09
OI-0003846,ORD-101547,AIR-SCRUB-X,2,1811.92
OI-0003847,ORD-101547,HULL-PLATE-TI,5,1308.78
OI-0003848,ORD-101548,HYDRO-KIT-START,5,317.62
OI-0003849,ORD-101548,MULTI-SENSOR-PRO,5,4205.13
OI-0003850,ORD-101549,AIR-SCRUB-X,1,1793.75
OI-0003851,ORD-101549,SOLAR-LIGHT-LED,1,192.23
OI-0003852,ORD-101550,THERMO-REG-3000,3,1650.46
OI-0003853,ORD-101551,COMM-ARRAY-LR,3,7475.80
OI-0003854,ORD-101551,EMERG-KIT-DELUXE,4,672.73
OI-0003855,ORD-101551,COMM-ARRAY-LR,1,6882.84
OI-0003856,ORD-101551,AIR-SCRUB-X,1,1903.33
OI-0003857,ORD-101552,HULL-PLATE-TI,4,1290.29
OI-0003858,ORD-101552,RAD-SHIELD-VEST,2,825.30
OI-0003859,ORD-101553,VR-ENTERTAIN-SYS,2,941.74
OI-0003860,ORD-101554,LASER-DRILL-IND,7,33363.71
OI-0003861,ORD-101555,LASER-DRILL-IND,2,33821.79
OI-0003862,ORD-101556,EMERG-KIT-DELUXE,5,665.81
OI-0003863,ORD-101556,HULL-PLATE-TI,8,1258.17
OI-0003864,ORD-101557,QUANTUM-PROC-Q5,7,12612.87
OI-0003865,ORD-101557,HYDRO-KIT-START,1,327.38
OI-0003866,ORD-101557,OXY-GEN-5000,6,2787.30
OI-0003867,ORD-101557,COMM-ARRAY-LR,8,7154.68
OI-0003868,ORD-101558,HULL-PLATE-TI,2,1270.04
OI-0003869,ORD-101558,RAD-SHIELD-VEST,2,864.35
OI-0003870,ORD-101559,NAV-COMP-ELITE,8,8319.41
OI-0003871,ORD-101559,COMM-ARRAY-LR,7,6806.61
OI-0003872,ORD-101560,NAV-COMP-ELITE,3,8424.50
OI-0003873,ORD-101560,HYDRO-KIT-START,5,294.70
OI-0003874,ORD-101561,VR-ENTERTAIN-SYS,1,915.24
OI-0003875,ORD-101561,RATION-PACK-30,7,431.67
OI-0003876,ORD-101562,HULL-PLATE-TI,4,1106.74
OI-0003877,ORD-101562,LASER-DRILL-IND,6,33882.31
OI-0003878,ORD-101562,ZERO-G-BED,3,2349.82
OI-0003879,ORD-101562,THERMO-REG-3000,1,1536.58
OI-0003880,ORD-101562,VR-ENTERTAIN-SYS,6,909.76
OI-0003881,ORD-101563,QUANTUM-PROC-Q5,8,13387.86
OI-0003882,ORD-101563,COMM-ARRAY-LR,8,6530.32
OI-0003883,ORD-101563,SELDON-CRYO-ICE,8,49.11
OI-0003884,ORD-101563,H2O-REC-PRO,5,3430.94
OI-0003885,ORD-101564,H2O-REC-PRO,4,3438.92
OI-0003886,ORD-101564,COMM-ARRAY-LR,1,6722.65
OI-0003887,ORD-101564,NAV-COMP-ELITE,7,8740.44
OI-0003888,ORD-101565,H2O-REC-PRO,8,3491.51
OI-0003889,ORD-101565,ION-DRIVE-MK3,2,49480.58
OI-0003890,ORD-101565,EMERG-KIT-DELUXE,8,715.60
OI-0003891,ORD-101565,AIR-SCRUB-X,7,1999.04
OI-0003892,ORD-101566,VR-ENTERTAIN-SYS,7,959.36
OI-0003893,ORD-101566,RATION-PACK-30,3,448.65
OI-0003894,ORD-101567,VR-ENTERTAIN-SYS,6,1047.24
OI-0003895,ORD-101567,ION-DRIVE-MK3,5,46597.07
OI-0003896,ORD-101567,ZERO-G-BALL-SET,2,125.39
OI-0003897,ORD-101568,EVA-SUIT-MK7,7,26897.93
OI-0003898,ORD-101569,RATION-PACK-30,5,481.48
OI-0003899,ORD-101569,OXY-GEN-5000,1,2329.55
OI-0003900,ORD-101569,COMM-ARRAY-LR,1,7322.71
OI-0003901,ORD-101570,VR-ENTERTAIN-SYS,6,1016.34
OI-0003902,ORD-101571,SOLAR-LIGHT-LED,7,188.32
OI-0003903,ORD-101572,ZERO-G-BALL-SET,3,118.91
OI-0003904,ORD-101572,ZERO-G-BALL-SET,1,129.51
OI-0003905,ORD-101573,H2O-REC-PRO,1,3131.85
OI-0003906,ORD-101573,NAV-COMP-ELITE,2,8515.31
OI-0003907,ORD-101574,HYDRO-KIT-START,8,331.24
OI-0003908,ORD-101574,EVA-SUIT-MK7,2,28218.84
OI-0003909,ORD-101575,SOLAR-LIGHT-LED,8,179.92
OI-0003910,ORD-101575,ION-DRIVE-MK3,8,41711.81
OI-0003911,ORD-101576,THERMO-REG-3000,8,1676.65
OI-0003912,ORD-101576,EMERG-KIT-DELUXE,3,759.03
OI-0003913,ORD-101576,H2O-REC-PRO,4,3222.94
OI-0003914,ORD-101576,OXY-GEN-5000,7,2646.85
OI-0003915,ORD-101577,HULL-PLATE-TI,5,1111.08
OI-0003916,ORD-101577,LASER-DRILL-IND,8,33785.05
OI-0003917,ORD-101577,HYDRO-KIT-START,3,345.15
OI-0003918,ORD-101577,H2O-REC-PRO,7,3189.68
OI-0003919,ORD-101578,EMERG-KIT-DELUXE,7,749.83
OI-0003920,ORD-101578,EVA-SUIT-MK7,1,27807.88
OI-0003921,ORD-101578,AIR-SCRUB-X,4,2007.36
OI-0003922,ORD-101579,QUANTUM-PROC-Q5,6,11837.40
OI-0003923,ORD-101579,ZERO-G-BED,3,2203.86
OI-0003924,ORD-101580,COMM-ARRAY-LR,5,6381.95
OI-0003925,ORD-101580,NAV-COMP-ELITE,6,9398.26
OI-0003926,ORD-101580,ZERO-G-BALL-SET,7,126.14
OI-0003927,ORD-101580,MULTI-SENSOR-PRO,7,4677.03
OI-0003928,ORD-101581,EVA-SUIT-MK7,6,26183.12
OI-0003929,ORD-101581,ZERO-G-BALL-SET,4,121.79
OI-0003930,ORD-101581,EMERG-KIT-DELUXE,5,705.56
OI-0003931,ORD-101581,NAV-COMP-ELITE,2,9239.69
OI-0003932,ORD-101582,SOLAR-LIGHT-LED,2,179.88
OI-0003933,ORD-101582,THERMO-REG-3000,2,1475.95
OI-0003934,ORD-101582,SOLAR-LIGHT-LED,6,174.54
OI-0003935,ORD-101582,HYDRO-KIT-START,3,348.60
OI-0003936,ORD-101582,COMM-ARRAY-LR,8,6309.21
OI-0003937,ORD-101583,COMM-ARRAY-LR,4,6864.51
OI-0003938,ORD-101583,QUANTUM-PROC-Q5,2,12982.79
OI-0003939,ORD-101583,THERMO-REG-3000,2,1526.26
OI-0003940,ORD-101584,VR-ENTERTAIN-SYS,2,924.88
OI-0003941,ORD-101584,NAV-COMP-ELITE,4,8300.45
OI-0003942,ORD-101585,SELDON-CRYO-ICE,3,50.05
OI-0003943,ORD-101585,HULL-PLATE-TI,2,1127.33
OI-0003944,ORD-101585,SOLAR-LIGHT-LED,5,180.65
OI-0003945,ORD-101586,H2O-REC-PRO,8,3467.68
OI-0003946,ORD-101586,COMM-ARRAY-LR,5,7051.31
OI-0003947,ORD-101586,MULTI-SENSOR-PRO,2,4902.51
OI-0003948,ORD-101587,THERMO-REG-3000,6,1527.29
OI-0003949,ORD-101587,EMERG-KIT-DELUXE,2,654.31
OI-0003950,ORD-101587,QUANTUM-PROC-Q5,6,13078.48
OI-0003951,ORD-101588,HYDRO-KIT-START,3,348.61
OI-0003952,ORD-101589,COMM-ARRAY-LR,6,6995.96
OI-0003953,ORD-101589,RATION-PACK-30,1,475.90
OI-0003954,ORD-101590,VR-ENTERTAIN-SYS,2,986.01
OI-0003955,ORD-101590,OXY-GEN-5000,7,2605.96
OI-0003956,ORD-101591,ION-DRIVE-MK3,8,44464.11
OI-0003957,ORD-101592,HYDRO-KIT-START,1,300.03
OI-0003958,ORD-101593,NAV-COMP-ELITE,5,7982.32
OI-0003959,ORD-101593,SELDON-CRYO-ICE,5,47.67
OI-0003960,ORD-101594,ZERO-G-BALL-SET,1,131.72
OI-0003961,ORD-101594,SOLAR-LIGHT-LED,8,200.15
OI-0003962,ORD-101594,COMM-ARRAY-LR,8,6911.62
OI-0003963,ORD-101594,SELDON-CRYO-ICE,3,48.16
OI-0003964,ORD-101594,RATION-PACK-30,2,473.57
OI-0003965,ORD-101595,ZERO-G-BED,4,2106.89
OI-0003966,ORD-101595,QUANTUM-PROC-Q5,3,11359.80
OI-0003967,ORD-101595,NAV-COMP-ELITE,4,9420.00
OI-0003968,ORD-101596,ZERO-G-BED,3,2065.02
OI-0003969,ORD-101596,QUANTUM-PROC-Q5,5,12076.74
OI-0003970,ORD-101597,OXY-GEN-5000,5,2531.06
OI-0003971,ORD-101597,SELDON-CRYO-ICE,4,44.72
OI-0003972,ORD-101598,H2O-REC-PRO,3,3578.10
OI-0003973,ORD-101598,MULTI-SENSOR-PRO,5,4506.57
OI-0003974,ORD-101598,SOLAR-LIGHT-LED,8,186.91
OI-0003975,ORD-101599,ZERO-G-BALL-SET,6,125.24
OI-0003976,ORD-101599,QUANTUM-PROC-Q5,6,13387.54
OI-0003977,ORD-101599,ZERO-G-BALL-SET,3,127.30
OI-0003978,ORD-101599,AIR-SCRUB-X,2,1912.44
OI-0003979,ORD-101600,ZERO-G-BALL-SET,7,131.60
OI-0003980,ORD-101600,ZERO-G-BED,5,2360.95
OI-0003981,ORD-101601,OXY-GEN-5000,2,2671.18
OI-0003982,ORD-101602,H2O-REC-PRO,7,3229.00
OI-0003983,ORD-101602,SELDON-CRYO-ICE,1,47.37
OI-0003984,ORD-101602,OXY-GEN-5000,1,2656.59
OI-0003985,ORD-101603,SELDON-CRYO-ICE,5,49.29
OI-0003986,ORD-101603,ZERO-G-BALL-SET,7,120.56
OI-0003987,ORD-101604,AIR-SCRUB-X,3,1890.91
OI-0003988,ORD-101604,COMM-ARRAY-LR,4,7288.06
OI-0003989,ORD-101604,HULL-PLATE-TI,6,1159.68
OI-0003990,ORD-101605,HYDRO-KIT-START,7,345.55
OI-0003991,ORD-101606,SELDON-CRYO-ICE,3,49.21
OI-0003992,ORD-101607,THERMO-REG-3000,7,1561.27
OI-0003993,ORD-101607,RAD-SHIELD-VEST,5,862.68
OI-0003994,ORD-101607,AIR-SCRUB-X,8,1699.09
OI-0003995,ORD-101607,ION-DRIVE-MK3,5,48312.42
OI-0003996,ORD-101607,ZERO-G-BED,7,2210.21
OI-0003997,ORD-101608,ZERO-G-BALL-SET,6,127.56
OI-0003998,ORD-101608,ZERO-G-BED,6,2258.09
OI-0003999,ORD-101609,HULL-PLATE-TI,5,1298.81
OI-0004000,ORD-101610,ZERO-G-BALL-SET,7,114.63
OI-0004001,ORD-101611,H2O-REC-PRO,7,3072.54
OI-0004002,ORD-101611,HYDRO-KIT-START,2,345.12
OI-0004003,ORD-101611,H2O-REC-PRO,6,3378.45
OI-0004004,ORD-101611,THERMO-REG-3000,5,1396.95
OI-0004005,ORD-101611,EMERG-KIT-DELUXE,8,743.94
OI-0004006,ORD-101612,ZERO-G-BED,3,2236.40
OI-0004007,ORD-101612,SELDON-CRYO-ICE,3,48.29
OI-0004008,ORD-101612,LASER-DRILL-IND,6,36265.21
OI-0004009,ORD-101613,ZERO-G-BALL-SET,1,121.78
OI-0004010,ORD-101613,ION-DRIVE-MK3,7,46880.86
OI-0004011,ORD-101614,OXY-GEN-5000,1,2628.43
OI-0004012,ORD-101614,ZERO-G-BALL-SET,4,115.61
OI-0004013,ORD-101614,RATION-PACK-30,4,502.25
OI-0004014,ORD-101614,THERMO-REG-3000,4,1521.29
OI-0004015,ORD-101614,COMM-ARRAY-LR,7,6282.81
OI-0004016,ORD-101615,AIR-SCRUB-X,6,1942.74
OI-0004017,ORD-101615,AIR-SCRUB-X,8,1812.86
OI-0004018,ORD-101615,ZERO-G-BED,6,2269.51
OI-0004019,ORD-101616,NAV-COMP-ELITE,1,9152.52
OI-0004020,ORD-101616,HYDRO-KIT-START,3,329.40
OI-0004021,ORD-101616,ION-DRIVE-MK3,4,48576.40
OI-0004022,ORD-101616,ZERO-G-BED,3,2262.99
OI-0004023,ORD-101617,RAD-SHIELD-VEST,5,852.10
OI-0004024,ORD-101617,ZERO-G-BED,6,2038.88
OI-0004025,ORD-101617,HYDRO-KIT-START,4,300.97
OI-0004026,ORD-101617,OXY-GEN-5000,2,2799.36
OI-0004027,ORD-101618,OXY-GEN-5000,7,2543.24
OI-0004028,ORD-101619,VR-ENTERTAIN-SYS,7,945.62
OI-0004029,ORD-101619,THERMO-REG-3000,5,1496.60
OI-0004030,ORD-101620,SOLAR-LIGHT-LED,4,172.75
OI-0004031,ORD-101620,RAD-SHIELD-VEST,3,808.56
OI-0004032,ORD-101620,SOLAR-LIGHT-LED,3,183.67
OI-0004033,ORD-101621,QUANTUM-PROC-Q5,1,11806.78
OI-0004034,ORD-101622,ZERO-G-BALL-SET,7,114.33
OI-0004035,ORD-101622,AIR-SCRUB-X,5,1783.95
OI-0004036,ORD-101622,ZERO-G-BALL-SET,8,121.22
OI-0004037,ORD-101622,SOLAR-LIGHT-LED,7,166.18
OI-0004038,ORD-101623,HULL-PLATE-TI,7,1208.60
OI-0004039,ORD-101623,NAV-COMP-ELITE,8,8917.43
OI-0004040,ORD-101624,LASER-DRILL-IND,7,32651.64
OI-0004041,ORD-101624,SOLAR-LIGHT-LED,4,195.99
OI-0004042,ORD-101624,MULTI-SENSOR-PRO,3,4445.05
OI-0004043,ORD-101624,COMM-ARRAY-LR,8,6904.35
OI-0004044,ORD-101624,COMM-ARRAY-LR,4,6852.48
OI-0004045,ORD-101625,VR-ENTERTAIN-SYS,8,937.10
OI-0004046,ORD-101626,EVA-SUIT-MK7,4,27886.79
OI-0004047,ORD-101626,VR-ENTERTAIN-SYS,6,928.03
OI-0004048,ORD-101626,MULTI-SENSOR-PRO,2,4654.49
OI-0004049,ORD-101627,RATION-PACK-30,3,430.96
OI-0004050,ORD-101627,HULL-PLATE-TI,4,1329.06
OI-0004051,ORD-101627,H2O-REC-PRO,7,3159.19
OI-0004052,ORD-101627,NAV-COMP-ELITE,6,9311.38
OI-0004053,ORD-101628,VR-ENTERTAIN-SYS,1,982.36
OI-0004054,ORD-101628,ION-DRIVE-MK3,3,47972.12
OI-0004055,ORD-101628,RATION-PACK-30,7,496.46
OI-0004056,ORD-101629,HULL-PLATE-TI,4,1312.23
OI-0004057,ORD-101629,THERMO-REG-3000,7,1388.17
OI-0004058,ORD-101630,H2O-REC-PRO,8,3394.72
OI-0004059,ORD-101630,LASER-DRILL-IND,7,33299.55
OI-0004060,ORD-101631,QUANTUM-PROC-Q5,7,11610.24
OI-0004061,ORD-101632,EVA-SUIT-MK7,3,27316.58
OI-0004062,ORD-101632,SELDON-CRYO-ICE,6,46.38
OI-0004063,ORD-101632,ZERO-G-BALL-SET,8,126.49
OI-0004064,ORD-101633,HYDRO-KIT-START,7,327.78
OI-0004065,ORD-101633,LASER-DRILL-IND,6,32432.66
OI-0004066,ORD-101633,EVA-SUIT-MK7,1,27715.52
OI-0004067,ORD-101634,EMERG-KIT-DELUXE,6,656.12
OI-0004068,ORD-101634,ZERO-G-BALL-SET,3,113.08
OI-0004069,ORD-101635,NAV-COMP-ELITE,1,8513.60
OI-0004070,ORD-101635,COMM-ARRAY-LR,4,7585.78
OI-0004071,ORD-101636,MULTI-SENSOR-PRO,7,4181.34
OI-0004072,ORD-101636,THERMO-REG-3000,8,1524.22
OI-0004073,ORD-101637,ION-DRIVE-MK3,6,47596.01
OI-0004074,ORD-101637,VR-ENTERTAIN-SYS,2,878.90
OI-0004075,ORD-101638,QUANTUM-PROC-Q5,2,11927.64
OI-0004076,ORD-101639,SOLAR-LIGHT-LED,2,173.91
OI-0004077,ORD-101639,QUANTUM-PROC-Q5,1,12731.11
OI-0004078,ORD-101640,ZERO-G-BALL-SET,1,132.64
OI-0004079,ORD-101641,SELDON-CRYO-ICE,1,49.68
OI-0004080,ORD-101641,HULL-PLATE-TI,7,1154.68
OI-0004081,ORD-101641,NAV-COMP-ELITE,7,8317.90
OI-0004082,ORD-101642,SELDON-CRYO-ICE,3,43.75
OI-0004083,ORD-101642,SELDON-CRYO-ICE,7,45.01
OI-0004084,ORD-101643,VR-ENTERTAIN-SYS,1,925.91
OI-0004085,ORD-101643,VR-ENTERTAIN-SYS,7,968.20
OI-0004086,ORD-101643,ION-DRIVE-MK3,6,42340.41
OI-0004087,ORD-101643,OXY-GEN-5000,7,2354.74
OI-0004088,ORD-101644,VR-ENTERTAIN-SYS,2,916.35
OI-0004089,ORD-101644,OXY-GEN-5000,4,2728.97
OI-0004090,ORD-101644,VR-ENTERTAIN-SYS,5,946.15
OI-0004091,ORD-101644,RATION-PACK-30,3,463.46
OI-0004092,ORD-101644,ZERO-G-BED,1,2068.51
OI-0004093,ORD-101645,ZERO-G-BED,4,2209.55
OI-0004094,ORD-101646,SELDON-CRYO-ICE,8,42.48
OI-0004095,ORD-101646,HULL-PLATE-TI,4,1125.49
OI-0004096,ORD-101647,COMM-ARRAY-LR,5,7297.84
OI-0004097,ORD-101648,LASER-DRILL-IND,7,37369.78
OI-0004098,ORD-101648,QUANTUM-PROC-Q5,6,11656.68
OI-0004099,ORD-101648,ZERO-G-BALL-SET,2,130.45
OI-0004100,ORD-101649,ION-DRIVE-MK3,5,49490.59
OI-0004101,ORD-101649,RAD-SHIELD-VEST,7,782.41
OI-0004102,ORD-101649,RAD-SHIELD-VEST,5,894.18
OI-0004103,ORD-101649,RATION-PACK-30,5,453.29
OI-0004104,ORD-101649,COMM-ARRAY-LR,1,7339.59
OI-0004105,ORD-101650,AIR-SCRUB-X,4,1848.01
OI-0004106,ORD-101651,VR-ENTERTAIN-SYS,1,971.01
OI-0004107,ORD-101651,COMM-ARRAY-LR,3,7204.09
OI-0004108,ORD-101652,HULL-PLATE-TI,3,1201.61
OI-0004109,ORD-101652,ION-DRIVE-MK3,8,43627.12
OI-0004110,ORD-101652,HYDRO-KIT-START,7,302.42
OI-0004111,ORD-101653,EVA-SUIT-MK7,8,29974.35
OI-0004112,ORD-101653,ZERO-G-BALL-SET,3,133.82
OI-0004113,ORD-101654,OXY-GEN-5000,6,2414.95
OI-0004114,ORD-101654,SELDON-CRYO-ICE,7,49.48
OI-0004115,ORD-101654,SELDON-CRYO-ICE,4,48.27
OI-0004116,ORD-101655,VR-ENTERTAIN-SYS,4,909.99
OI-0004117,ORD-101655,RATION-PACK-30,6,485.59
OI-0004118,ORD-101656,EMERG-KIT-DELUXE,6,755.48
OI-0004119,ORD-101657,HULL-PLATE-TI,5,1298.19
OI-0004120,ORD-101657,MULTI-SENSOR-PRO,2,4159.34
OI-0004121,ORD-101658,QUANTUM-PROC-Q5,8,12365.27
OI-0004122,ORD-101658,LASER-DRILL-IND,3,33212.25
OI-0004123,ORD-101658,MULTI-SENSOR-PRO,2,4714.50
OI-0004124,ORD-101658,VR-ENTERTAIN-SYS,3,1039.08
OI-0004125,ORD-101659,SELDON-CRYO-ICE,1,44.95
OI-0004126,ORD-101659,LASER-DRILL-IND,2,32460.19
OI-0004127,ORD-101660,ION-DRIVE-MK3,2,44018.20
OI-0004128,ORD-101660,EVA-SUIT-MK7,4,28397.85
OI-0004129,ORD-101660,NAV-COMP-ELITE,1,8713.27
OI-0004130,ORD-101660,EVA-SUIT-MK7,2,30931.77
OI-0004131,ORD-101661,SELDON-CRYO-ICE,5,45.83
OI-0004132,ORD-101661,EMERG-KIT-DELUXE,6,747.02
OI-0004133,ORD-101661,EVA-SUIT-MK7,3,26113.42
OI-0004134,ORD-101662,HULL-PLATE-TI,5,1221.43
OI-0004135,ORD-101662,ZERO-G-BED,5,2127.28
OI-0004136,ORD-101662,AIR-SCRUB-X,7,1939.47
OI-0004137,ORD-101663,THERMO-REG-3000,7,1676.10
OI-0004138,ORD-101663,EMERG-KIT-DELUXE,4,690.61
OI-0004139,ORD-101664,H2O-REC-PRO,1,3412.32
OI-0004140,ORD-101664,RATION-PACK-30,8,485.06
OI-0004141,ORD-101665,RATION-PACK-30,1,421.51
OI-0004142,ORD-101666,HYDRO-KIT-START,7,319.91
OI-0004143,ORD-101666,HULL-PLATE-TI,4,1132.07
OI-0004144,ORD-101666,RATION-PACK-30,5,418.72
OI-0004145,ORD-101667,RATION-PACK-30,6,416.60
OI-0004146,ORD-101667,AIR-SCRUB-X,1,1658.04
OI-0004147,ORD-101668,SELDON-CRYO-ICE,1,42.75
OI-0004148,ORD-101669,NAV-COMP-ELITE,6,9322.16
OI-0004149,ORD-101670,NAV-COMP-ELITE,3,8038.46
OI-0004150,ORD-101670,RAD-SHIELD-VEST,8,900.00
OI-0004151,ORD-101671,LASER-DRILL-IND,2,35007.31
OI-0004152,ORD-101671,VR-ENTERTAIN-SYS,4,892.74
OI-0004153,ORD-101671,RATION-PACK-30,6,491.92
OI-0004154,ORD-101671,RATION-PACK-30,2,420.00
OI-0004155,ORD-101672,AIR-SCRUB-X,8,1978.45
OI-0004156,ORD-101673,MULTI-SENSOR-PRO,1,4628.47
OI-0004157,ORD-101673,RAD-SHIELD-VEST,1,814.65
OI-0004158,ORD-101674,AIR-SCRUB-X,2,1819.83
OI-0004159,ORD-101674,OXY-GEN-5000,4,2782.40
OI-0004160,ORD-101675,SELDON-CRYO-ICE,6,44.02
OI-0004161,ORD-101675,HYDRO-KIT-START,7,340.66
OI-0004162,ORD-101675,EVA-SUIT-MK7,3,30530.08
OI-0004163,ORD-101676,COMM-ARRAY-LR,8,6687.26
OI-0004164,ORD-101676,QUANTUM-PROC-Q5,7,13302.31
OI-0004165,ORD-101676,HYDRO-KIT-START,5,352.61
OI-0004166,ORD-101676,EMERG-KIT-DELUXE,3,642.86
OI-0004167,ORD-101677,RATION-PACK-30,6,469.20
OI-0004168,ORD-101677,HULL-PLATE-TI,5,1324.64
OI-0004169,ORD-101677,SOLAR-LIGHT-LED,7,177.07
OI-0004170,ORD-101677,AIR-SCRUB-X,8,1759.18
OI-0004171,ORD-101678,SELDON-CRYO-ICE,2,49.78
OI-0004172,ORD-101678,SELDON-CRYO-ICE,5,47.17
OI-0004173,ORD-101679,THERMO-REG-3000,1,1413.44
OI-0004174,ORD-101679,EMERG-KIT-DELUXE,4,759.41
OI-0004175,ORD-101680,SELDON-CRYO-ICE,8,43.64
OI-0004176,ORD-101680,LASER-DRILL-IND,8,32441.00
OI-0004177,ORD-101680,SOLAR-LIGHT-LED,6,171.22
OI-0004178,ORD-101681,EVA-SUIT-MK7,5,29367.88
OI-0004179,ORD-101681,LASER-DRILL-IND,6,33384.06
OI-0004180,ORD-101682,THERMO-REG-3000,4,1602.30
OI-0004181,ORD-101682,LASER-DRILL-IND,3,34216.14
OI-0004182,ORD-101683,SELDON-CRYO-ICE,1,44.94
OI-0004183,ORD-101683,NAV-COMP-ELITE,2,9115.64
OI-0004184,ORD-101683,HYDRO-KIT-START,2,323.86
OI-0004185,ORD-101684,EMERG-KIT-DELUXE,6,753.83
OI-0004186,ORD-101684,SOLAR-LIGHT-LED,2,180.89
OI-0004187,ORD-101684,EVA-SUIT-MK7,2,31124.65
OI-0004188,ORD-101684,COMM-ARRAY-LR,2,6513.69
OI-0004189,ORD-101685,RAD-SHIELD-VEST,5,812.58
OI-0004190,ORD-101685,RATION-PACK-30,5,479.02
OI-0004191,ORD-101686,LASER-DRILL-IND,5,33204.32
OI-0004192,ORD-101687,RAD-SHIELD-VEST,8,885.33
OI-0004193,ORD-101687,LASER-DRILL-IND,4,34967.67
OI-0004194,ORD-101687,ION-DRIVE-MK3,8,43297.70
OI-0004195,ORD-101688,SELDON-CRYO-ICE,2,43.55
OI-0004196,ORD-101689,EMERG-KIT-DELUXE,5,722.36
OI-0004197,ORD-101689,RATION-PACK-30,3,433.00
OI-0004198,ORD-101690,HULL-PLATE-TI,8,1106.86
OI-0004199,ORD-101690,EMERG-KIT-DELUXE,6,702.01
OI-0004200,ORD-101690,EVA-SUIT-MK7,4,28446.46
OI-0004201,ORD-101690,ION-DRIVE-MK3,2,43426.72
OI-0004202,ORD-101691,EVA-SUIT-MK7,5,27271.76
OI-0004203,ORD-101692,SELDON-CRYO-ICE,8,49.39
OI-0004204,ORD-101693,THERMO-REG-3000,3,1471.86
OI-0004205,ORD-101693,ZERO-G-BED,6,2159.78
OI-0004206,ORD-101694,OXY-GEN-5000,3,2582.33
OI-0004207,ORD-101694,HULL-PLATE-TI,6,1117.91
OI-0004208,ORD-101694,HYDRO-KIT-START,5,325.90
OI-0004209,ORD-101695,NAV-COMP-ELITE,1,8578.62
OI-0004210,ORD-101695,OXY-GEN-5000,7,2505.48
OI-0004211,ORD-101695,RAD-SHIELD-VEST,1,891.59
OI-0004212,ORD-101695,THERMO-REG-3000,4,1609.67
OI-0004213,ORD-101695,HULL-PLATE-TI,2,1127.97
OI-0004214,ORD-101696,RAD-SHIELD-VEST,8,887.87
OI-0004215,ORD-101697,ZERO-G-BED,3,2043.84
OI-0004216,ORD-101697,HYDRO-KIT-START,2,319.43
OI-0004217,ORD-101698,LASER-DRILL-IND,1,34547.02
OI-0004218,ORD-101698,HULL-PLATE-TI,7,1297.70
OI-0004219,ORD-101699,H2O-REC-PRO,6,3249.08
OI-0004220,ORD-101699,LASER-DRILL-IND,1,38129.74
OI-0004221,ORD-101699,MULTI-SENSOR-PRO,6,4150.06
OI-0004222,ORD-101699,VR-ENTERTAIN-SYS,2,981.99
OI-0004223,ORD-101700,MULTI-SENSOR-PRO,5,4189.98
OI-0004224,ORD-101701,MULTI-SENSOR-PRO,4,4171.89
OI-0004225,ORD-101701,OXY-GEN-5000,2,2412.04
OI-0004226,ORD-101701,COMM-ARRAY-LR,2,6668.38
OI-0004227,ORD-101702,OXY-GEN-5000,1,2744.73
OI-0004228,ORD-101702,H2O-REC-PRO,1,3131.45
OI-0004229,ORD-101702,SOLAR-LIGHT-LED,5,196.17
OI-0004230,ORD-101702,COMM-ARRAY-LR,8,6779.66
OI-0004231,ORD-101702,NAV-COMP-ELITE,5,9064.05
OI-0004232,ORD-101703,NAV-COMP-ELITE,1,9004.36
OI-0004233,ORD-101704,THERMO-REG-3000,6,1433.06
OI-0004234,ORD-101705,RATION-PACK-30,6,498.61
OI-0004235,ORD-101705,EVA-SUIT-MK7,2,30104.94
OI-0004236,ORD-101706,H2O-REC-PRO,3,3175.82
OI-0004237,ORD-101706,THERMO-REG-3000,2,1503.99
OI-0004238,ORD-101707,ION-DRIVE-MK3,2,49201.30
OI-0004239,ORD-101707,HULL-PLATE-TI,8,1255.85
OI-0004240,ORD-101708,QUANTUM-PROC-Q5,5,11088.04
OI-0004241,ORD-101708,OXY-GEN-5000,5,2492.24
OI-0004242,ORD-101708,VR-ENTERTAIN-SYS,5,1044.44
OI-0004243,ORD-101708,HULL-PLATE-TI,3,1258.65
OI-0004244,ORD-101709,RAD-SHIELD-VEST,7,895.23
OI-0004245,ORD-101709,RAD-SHIELD-VEST,7,918.48
OI-0004246,ORD-101709,ZERO-G-BALL-SET,8,132.61
OI-0004247,ORD-101710,VR-ENTERTAIN-SYS,8,897.30
OI-0004248,ORD-101710,HYDRO-KIT-START,8,314.02
OI-0004249,ORD-101711,ZERO-G-BALL-SET,4,113.12
OI-0004250,ORD-101712,SOLAR-LIGHT-LED,4,194.27
OI-0004251,ORD-101712,ZERO-G-BALL-SET,7,122.04
OI-0004252,ORD-101712,QUANTUM-PROC-Q5,5,12924.23
OI-0004253,ORD-101712,RAD-SHIELD-VEST,8,937.84
OI-0004254,ORD-101713,OXY-GEN-5000,2,2479.99
OI-0004255,ORD-101713,QUANTUM-PROC-Q5,5,12522.48
OI-0004256,ORD-101713,H2O-REC-PRO,6,3237.31
OI-0004257,ORD-101713,MULTI-SENSOR-PRO,3,4473.18
OI-0004258,ORD-101713,SELDON-CRYO-ICE,4,45.82
OI-0004259,ORD-101714,RAD-SHIELD-VEST,7,942.18
OI-0004260,ORD-101714,SOLAR-LIGHT-LED,4,174.31
OI-0004261,ORD-101714,MULTI-SENSOR-PRO,5,5014.40
OI-0004262,ORD-101715,RAD-SHIELD-VEST,7,879.20
OI-0004263,ORD-101715,EMERG-KIT-DELUXE,8,633.79
OI-0004264,ORD-101715,VR-ENTERTAIN-SYS,5,1033.88
OI-0004265,ORD-101716,ION-DRIVE-MK3,5,43168.91
OI-0004266,ORD-101717,QUANTUM-PROC-Q5,2,12447.41
OI-0004267,ORD-101717,THERMO-REG-3000,4,1663.45
OI-0004268,ORD-101718,LASER-DRILL-IND,2,34640.78
OI-0004269,ORD-101719,ZERO-G-BALL-SET,1,113.79
OI-0004270,ORD-101719,RAD-SHIELD-VEST,5,821.39
OI-0004271,ORD-101719,SOLAR-LIGHT-LED,3,192.88
OI-0004272,ORD-101720,SELDON-CRYO-ICE,3,46.55
OI-0004273,ORD-101721,AIR-SCRUB-X,3,1665.90
OI-0004274,ORD-101722,NAV-COMP-ELITE,8,8427.32
OI-0004275,ORD-101723,RAD-SHIELD-VEST,4,834.10
OI-0004276,ORD-101723,VR-ENTERTAIN-SYS,6,884.21
OI-0004277,ORD-101724,NAV-COMP-ELITE,3,8541.68
OI-0004278,ORD-101724,LASER-DRILL-IND,3,34145.45
OI-0004279,ORD-101725,EMERG-KIT-DELUXE,5,742.64
OI-0004280,ORD-101725,AIR-SCRUB-X,3,1963.81
OI-0004281,ORD-101725,SOLAR-LIGHT-LED,8,171.57
OI-0004282,ORD-101725,RAD-SHIELD-VEST,8,825.71
OI-0004283,ORD-101726,ION-DRIVE-MK3,5,42302.99
OI-0004284,ORD-101726,MULTI-SENSOR-PRO,8,4338.36
OI-0004285,ORD-101727,HULL-PLATE-TI,8,1117.49
OI-0004286,ORD-101728,RATION-PACK-30,6,460.00
OI-0004287,ORD-101729,EVA-SUIT-MK7,6,28083.18
OI-0004288,ORD-101730,QUANTUM-PROC-Q5,3,12032.96
OI-0004289,ORD-101731,THERMO-REG-3000,1,1431.32
OI-0004290,ORD-101731,SELDON-CRYO-ICE,6,49.10
OI-0004291,ORD-101731,COMM-ARRAY-LR,4,6720.29
OI-0004292,ORD-101732,ZERO-G-BALL-SET,6,125.07
OI-0004293,ORD-101732,SELDON-CRYO-ICE,7,41.92
OI-0004294,ORD-101732,HYDRO-KIT-START,8,320.40
OI-0004295,ORD-101733,COMM-ARRAY-LR,3,6500.07
OI-0004296,ORD-101733,THERMO-REG-3000,5,1607.14
OI-0004297,ORD-101734,QUANTUM-PROC-Q5,2,11958.44
OI-0004298,ORD-101734,ZERO-G-BED,1,2440.79
OI-0004299,ORD-101734,ZERO-G-BALL-SET,8,126.51
OI-0004300,ORD-101735,COMM-ARRAY-LR,3,7104.82
OI-0004301,ORD-101735,COMM-ARRAY-LR,3,7274.26
OI-0004302,ORD-101735,RAD-SHIELD-VEST,1,872.11
OI-0004303,ORD-101735,H2O-REC-PRO,6,3486.75
OI-0004304,ORD-101736,ZERO-G-BALL-SET,2,117.48
OI-0004305,ORD-101736,OXY-GEN-5000,8,2787.93
OI-0004306,ORD-101737,EVA-SUIT-MK7,7,28062.25
OI-0004307,ORD-101737,RATION-PACK-30,1,442.16
OI-0004308,ORD-101737,RATION-PACK-30,8,484.51
OI-0004309,ORD-101738,ION-DRIVE-MK3,5,50165.27
OI-0004310,ORD-101738,ZERO-G-BED,8,2216.19
OI-0004311,ORD-101739,RATION-PACK-30,5,432.48
OI-0004312,ORD-101739,SELDON-CRYO-ICE,3,42.40
OI-0004313,ORD-101739,ION-DRIVE-MK3,8,49968.49
OI-0004314,ORD-101740,ZERO-G-BALL-SET,5,129.80
OI-0004315,ORD-101740,EVA-SUIT-MK7,7,29069.03
OI-0004316,ORD-101741,OXY-GEN-5000,1,2374.36
OI-0004317,ORD-101742,THERMO-REG-3000,4,1517.30
OI-0004318,ORD-101742,HULL-PLATE-TI,6,1326.50
OI-0004319,ORD-101742,LASER-DRILL-IND,6,38394.99
OI-0004320,ORD-101743,NAV-COMP-ELITE,7,9275.00
OI-0004321,ORD-101743,H2O-REC-PRO,3,3443.55
OI-0004322,ORD-101743,HULL-PLATE-TI,7,1227.22
OI-0004323,ORD-101743,NAV-COMP-ELITE,3,9195.95
OI-0004324,ORD-101744,SELDON-CRYO-ICE,8,49.60
OI-0004325,ORD-101744,VR-ENTERTAIN-SYS,4,994.84
OI-0004326,ORD-101744,QUANTUM-PROC-Q5,2,12851.21
OI-0004327,ORD-101744,H2O-REC-PRO,1,3223.69
OI-0004328,ORD-101745,SOLAR-LIGHT-LED,1,191.12
OI-0004329,ORD-101745,LASER-DRILL-IND,8,38413.09
OI-0004330,ORD-101745,THERMO-REG-3000,5,1549.57
OI-0004331,ORD-101745,HULL-PLATE-TI,8,1193.51
OI-0004332,ORD-101746,SELDON-CRYO-ICE,1,42.84
OI-0004333,ORD-101747,SELDON-CRYO-ICE,1,49.47
OI-0004334,ORD-101748,EMERG-KIT-DELUXE,1,699.30
OI-0004335,ORD-101748,ION-DRIVE-MK3,8,44167.11
OI-0004336,ORD-101748,THERMO-REG-3000,3,1533.16
OI-0004337,ORD-101748,EMERG-KIT-DELUXE,6,732.23
OI-0004338,ORD-101749,EVA-SUIT-MK7,8,29525.93
OI-0004339,ORD-101750,AIR-SCRUB-X,5,1692.66
OI-0004340,ORD-101750,OXY-GEN-5000,1,2546.31
OI-0004341,ORD-101751,HYDRO-KIT-START,7,330.35
OI-0004342,ORD-101751,ZERO-G-BALL-SET,5,121.15
OI-0004343,ORD-101751,EMERG-KIT-DELUXE,8,739.48
OI-0004344,ORD-101752,RATION-PACK-30,4,456.95
OI-0004345,ORD-101753,SOLAR-LIGHT-LED,6,190.01
OI-0004346,ORD-101753,NAV-COMP-ELITE,2,8938.24
OI-0004347,ORD-101754,SELDON-CRYO-ICE,2,46.21
OI-0004348,ORD-101755,HULL-PLATE-TI,2,1262.74
OI-0004349,ORD-101755,THERMO-REG-3000,1,1610.55
OI-0004350,ORD-101756,RAD-SHIELD-VEST,3,848.08
OI-0004351,ORD-101757,VR-ENTERTAIN-SYS,3,912.24
OI-0004352,ORD-101757,H2O-REC-PRO,8,2962.91
OI-0004353,ORD-101758,EMERG-KIT-DELUXE,7,644.45
OI-0004354,ORD-101758,OXY-GEN-5000,7,2719.75
OI-0004355,ORD-101759,EMERG-KIT-DELUXE,2,744.63
OI-0004356,ORD-101759,ION-DRIVE-MK3,8,46691.94
OI-0004357,ORD-101759,QUANTUM-PROC-Q5,3,11926.76
OI-0004358,ORD-101759,VR-ENTERTAIN-SYS,5,945.71
OI-0004359,ORD-101760,NAV-COMP-ELITE,2,7890.19
OI-0004360,ORD-101760,H2O-REC-PRO,4,3113.22
OI-0004361,ORD-101761,VR-ENTERTAIN-SYS,7,1048.41
OI-0004362,ORD-101761,EVA-SUIT-MK7,3,27926.58
OI-0004363,ORD-101761,ION-DRIVE-MK3,2,43348.96
OI-0004364,ORD-101762,SELDON-CRYO-ICE,5,43.40
OI-0004365,ORD-101762,OXY-GEN-5000,8,2662.40
OI-0004366,ORD-101763,MULTI-SENSOR-PRO,6,4577.95
OI-0004367,ORD-101763,SELDON-CRYO-ICE,2,43.51
OI-0004368,ORD-101763,EVA-SUIT-MK7,4,29760.67
OI-0004369,ORD-101763,QUANTUM-PROC-Q5,3,13375.37
OI-0004370,ORD-101764,EVA-SUIT-MK7,4,29805.51
OI-0004371,ORD-101764,H2O-REC-PRO,6,3359.54
OI-0004372,ORD-101765,SOLAR-LIGHT-LED,7,170.60
OI-0004373,ORD-101765,LASER-DRILL-IND,8,35776.99
OI-0004374,ORD-101766,EVA-SUIT-MK7,3,26517.52
OI-0004375,ORD-101767,HULL-PLATE-TI,7,1265.02
OI-0004376,ORD-101767,EMERG-KIT-DELUXE,4,760.11
OI-0004377,ORD-101768,ZERO-G-BED,5,2210.21
OI-0004378,ORD-101769,AIR-SCRUB-X,5,1955.68
OI-0004379,ORD-101769,ZERO-G-BALL-SET,3,120.25
OI-0004380,ORD-101770,LASER-DRILL-IND,1,36165.97
OI-0004381,ORD-101771,COMM-ARRAY-LR,7,6433.20
OI-0004382,ORD-101771,RAD-SHIELD-VEST,5,928.57
OI-0004383,ORD-101772,EVA-SUIT-MK7,4,26076.39
OI-0004384,ORD-101772,NAV-COMP-ELITE,3,8005.31
OI-0004385,ORD-101773,HYDRO-KIT-START,6,296.55
OI-0004386,ORD-101774,ZERO-G-BED,1,2396.84
OI-0004387,ORD-101774,NAV-COMP-ELITE,5,8668.45
OI-0004388,ORD-101774,RAD-SHIELD-VEST,5,795.52
OI-0004389,ORD-101775,RAD-SHIELD-VEST,6,877.84
OI-0004390,ORD-101775,ION-DRIVE-MK3,1,43742.96
OI-0004391,ORD-101775,AIR-SCRUB-X,6,1973.38
OI-0004392,ORD-101775,ION-DRIVE-MK3,3,48264.30
OI-0004393,ORD-101776,HULL-PLATE-TI,3,1246.35
OI-0004394,ORD-101776,QUANTUM-PROC-Q5,6,12669.85
OI-0004395,ORD-101777,COMM-ARRAY-LR,8,6460.46
OI-0004396,ORD-101777,EMERG-KIT-DELUXE,4,715.56
OI-0004397,ORD-101778,QUANTUM-PROC-Q5,3,12512.66
OI-0004398,ORD-101778,ION-DRIVE-MK3,4,41994.25
OI-0004399,ORD-101779,LASER-DRILL-IND,8,38987.27
OI-0004400,ORD-101779,H2O-REC-PRO,3,3125.88
OI-0004401,ORD-101780,EMERG-KIT-DELUXE,5,656.69
OI-0004402,ORD-101780,ZERO-G-BED,7,2178.12
OI-0004403,ORD-101781,AIR-SCRUB-X,4,1868.73
OI-0004404,ORD-101781,LASER-DRILL-IND,5,33870.55
OI-0004405,ORD-101781,EVA-SUIT-MK7,5,30558.54
OI-0004406,ORD-101782,EMERG-KIT-DELUXE,2,669.03
OI-0004407,ORD-101783,OXY-GEN-5000,6,2773.50
OI-0004408,ORD-101784,RAD-SHIELD-VEST,1,825.41
OI-0004409,ORD-101785,THERMO-REG-3000,2,1623.23
OI-0004410,ORD-101785,QUANTUM-PROC-Q5,6,11705.07
OI-0004411,ORD-101785,RATION-PACK-30,4,502.36
OI-0004412,ORD-101785,ZERO-G-BED,8,2452.16
OI-0004413,ORD-101786,QUANTUM-PROC-Q5,8,13085.43
OI-0004414,ORD-101787,RAD-SHIELD-VEST,6,934.45
OI-0004415,ORD-101787,AIR-SCRUB-X,7,1925.80
OI-0004416,ORD-101787,EVA-SUIT-MK7,7,27780.34
OI-0004417,ORD-101788,LASER-DRILL-IND,6,38414.63
OI-0004418,ORD-101788,EMERG-KIT-DELUXE,8,633.27
OI-0004419,ORD-101789,OXY-GEN-5000,6,2750.17
OI-0004420,ORD-101789,RAD-SHIELD-VEST,7,949.67
OI-0004421,ORD-101789,NAV-COMP-ELITE,3,9061.31
OI-0004422,ORD-101790,MULTI-SENSOR-PRO,4,4219.96
OI-0004423,ORD-101790,ZERO-G-BED,3,2318.07
OI-0004424,ORD-101790,NAV-COMP-ELITE,8,8047.80
OI-0004425,ORD-101791,ZERO-G-BALL-SET,7,126.23
OI-0004426,ORD-101791,MULTI-SENSOR-PRO,7,4298.23
OI-0004427,ORD-101791,COMM-ARRAY-LR,4,7007.89
OI-0004428,ORD-101792,RATION-PACK-30,3,445.46
OI-0004429,ORD-101793,SOLAR-LIGHT-LED,2,187.89
OI-0004430,ORD-101793,THERMO-REG-3000,8,1585.89
OI-0004431,ORD-101794,EVA-SUIT-MK7,7,29648.56
OI-0004432,ORD-101794,EVA-SUIT-MK7,6,28107.82
OI-0004433,ORD-101795,RAD-SHIELD-VEST,8,947.61
OI-0004434,ORD-101795,AIR-SCRUB-X,1,1777.52
OI-0004435,ORD-101795,SOLAR-LIGHT-LED,6,187.72
OI-0004436,ORD-101796,MULTI-SENSOR-PRO,4,4904.79
OI-0004437,ORD-101796,EVA-SUIT-MK7,4,30443.62
OI-0004438,ORD-101796,OXY-GEN-5000,6,2401.92
OI-0004439,ORD-101796,QUANTUM-PROC-Q5,3,12343.61
OI-0004440,ORD-101796,OXY-GEN-5000,8,2654.67
OI-0004441,ORD-101797,LASER-DRILL-IND,1,33741.78
OI-0004442,ORD-101798,QUANTUM-PROC-Q5,7,12103.59
OI-0004443,ORD-101798,ZERO-G-BALL-SET,7,126.55
OI-0004444,ORD-101798,VR-ENTERTAIN-SYS,8,925.52
OI-0004445,ORD-101799,ZERO-G-BALL-SET,3,116.54
OI-0004446,ORD-101799,NAV-COMP-ELITE,8,8411.97
OI-0004447,ORD-101800,MULTI-SENSOR-PRO,6,4154.36
OI-0004448,ORD-101801,ION-DRIVE-MK3,5,48171.05
OI-0004449,ORD-101801,THERMO-REG-3000,5,1661.46
OI-0004450,ORD-101801,SELDON-CRYO-ICE,2,47.17
OI-0004451,ORD-101801,EVA-SUIT-MK7,2,28112.79
OI-0004452,ORD-101802,HULL-PLATE-TI,2,1315.68
OI-0004453,ORD-101803,SOLAR-LIGHT-LED,5,175.73
OI-0004454,ORD-101804,AIR-SCRUB-X,2,1880.01
OI-0004455,ORD-101804,ION-DRIVE-MK3,7,48506.46
OI-0004456,ORD-101805,AIR-SCRUB-X,7,1978.73
OI-0004457,ORD-101805,SOLAR-LIGHT-LED,7,169.06
OI-0004458,ORD-101806,RAD-SHIELD-VEST,1,876.71
OI-0004459,ORD-101806,OXY-GEN-5000,6,2670.19
OI-0004460,ORD-101807,RAD-SHIELD-VEST,3,830.43
OI-0004461,ORD-101807,OXY-GEN-5000,1,2415.24
OI-0004462,ORD-101808,SOLAR-LIGHT-LED,5,188.83
OI-0004463,ORD-101808,RATION-PACK-30,5,467.08
OI-0004464,ORD-101808,ZERO-G-BED,4,2103.71
OI-0004465,ORD-101808,ZERO-G-BED,2,2287.60
OI-0004466,ORD-101809,ION-DRIVE-MK3,7,45955.39
OI-0004467,ORD-101809,HULL-PLATE-TI,6,1281.93
OI-0004468,ORD-101810,COMM-ARRAY-LR,2,7170.19
OI-0004469,ORD-101810,ZERO-G-BED,2,2116.72
OI-0004470,ORD-101811,MULTI-SENSOR-PRO,3,4753.29
OI-0004471,ORD-101811,HULL-PLATE-TI,3,1170.90
OI-0004472,ORD-101811,COMM-ARRAY-LR,3,6386.56
OI-0004473,ORD-101811,NAV-COMP-ELITE,6,9176.06
OI-0004474,ORD-101812,MULTI-SENSOR-PRO,1,5039.12
OI-0004475,ORD-101812,QUANTUM-PROC-Q5,3,12511.44
OI-0004476,ORD-101812,QUANTUM-PROC-Q5,1,12182.05
OI-0004477,ORD-101813,SELDON-CRYO-ICE,6,49.22
OI-0004478,ORD-101813,EVA-SUIT-MK7,4,27890.96
OI-0004479,ORD-101813,EMERG-KIT-DELUXE,1,675.54
OI-0004480,ORD-101814,AIR-SCRUB-X,7,2013.70
OI-0004481,ORD-101814,ZERO-G-BED,1,2051.95
OI-0004482,ORD-101814,ZERO-G-BED,4,2398.05
OI-0004483,ORD-101815,VR-ENTERTAIN-SYS,7,914.19
OI-0004484,ORD-101815,RAD-SHIELD-VEST,2,822.18
OI-0004485,ORD-101815,EVA-SUIT-MK7,8,25804.25
OI-0004486,ORD-101815,OXY-GEN-5000,6,2424.09
OI-0004487,ORD-101816,RAD-SHIELD-VEST,7,827.87
OI-0004488,ORD-101816,QUANTUM-PROC-Q5,6,11313.05
OI-0004489,ORD-101816,SELDON-CRYO-ICE,6,49.74
OI-0004490,ORD-101817,THERMO-REG-3000,1,1654.75
OI-0004491,ORD-101817,SOLAR-LIGHT-LED,4,187.39
OI-0004492,ORD-101818,THERMO-REG-3000,1,1471.84
OI-0004493,ORD-101818,ION-DRIVE-MK3,8,45961.63
OI-0004494,ORD-101819,THERMO-REG-3000,6,1575.40
OI-0004495,ORD-101820,OXY-GEN-5000,7,2681.26
OI-0004496,ORD-101820,EMERG-KIT-DELUXE,2,638.08
OI-0004497,ORD-101820,OXY-GEN-5000,8,2349.73
OI-0004498,ORD-101821,QUANTUM-PROC-Q5,5,12916.93
OI-0004499,ORD-101821,COMM-ARRAY-LR,4,7347.02
OI-0004500,ORD-101821,RAD-SHIELD-VEST,3,914.53
OI-0004501,ORD-101822,HULL-PLATE-TI,5,1271.62
OI-0004502,ORD-101822,H2O-REC-PRO,8,3308.80
OI-0004503,ORD-101822,RAD-SHIELD-VEST,6,944.95
OI-0004504,ORD-101822,THERMO-REG-3000,5,1432.97
OI-0004505,ORD-101823,EVA-SUIT-MK7,5,27930.83
OI-0004506,ORD-101823,NAV-COMP-ELITE,1,8042.95
OI-0004507,ORD-101824,ION-DRIVE-MK3,4,49217.96
OI-0004508,ORD-101825,ION-DRIVE-MK3,1,45130.55
OI-0004509,ORD-101825,OXY-GEN-5000,5,2358.17
OI-0004510,ORD-101825,ZERO-G-BED,3,2404.82
OI-0004511,ORD-101826,H2O-REC-PRO,1,3567.09
OI-0004512,ORD-101827,HYDRO-KIT-START,4,329.17
OI-0004513,ORD-101827,OXY-GEN-5000,2,2407.66
OI-0004514,ORD-101827,EVA-SUIT-MK7,1,26749.11
OI-0004515,ORD-101828,THERMO-REG-3000,2,1639.59
OI-0004516,ORD-101828,HULL-PLATE-TI,7,1112.61
OI-0004517,ORD-101829,ZERO-G-BED,4,2130.03
OI-0004518,ORD-101830,ZERO-G-BED,2,2380.46
OI-0004519,ORD-101831,NAV-COMP-ELITE,6,8784.01
OI-0004520,ORD-101832,EMERG-KIT-DELUXE,6,690.95
OI-0004521,ORD-101832,NAV-COMP-ELITE,4,8848.52
OI-0004522,ORD-101833,HULL-PLATE-TI,2,1168.32
OI-0004523,ORD-101833,ZERO-G-BED,1,2448.64
OI-0004524,ORD-101834,OXY-GEN-5000,3,2406.80
OI-0004525,ORD-101834,OXY-GEN-5000,2,2487.65
OI-0004526,ORD-101834,ZERO-G-BED,2,2288.02
OI-0004527,ORD-101834,VR-ENTERTAIN-SYS,1,951.13
OI-0004528,ORD-101835,THERMO-REG-3000,2,1645.62
OI-0004529,ORD-101836,OXY-GEN-5000,5,2722.66
OI-0004530,ORD-101837,RAD-SHIELD-VEST,2,898.66
OI-0004531,ORD-101837,ZERO-G-BALL-SET,8,132.90
OI-0004532,ORD-101837,MULTI-SENSOR-PRO,4,4197.98
OI-0004533,ORD-101838,RAD-SHIELD-VEST,4,947.56
OI-0004534,ORD-101838,SOLAR-LIGHT-LED,5,170.47
OI-0004535,ORD-101839,EMERG-KIT-DELUXE,3,661.11
OI-0004536,ORD-101840,OXY-GEN-5000,3,2386.73
OI-0004537,ORD-101840,ION-DRIVE-MK3,6,44307.00
OI-0004538,ORD-101840,NAV-COMP-ELITE,2,8139.95
OI-0004539,ORD-101841,EVA-SUIT-MK7,1,27725.57
OI-0004540,ORD-101841,VR-ENTERTAIN-SYS,5,979.35
OI-0004541,ORD-101841,VR-ENTERTAIN-SYS,2,958.67
OI-0004542,ORD-101841,LASER-DRILL-IND,4,33679.01
OI-0004543,ORD-101841,LASER-DRILL-IND,7,36529.06
OI-0004544,ORD-101842,RAD-SHIELD-VEST,7,826.15
OI-0004545,ORD-101842,VR-ENTERTAIN-SYS,6,946.66
OI-0004546,ORD-101842,MULTI-SENSOR-PRO,1,4639.57
OI-0004547,ORD-101842,ZERO-G-BED,1,2351.66
OI-0004548,ORD-101843,SELDON-CRYO-ICE,6,48.28
OI-0004549,ORD-101843,RATION-PACK-30,5,435.46
OI-0004550,ORD-101844,EMERG-KIT-DELUXE,1,731.54
OI-0004551,ORD-101844,ION-DRIVE-MK3,4,48683.89
OI-0004552,ORD-101844,H2O-REC-PRO,6,3068.65
OI-0004553,ORD-101845,AIR-SCRUB-X,2,1920.40
OI-0004554,ORD-101845,MULTI-SENSOR-PRO,1,4900.14
OI-0004555,ORD-101845,RATION-PACK-30,8,417.15
OI-0004556,ORD-101846,QUANTUM-PROC-Q5,4,11319.47
OI-0004557,ORD-101846,SELDON-CRYO-ICE,6,48.11
OI-0004558,ORD-101847,COMM-ARRAY-LR,4,6921.08
OI-0004559,ORD-101848,COMM-ARRAY-LR,2,7187.91
OI-0004560,ORD-101848,QUANTUM-PROC-Q5,4,11090.54
OI-0004561,ORD-101848,EVA-SUIT-MK7,7,28662.83
OI-0004562,ORD-101848,HULL-PLATE-TI,3,1331.84
OI-0004563,ORD-101848,EMERG-KIT-DELUXE,8,677.91
OI-0004564,ORD-101849,HULL-PLATE-TI,8,1164.08
OI-0004565,ORD-101849,NAV-COMP-ELITE,8,8243.95
OI-0004566,ORD-101850,HYDRO-KIT-START,7,302.36
OI-0004567,ORD-101850,RATION-PACK-30,5,455.51
OI-0004568,ORD-101850,ION-DRIVE-MK3,1,45407.11
OI-0004569,ORD-101851,RATION-PACK-30,7,460.07
OI-0004570,ORD-101852,VR-ENTERTAIN-SYS,6,964.05
OI-0004571,ORD-101853,HYDRO-KIT-START,5,312.60
OI-0004572,ORD-101853,THERMO-REG-3000,3,1546.72
OI-0004573,ORD-101853,ION-DRIVE-MK3,7,41990.42
OI-0004574,ORD-101854,HYDRO-KIT-START,4,327.69
OI-0004575,ORD-101855,HULL-PLATE-TI,5,1240.24
OI-0004576,ORD-101855,SELDON-CRYO-ICE,2,45.02
OI-0004577,ORD-101855,RAD-SHIELD-VEST,7,825.36
OI-0004578,ORD-101856,VR-ENTERTAIN-SYS,2,943.12
OI-0004579,ORD-101856,NAV-COMP-ELITE,3,8440.57
OI-0004580,ORD-101857,EMERG-KIT-DELUXE,8,680.50
OI-0004581,ORD-101857,HYDRO-KIT-START,8,314.23
OI-0004582,ORD-101858,HULL-PLATE-TI,8,1250.30
OI-0004583,ORD-101858,HULL-PLATE-TI,6,1321.37
OI-0004584,ORD-101859,EMERG-KIT-DELUXE,3,658.64
OI-0004585,ORD-101859,ION-DRIVE-MK3,1,45348.04
OI-0004586,ORD-101860,VR-ENTERTAIN-SYS,1,886.26
OI-0004587,ORD-101860,ZERO-G-BALL-SET,5,119.66
OI-0004588,ORD-101861,EVA-SUIT-MK7,2,31314.57
OI-0004589,ORD-101862,AIR-SCRUB-X,8,1989.60
OI-0004590,ORD-101862,HYDRO-KIT-START,8,323.79
OI-0004591,ORD-101863,AIR-SCRUB-X,7,1869.72
OI-0004592,ORD-101863,COMM-ARRAY-LR,4,7558.94
OI-0004593,ORD-101864,SOLAR-LIGHT-LED,2,198.22
OI-0004594,ORD-101864,EMERG-KIT-DELUXE,5,673.68
OI-0004595,ORD-101864,MULTI-SENSOR-PRO,8,4547.60
OI-0004596,ORD-101864,RAD-SHIELD-VEST,6,877.69
OI-0004597,ORD-101865,ZERO-G-BALL-SET,3,114.96
OI-0004598,ORD-101865,LASER-DRILL-IND,7,32462.72
OI-0004599,ORD-101866,ION-DRIVE-MK3,6,48505.34
OI-0004600,ORD-101866,ZERO-G-BALL-SET,2,132.32
OI-0004601,ORD-101866,RATION-PACK-30,1,500.63
OI-0004602,ORD-101866,EVA-SUIT-MK7,7,26926.61
OI-0004603,ORD-101867,NAV-COMP-ELITE,8,8254.28
OI-0004604,ORD-101868,RATION-PACK-30,1,461.16
OI-0004605,ORD-101868,RATION-PACK-30,8,496.61
OI-0004606,ORD-101869,ZERO-G-BED,1,2053.02
OI-0004607,ORD-101869,THERMO-REG-3000,6,1514.49
OI-0004608,ORD-101870,MULTI-SENSOR-PRO,6,4570.96
OI-0004609,ORD-101870,EMERG-KIT-DELUXE,5,641.35
OI-0004610,ORD-101871,QUANTUM-PROC-Q5,6,11943.85
OI-0004611,ORD-101872,ION-DRIVE-MK3,7,41592.58
OI-0004612,ORD-101873,RATION-PACK-30,8,482.20
OI-0004613,ORD-101873,EMERG-KIT-DELUXE,1,664.83
OI-0004614,ORD-101873,QUANTUM-PROC-Q5,1,11503.11
OI-0004615,ORD-101874,OXY-GEN-5000,5,2447.15
OI-0004616,ORD-101875,VR-ENTERTAIN-SYS,8,898.91
OI-0004617,ORD-101875,HULL-PLATE-TI,1,1195.58
OI-0004618,ORD-101876,LASER-DRILL-IND,6,37831.80
OI-0004619,ORD-101876,SELDON-CRYO-ICE,4,48.09
OI-0004620,ORD-101876,HYDRO-KIT-START,5,350.10
OI-0004621,ORD-101876,THERMO-REG-3000,8,1445.44
OI-0004622,ORD-101876,AIR-SCRUB-X,7,1825.79
OI-0004623,ORD-101877,QUANTUM-PROC-Q5,4,12383.56
OI-0004624,ORD-101878,ZERO-G-BALL-SET,7,124.86
OI-0004625,ORD-101878,OXY-GEN-5000,8,2559.11
OI-0004626,ORD-101878,HULL-PLATE-TI,2,1340.86
OI-0004627,ORD-101879,HYDRO-KIT-START,6,313.61
OI-0004628,ORD-101880,LASER-DRILL-IND,4,36476.66
OI-0004629,ORD-101880,COMM-ARRAY-LR,7,7341.07
OI-0004630,ORD-101880,HULL-PLATE-TI,8,1235.07
OI-0004631,ORD-101880,VR-ENTERTAIN-SYS,1,917.39
OI-0004632,ORD-101880,SOLAR-LIGHT-LED,2,189.93
OI-0004633,ORD-101881,LASER-DRILL-IND,4,38066.27
OI-0004634,ORD-101881,LASER-DRILL-IND,3,39095.90
OI-0004635,ORD-101881,THERMO-REG-3000,8,1631.26
OI-0004636,ORD-101882,AIR-SCRUB-X,7,1721.27
OI-0004637,ORD-101882,SOLAR-LIGHT-LED,8,192.05
OI-0004638,ORD-101882,EMERG-KIT-DELUXE,7,635.12
OI-0004639,ORD-101883,NAV-COMP-ELITE,3,9085.18
OI-0004640,ORD-101884,RAD-SHIELD-VEST,8,787.15
OI-0004641,ORD-101885,AIR-SCRUB-X,3,1967.05
OI-0004642,ORD-101885,LASER-DRILL-IND,4,38477.13
OI-0004643,ORD-101885,EMERG-KIT-DELUXE,3,698.04
OI-0004644,ORD-101886,LASER-DRILL-IND,7,36390.68
OI-0004645,ORD-101886,H2O-REC-PRO,2,3328.71
OI-0004646,ORD-101887,AIR-SCRUB-X,3,1828.93
OI-0004647,ORD-101887,ZERO-G-BALL-SET,4,129.70
OI-0004648,ORD-101888,ION-DRIVE-MK3,6,41877.44
OI-0004649,ORD-101888,SOLAR-LIGHT-LED,5,167.95
OI-0004650,ORD-101889,ZERO-G-BED,5,2212.97
OI-0004651,ORD-101889,AIR-SCRUB-X,3,1950.55
OI-0004652,ORD-101890,EMERG-KIT-DELUXE,3,721.53
OI-0004653,ORD-101890,EMERG-KIT-DELUXE,2,747.00
OI-0004654,ORD-101890,NAV-COMP-ELITE,6,9489.54
OI-0004655,ORD-101890,MULTI-SENSOR-PRO,5,4883.00
OI-0004656,ORD-101890,MULTI-SENSOR-PRO,7,4252.83
OI-0004657,ORD-101891,EVA-SUIT-MK7,5,29223.25
OI-0004658,ORD-101891,EMERG-KIT-DELUXE,6,628.11
OI-0004659,ORD-101891,VR-ENTERTAIN-SYS,3,1001.28
OI-0004660,ORD-101892,LASER-DRILL-IND,6,37599.10
OI-0004661,ORD-101893,COMM-ARRAY-LR,3,6999.99
OI-0004662,ORD-101893,MULTI-SENSOR-PRO,5,4745.49
OI-0004663,ORD-101893,H2O-REC-PRO,3,3442.96
OI-0004664,ORD-101894,OXY-GEN-5000,1,2419.95
OI-0004665,ORD-101895,THERMO-REG-3000,3,1646.43
OI-0004666,ORD-101895,QUANTUM-PROC-Q5,8,11931.52
OI-0004667,ORD-101895,ZERO-G-BED,8,2264.40
OI-0004668,ORD-101895,HULL-PLATE-TI,4,1246.63
OI-0004669,ORD-101896,EMERG-KIT-DELUXE,1,717.92
OI-0004670,ORD-101896,ZERO-G-BALL-SET,6,121.98
OI-0004671,ORD-101896,EMERG-KIT-DELUXE,4,707.74
OI-0004672,ORD-101897,OXY-GEN-5000,8,2676.84
OI-0004673,ORD-101897,MULTI-SENSOR-PRO,7,4281.63
OI-0004674,ORD-101897,MULTI-SENSOR-PRO,7,4716.30
OI-0004675,ORD-101898,MULTI-SENSOR-PRO,3,4181.08
OI-0004676,ORD-101899,H2O-REC-PRO,3,3134.64
OI-0004677,ORD-101899,COMM-ARRAY-LR,5,6273.72
OI-0004678,ORD-101899,RAD-SHIELD-VEST,4,890.03
OI-0004679,ORD-101900,SELDON-CRYO-ICE,5,49.75
OI-0004680,ORD-101900,SOLAR-LIGHT-LED,2,200.84
OI-0004681,ORD-101900,THERMO-REG-3000,7,1578.69
OI-0004682,ORD-101901,SOLAR-LIGHT-LED,6,170.47
OI-0004683,ORD-101901,OXY-GEN-5000,4,2353.20
OI-0004684,ORD-101902,H2O-REC-PRO,8,3132.93
OI-0004685,ORD-101902,THERMO-REG-3000,7,1593.40
OI-0004686,ORD-101902,COMM-ARRAY-LR,4,7547.19
OI-0004687,ORD-101902,VR-ENTERTAIN-SYS,7,878.60
OI-0004688,ORD-101902,QUANTUM-PROC-Q5,3,12374.93
OI-0004689,ORD-101903,EVA-SUIT-MK7,4,28512.09
OI-0004690,ORD-101904,VR-ENTERTAIN-SYS,1,1012.02
OI-0004691,ORD-101904,SELDON-CRYO-ICE,2,45.50
OI-0004692,ORD-101904,ZERO-G-BED,7,2143.43
OI-0004693,ORD-101905,ZERO-G-BALL-SET,5,128.84
OI-0004694,ORD-101905,LASER-DRILL-IND,2,38034.20
OI-0004695,ORD-101906,NAV-COMP-ELITE,4,8269.76
OI-0004696,ORD-101906,NAV-COMP-ELITE,1,8268.36
OI-0004697,ORD-101907,LASER-DRILL-IND,7,37834.60
OI-0004698,ORD-101908,THERMO-REG-3000,4,1585.55
OI-0004699,ORD-101908,OXY-GEN-5000,1,2691.38
OI-0004700,ORD-101908,COMM-ARRAY-LR,1,6983.96
OI-0004701,ORD-101908,EMERG-KIT-DELUXE,7,745.35
OI-0004702,ORD-101908,AIR-SCRUB-X,2,1715.86
OI-0004703,ORD-101909,THERMO-REG-3000,2,1380.24
OI-0004704,ORD-101910,HYDRO-KIT-START,2,315.76
OI-0004705,ORD-101910,SOLAR-LIGHT-LED,8,172.87
OI-0004706,ORD-101910,SELDON-CRYO-ICE,8,42.43
OI-0004707,ORD-101910,OXY-GEN-5000,8,2682.41
OI-0004708,ORD-101911,NAV-COMP-ELITE,8,8316.09
OI-0004709,ORD-101911,ION-DRIVE-MK3,6,42951.55
OI-0004710,ORD-101912,OXY-GEN-5000,2,2432.52
OI-0004711,ORD-101912,OXY-GEN-5000,6,2656.24
OI-0004712,ORD-101912,H2O-REC-PRO,8,3453.45
OI-0004713,ORD-101913,RAD-SHIELD-VEST,3,839.25
OI-0004714,ORD-101913,ZERO-G-BALL-SET,7,112.21
OI-0004715,ORD-101914,ZERO-G-BALL-SET,1,120.83
OI-0004716,ORD-101914,VR-ENTERTAIN-SYS,2,934.97
OI-0004717,ORD-101914,SOLAR-LIGHT-LED,7,167.53
OI-0004718,ORD-101914,NAV-COMP-ELITE,1,9469.65
OI-0004719,ORD-101915,EMERG-KIT-DELUXE,8,685.84
OI-0004720,ORD-101915,SELDON-CRYO-ICE,4,43.96
OI-0004721,ORD-101915,HYDRO-KIT-START,5,352.13
OI-0004722,ORD-101916,NAV-COMP-ELITE,3,8484.43
OI-0004723,ORD-101916,HULL-PLATE-TI,5,1229.40
OI-0004724,ORD-101916,OXY-GEN-5000,3,2591.85
OI-0004725,ORD-101917,RATION-PACK-30,3,444.39
OI-0004726,ORD-101918,COMM-ARRAY-LR,2,7103.11
OI-0004727,ORD-101919,RAD-SHIELD-VEST,6,794.27
OI-0004728,ORD-101920,OXY-GEN-5000,6,2303.55
OI-0004729,ORD-101920,OXY-GEN-5000,6,2702.79
OI-0004730,ORD-101920,EVA-SUIT-MK7,5,29584.52
OI-0004731,ORD-101921,HULL-PLATE-TI,4,1188.04
OI-0004732,ORD-101921,QUANTUM-PROC-Q5,3,12569.29
OI-0004733,ORD-101922,RATION-PACK-30,8,452.15
OI-0004734,ORD-101923,HULL-PLATE-TI,2,1255.05
OI-0004735,ORD-101923,ZERO-G-BALL-SET,4,132.98
OI-0004736,ORD-101923,MULTI-SENSOR-PRO,5,4393.56
OI-0004737,ORD-101924,LASER-DRILL-IND,1,38031.45
OI-0004738,ORD-101924,RATION-PACK-30,8,439.36
OI-0004739,ORD-101924,RAD-SHIELD-VEST,5,784.38
OI-0004740,ORD-101924,EMERG-KIT-DELUXE,1,714.95
OI-0004741,ORD-101925,ZERO-G-BALL-SET,4,121.55
OI-0004742,ORD-101926,VR-ENTERTAIN-SYS,1,943.36
OI-0004743,ORD-101926,VR-ENTERTAIN-SYS,1,1001.13
OI-0004744,ORD-101926,RATION-PACK-30,1,414.62
OI-0004745,ORD-101926,HULL-PLATE-TI,1,1104.11
OI-0004746,ORD-101926,NAV-COMP-ELITE,8,8734.74
OI-0004747,ORD-101927,AIR-SCRUB-X,1,2010.62
OI-0004748,ORD-101928,AIR-SCRUB-X,1,1816.32
OI-0004749,ORD-101928,HYDRO-KIT-START,8,341.37
OI-0004750,ORD-101928,LASER-DRILL-IND,3,38022.74
OI-0004751,ORD-101928,LASER-DRILL-IND,5,38142.19
OI-0004752,ORD-101928,HYDRO-KIT-START,7,308.27
OI-0004753,ORD-101929,RAD-SHIELD-VEST,5,886.68
OI-0004754,ORD-101929,ZERO-G-BED,2,2047.33
OI-0004755,ORD-101929,HYDRO-KIT-START,4,354.57
OI-0004756,ORD-101929,ZERO-G-BED,6,2397.64
OI-0004757,ORD-101930,VR-ENTERTAIN-SYS,8,943.48
OI-0004758,ORD-101930,OXY-GEN-5000,3,2593.51
OI-0004759,ORD-101930,AIR-SCRUB-X,5,1915.05
OI-0004760,ORD-101930,LASER-DRILL-IND,1,39064.95
OI-0004761,ORD-101930,LASER-DRILL-IND,5,32651.39
OI-0004762,ORD-101931,AIR-SCRUB-X,2,1826.35
OI-0004763,ORD-101931,ION-DRIVE-MK3,5,44434.68
OI-0004764,ORD-101932,VR-ENTERTAIN-SYS,1,1060.21
OI-0004765,ORD-101932,RAD-SHIELD-VEST,3,949.84
OI-0004766,ORD-101933,HYDRO-KIT-START,3,315.53
OI-0004767,ORD-101933,ZERO-G-BED,7,2244.10
OI-0004768,ORD-101934,ION-DRIVE-MK3,5,46986.10
OI-0004769,ORD-101935,LASER-DRILL-IND,6,37861.73
OI-0004770,ORD-101935,RAD-SHIELD-VEST,8,934.58
OI-0004771,ORD-101936,H2O-REC-PRO,1,3402.31
OI-0004772,ORD-101936,SOLAR-LIGHT-LED,4,175.21
OI-0004773,ORD-101936,EVA-SUIT-MK7,5,29274.30
OI-0004774,ORD-101936,AIR-SCRUB-X,1,1951.19
OI-0004775,ORD-101937,ZERO-G-BED,8,2133.64
OI-0004776,ORD-101937,SOLAR-LIGHT-LED,3,199.11
OI-0004777,ORD-101938,MULTI-SENSOR-PRO,7,4929.12
OI-0004778,ORD-101938,ZERO-G-BED,1,2342.88
OI-0004779,ORD-101939,SELDON-CRYO-ICE,5,44.47
OI-0004780,ORD-101940,EMERG-KIT-DELUXE,5,664.74
OI-0004781,ORD-101940,OXY-GEN-5000,5,2709.13
OI-0004782,ORD-101940,QUANTUM-PROC-Q5,6,11124.54
OI-0004783,ORD-101941,SELDON-CRYO-ICE,8,49.10
OI-0004784,ORD-101942,EVA-SUIT-MK7,2,26213.49
OI-0004785,ORD-101942,OXY-GEN-5000,2,2656.91
OI-0004786,ORD-101943,LASER-DRILL-IND,3,35269.43
OI-0004787,ORD-101943,COMM-ARRAY-LR,4,7186.85
OI-0004788,ORD-101944,THERMO-REG-3000,4,1594.60
OI-0004789,ORD-101944,SOLAR-LIGHT-LED,2,179.67
OI-0004790,ORD-101944,AIR-SCRUB-X,8,1945.86
OI-0004791,ORD-101945,EVA-SUIT-MK7,1,29345.08
OI-0004792,ORD-101945,OXY-GEN-5000,6,2396.86
OI-0004793,ORD-101945,AIR-SCRUB-X,3,2013.42
OI-0004794,ORD-101945,OXY-GEN-5000,6,2459.28
OI-0004795,ORD-101946,H2O-REC-PRO,8,3275.79
OI-0004796,ORD-101947,EMERG-KIT-DELUXE,1,756.79
OI-0004797,ORD-101947,ION-DRIVE-MK3,5,44527.76
OI-0004798,ORD-101947,RAD-SHIELD-VEST,2,937.90
OI-0004799,ORD-101947,THERMO-REG-3000,3,1623.29
OI-0004800,ORD-101948,COMM-ARRAY-LR,1,6432.41
OI-0004801,ORD-101949,THERMO-REG-3000,4,1453.69
OI-0004802,ORD-101949,ZERO-G-BED,7,2146.20
OI-0004803,ORD-101949,THERMO-REG-3000,3,1557.73
OI-0004804,ORD-101949,VR-ENTERTAIN-SYS,8,881.17
OI-0004805,ORD-101949,ION-DRIVE-MK3,6,42756.73
OI-0004806,ORD-101950,QUANTUM-PROC-Q5,6,11446.73
OI-0004807,ORD-101951,RATION-PACK-30,4,469.15
OI-0004808,ORD-101952,NAV-COMP-ELITE,5,7907.56
OI-0004809,ORD-101952,RAD-SHIELD-VEST,1,909.84
OI-0004810,ORD-101952,SOLAR-LIGHT-LED,4,173.48
OI-0004811,ORD-101953,NAV-COMP-ELITE,8,8325.05
OI-0004812,ORD-101953,THERMO-REG-3000,1,1393.14
OI-0004813,ORD-101954,EVA-SUIT-MK7,6,25906.87
OI-0004814,ORD-101954,EVA-SUIT-MK7,6,25846.91
OI-0004815,ORD-101955,HYDRO-KIT-START,3,307.33
OI-0004816,ORD-101955,QUANTUM-PROC-Q5,3,11141.11
OI-0004817,ORD-101955,HULL-PLATE-TI,1,1118.70
OI-0004818,ORD-101956,HYDRO-KIT-START,1,356.86
OI-0004819,ORD-101956,HYDRO-KIT-START,7,301.36
OI-0004820,ORD-101956,HYDRO-KIT-START,4,304.49
OI-0004821,ORD-101956,SOLAR-LIGHT-LED,2,175.30
OI-0004822,ORD-101957,H2O-REC-PRO,1,2961.43
OI-0004823,ORD-101958,HULL-PLATE-TI,6,1118.73
OI-0004824,ORD-101959,COMM-ARRAY-LR,5,6810.74
OI-0004825,ORD-101960,EVA-SUIT-MK7,8,29008.12
OI-0004826,ORD-101960,ZERO-G-BED,4,2189.42
OI-0004827,ORD-101960,COMM-ARRAY-LR,1,7006.48
OI-0004828,ORD-101961,AIR-SCRUB-X,8,1924.52
OI-0004829,ORD-101962,NAV-COMP-ELITE,3,7928.85
OI-0004830,ORD-101962,SOLAR-LIGHT-LED,3,186.98
OI-0004831,ORD-101962,ION-DRIVE-MK3,3,50324.49
OI-0004832,ORD-101963,ZERO-G-BALL-SET,5,132.46
OI-0004833,ORD-101964,OXY-GEN-5000,4,2587.64
OI-0004834,ORD-101964,HULL-PLATE-TI,6,1112.31
OI-0004835,ORD-101965,HULL-PLATE-TI,4,1275.76
OI-0004836,ORD-101965,EVA-SUIT-MK7,6,30171.48
OI-0004837,ORD-101966,ION-DRIVE-MK3,6,48677.59
OI-0004838,ORD-101966,RAD-SHIELD-VEST,3,820.25
OI-0004839,ORD-101967,EVA-SUIT-MK7,6,26701.85
OI-0004840,ORD-101967,LASER-DRILL-IND,2,34082.14
OI-0004841,ORD-101968,ZERO-G-BED,5,2416.62
OI-0004842,ORD-101968,RATION-PACK-30,2,481.14
OI-0004843,ORD-101968,H2O-REC-PRO,6,3171.26
OI-0004844,ORD-101969,SELDON-CRYO-ICE,1,48.47
OI-0004845,ORD-101969,ZERO-G-BALL-SET,5,133.19
OI-0004846,ORD-101970,HULL-PLATE-TI,3,1338.80
OI-0004847,ORD-101970,SELDON-CRYO-ICE,2,44.05
OI-0004848,ORD-101971,RATION-PACK-30,1,468.78
OI-0004849,ORD-101972,AIR-SCRUB-X,3,1714.87
OI-0004850,ORD-101973,HULL-PLATE-TI,1,1216.00
OI-0004851,ORD-101973,OXY-GEN-5000,8,2562.10
OI-0004852,ORD-101973,H2O-REC-PRO,2,3413.22
OI-0004853,ORD-101974,COMM-ARRAY-LR,2,7380.21
OI-0004854,ORD-101975,H2O-REC-PRO,5,2998.78
OI-0004855,ORD-101975,AIR-SCRUB-X,1,1821.03
OI-0004856,ORD-101976,VR-ENTERTAIN-SYS,6,881.39
OI-0004857,ORD-101976,SOLAR-LIGHT-LED,1,193.35
OI-0004858,ORD-101977,AIR-SCRUB-X,6,1801.13
OI-0004859,ORD-101977,ZERO-G-BALL-SET,6,113.29
OI-0004860,ORD-101978,RATION-PACK-30,2,500.82
OI-0004861,ORD-101978,RATION-PACK-30,2,421.13
OI-0004862,ORD-101979,SELDON-CRYO-ICE,5,49.98
OI-0004863,ORD-101979,RAD-SHIELD-VEST,3,943.00
OI-0004864,ORD-101980,ION-DRIVE-MK3,5,49737.65
OI-0004865,ORD-101980,VR-ENTERTAIN-SYS,7,1010.65
OI-0004866,ORD-101981,ZERO-G-BALL-SET,2,133.05
OI-0004867,ORD-101982,SELDON-CRYO-ICE,3,46.05
OI-0004868,ORD-101983,HYDRO-KIT-START,6,311.34
OI-0004869,ORD-101984,COMM-ARRAY-LR,2,7451.07
OI-0004870,ORD-101984,H2O-REC-PRO,6,2988.84
OI-0004871,ORD-101985,EVA-SUIT-MK7,8,28602.55
OI-0004872,ORD-101985,OXY-GEN-5000,8,2301.52
OI-0004873,ORD-101985,HYDRO-KIT-START,5,355.88
OI-0004874,ORD-101986,SOLAR-LIGHT-LED,7,168.62
OI-0004875,ORD-101986,THERMO-REG-3000,3,1384.85
OI-0004876,ORD-101986,EVA-SUIT-MK7,3,29061.93
OI-0004877,ORD-101987,SOLAR-LIGHT-LED,2,200.79
OI-0004878,ORD-101987,OXY-GEN-5000,5,2300.82
OI-0004879,ORD-101987,HULL-PLATE-TI,1,1282.15
OI-0004880,ORD-101987,ION-DRIVE-MK3,8,44919.72
OI-0004881,ORD-101987,RAD-SHIELD-VEST,4,910.76
OI-0004882,ORD-101988,MULTI-SENSOR-PRO,6,4157.82
OI-0004883,ORD-101988,SELDON-CRYO-ICE,1,47.24
OI-0004884,ORD-101989,ZERO-G-BED,7,2432.38
OI-0004885,ORD-101989,QUANTUM-PROC-Q5,2,12444.09
OI-0004886,ORD-101989,QUANTUM-PROC-Q5,2,13066.14
OI-0004887,ORD-101989,COMM-ARRAY-LR,4,6824.18
OI-0004888,ORD-101989,THERMO-REG-3000,1,1491.54
OI-0004889,ORD-101990,COMM-ARRAY-LR,1,6578.33
OI-0004890,ORD-101990,AIR-SCRUB-X,8,1815.28
OI-0004891,ORD-101991,RATION-PACK-30,6,487.67
OI-0004892,ORD-101991,ZERO-G-BED,3,2416.98
OI-0004893,ORD-101991,LASER-DRILL-IND,6,32567.06
OI-0004894,ORD-101991,VR-ENTERTAIN-SYS,4,1030.42
OI-0004895,ORD-101992,MULTI-SENSOR-PRO,2,4939.75
OI-0004896,ORD-101992,HULL-PLATE-TI,5,1262.73
OI-0004897,ORD-101992,RAD-SHIELD-VEST,5,816.33
OI-0004898,ORD-101993,OXY-GEN-5000,4,2546.29
OI-0004899,ORD-101993,AIR-SCRUB-X,1,1697.64
OI-0004900,ORD-101993,HULL-PLATE-TI,3,1296.53
OI-0004901,ORD-101994,LASER-DRILL-IND,1,36237.62
OI-0004902,ORD-101994,ZERO-G-BED,8,2333.89
OI-0004903,ORD-101994,VR-ENTERTAIN-SYS,6,895.62
OI-0004904,ORD-101995,THERMO-REG-3000,2,1510.25
OI-0004905,ORD-101995,SELDON-CRYO-ICE,3,42.53
OI-0004906,ORD-101995,ION-DRIVE-MK3,8,47608.36
OI-0004907,ORD-101996,MULTI-SENSOR-PRO,3,4952.55
OI-0004908,ORD-101996,EMERG-KIT-DELUXE,6,677.70
OI-0004909,ORD-101997,EVA-SUIT-MK7,7,26231.85
OI-0004910,ORD-101997,SELDON-CRYO-ICE,5,44.13
OI-0004911,ORD-101998,H2O-REC-PRO,6,3224.55
OI-0004912,ORD-101999,ZERO-G-BALL-SET,3,125.81
OI-0004913,ORD-101999,VR-ENTERTAIN-SYS,6,903.84
OI-0004914,ORD-102000,THERMO-REG-3000,7,1642.11
OI-0004915,ORD-102001,H2O-REC-PRO,5,3406.02
OI-0004916,ORD-102001,SELDON-CRYO-ICE,6,41.56
OI-0004917,ORD-102001,HULL-PLATE-TI,7,1150.47
OI-0004918,ORD-102002,HULL-PLATE-TI,3,1268.96
OI-0004919,ORD-102002,HULL-PLATE-TI,2,1186.69
OI-0004920,ORD-102002,NAV-COMP-ELITE,1,8634.93
OI-0004921,ORD-102003,EMERG-KIT-DELUXE,7,753.96
OI-0004922,ORD-102003,AIR-SCRUB-X,6,1678.36
OI-0004923,ORD-102003,SELDON-CRYO-ICE,4,49.61
OI-0004924,ORD-102004,EMERG-KIT-DELUXE,2,666.99
OI-0004925,ORD-102004,RAD-SHIELD-VEST,5,806.60
OI-0004926,ORD-102005,EVA-SUIT-MK7,6,27630.67
OI-0004927,ORD-102005,H2O-REC-PRO,6,3065.67
OI-0004928,ORD-102006,ZERO-G-BED,2,2389.63
OI-0004929,ORD-102006,HULL-PLATE-TI,3,1251.80
OI-0004930,ORD-102007,ION-DRIVE-MK3,8,47530.71
OI-0004931,ORD-102007,RAD-SHIELD-VEST,8,816.50
OI-0004932,ORD-102008,EMERG-KIT-DELUXE,4,748.67
OI-0004933,ORD-102008,MULTI-SENSOR-PRO,7,4886.09
OI-0004934,ORD-102009,OXY-GEN-5000,3,2565.85
OI-0004935,ORD-102009,ION-DRIVE-MK3,7,48766.05
OI-0004936,ORD-102010,QUANTUM-PROC-Q5,4,12492.14
OI-0004937,ORD-102011,THERMO-REG-3000,6,1531.30
OI-0004938,ORD-102012,LASER-DRILL-IND,3,38043.75
OI-0004939,ORD-102012,H2O-REC-PRO,5,3492.88
OI-0004940,ORD-102013,EMERG-KIT-DELUXE,4,662.51
OI-0004941,ORD-102013,SELDON-CRYO-ICE,5,43.42
OI-0004942,ORD-102014,VR-ENTERTAIN-SYS,1,931.29
OI-0004943,ORD-102014,SOLAR-LIGHT-LED,7,190.89
OI-0004944,ORD-102014,SELDON-CRYO-ICE,1,46.25
OI-0004945,ORD-102015,VR-ENTERTAIN-SYS,2,938.86
OI-0004946,ORD-102016,NAV-COMP-ELITE,2,8787.58
OI-0004947,ORD-102016,RATION-PACK-30,7,452.26
OI-0004948,ORD-102016,RATION-PACK-30,7,429.27
OI-0004949,ORD-102017,AIR-SCRUB-X,3,1720.86
OI-0004950,ORD-102017,EVA-SUIT-MK7,3,26465.37
OI-0004951,ORD-102017,RAD-SHIELD-VEST,7,892.88
OI-0004952,ORD-102017,VR-ENTERTAIN-SYS,7,957.59
OI-0004953,ORD-102017,EVA-SUIT-MK7,2,27957.57
OI-0004954,ORD-102018,OXY-GEN-5000,4,2446.16
OI-0004955,ORD-102019,RATION-PACK-30,2,445.13
OI-0004956,ORD-102019,MULTI-SENSOR-PRO,3,4911.75
OI-0004957,ORD-102020,RATION-PACK-30,4,422.75
OI-0004958,ORD-102020,THERMO-REG-3000,5,1473.81
OI-0004959,ORD-102020,VR-ENTERTAIN-SYS,4,910.70
OI-0004960,ORD-102021,LASER-DRILL-IND,2,34245.64
OI-0004961,ORD-102021,ZERO-G-BALL-SET,6,130.78
OI-0004962,ORD-102022,HYDRO-KIT-START,6,329.72
OI-0004963,ORD-102022,ION-DRIVE-MK3,1,42002.76
OI-0004964,ORD-102023,QUANTUM-PROC-Q5,5,12766.45
OI-0004965,ORD-102023,ZERO-G-BALL-SET,2,111.13
OI-0004966,ORD-102023,THERMO-REG-3000,4,1605.48
OI-0004967,ORD-102024,ION-DRIVE-MK3,5,45422.09
OI-0004968,ORD-102025,OXY-GEN-5000,4,2555.80
OI-0004969,ORD-102026,AIR-SCRUB-X,7,1857.17
OI-0004970,ORD-102026,H2O-REC-PRO,7,3272.23
OI-0004971,ORD-102026,HULL-PLATE-TI,1,1178.49
OI-0004972,ORD-102026,OXY-GEN-5000,1,2732.22
OI-0004973,ORD-102026,MULTI-SENSOR-PRO,5,4923.15
OI-0004974,ORD-102027,ZERO-G-BED,5,2276.70
OI-0004975,ORD-102028,LASER-DRILL-IND,1,36415.87
OI-0004976,ORD-102028,AIR-SCRUB-X,4,1792.54
OI-0004977,ORD-102028,AIR-SCRUB-X,8,1887.64
OI-0004978,ORD-102028,MULTI-SENSOR-PRO,3,4156.26
OI-0004979,ORD-102029,NAV-COMP-ELITE,7,7850.68
OI-0004980,ORD-102029,THERMO-REG-3000,5,1443.06
OI-0004981,ORD-102029,QUANTUM-PROC-Q5,6,12556.00
OI-0004982,ORD-102029,NAV-COMP-ELITE,5,9341.26
OI-0004983,ORD-102029,RAD-SHIELD-VEST,4,803.44
OI-0004984,ORD-102030,ION-DRIVE-MK3,5,47494.43
OI-0004985,ORD-102030,VR-ENTERTAIN-SYS,1,1038.19
OI-0004986,ORD-102031,SELDON-CRYO-ICE,8,48.21
OI-0004987,ORD-102031,QUANTUM-PROC-Q5,2,11233.32
OI-0004988,ORD-102031,SELDON-CRYO-ICE,4,44.73
OI-0004989,ORD-102031,ZERO-G-BALL-SET,2,125.44
OI-0004990,ORD-102032,EMERG-KIT-DELUXE,6,717.60
OI-0004991,ORD-102033,VR-ENTERTAIN-SYS,6,965.97
OI-0004992,ORD-102034,ZERO-G-BALL-SET,5,122.86
OI-0004993,ORD-102034,NAV-COMP-ELITE,1,8596.75
OI-0004994,ORD-102035,THERMO-REG-3000,2,1528.28
OI-0004995,ORD-102036,HYDRO-KIT-START,4,336.99
OI-0004996,ORD-102036,EMERG-KIT-DELUXE,2,626.74
OI-0004997,ORD-102036,ZERO-G-BALL-SET,5,126.68
OI-0004998,ORD-102037,ZERO-G-BALL-SET,8,111.87
OI-0004999,ORD-102037,H2O-REC-PRO,4,3367.26
OI-0005000,ORD-102037,RATION-PACK-30,6,427.11
OI-0005001,ORD-102038,HULL-PLATE-TI,3,1164.12
OI-0005002,ORD-102038,H2O-REC-PRO,7,3423.65
OI-0005003,ORD-102039,ZERO-G-BALL-SET,5,122.79
OI-0005004,ORD-102039,SELDON-CRYO-ICE,1,41.42
OI-0005005,ORD-102040,THERMO-REG-3000,6,1674.52
OI-0005006,ORD-102040,SELDON-CRYO-ICE,7,47.25
OI-0005007,ORD-102041,THERMO-REG-3000,3,1432.56
OI-0005008,ORD-102041,EMERG-KIT-DELUXE,1,727.60
OI-0005009,ORD-102042,ION-DRIVE-MK3,2,45323.94
OI-0005010,ORD-102042,HULL-PLATE-TI,7,1140.58
OI-0005011,ORD-102042,EVA-SUIT-MK7,8,26763.11
OI-0005012,ORD-102042,OXY-GEN-5000,8,2392.51
OI-0005013,ORD-102042,QUANTUM-PROC-Q5,2,13328.22
OI-0005014,ORD-102043,LASER-DRILL-IND,7,33991.90
OI-0005015,ORD-102043,SELDON-CRYO-ICE,6,42.67
OI-0005016,ORD-102044,SELDON-CRYO-ICE,8,50.30
OI-0005017,ORD-102044,THERMO-REG-3000,6,1612.48
OI-0005018,ORD-102044,SELDON-CRYO-ICE,4,47.87
OI-0005019,ORD-102045,HYDRO-KIT-START,5,348.79
OI-0005020,ORD-102046,OXY-GEN-5000,6,2467.91
OI-0005021,ORD-102046,LASER-DRILL-IND,3,37372.90
OI-0005022,ORD-102046,RAD-SHIELD-VEST,8,786.00
OI-0005023,ORD-102046,HYDRO-KIT-START,7,297.80
OI-0005024,ORD-102047,ZERO-G-BED,1,2399.78
OI-0005025,ORD-102048,LASER-DRILL-IND,5,35693.72
OI-0005026,ORD-102048,H2O-REC-PRO,6,3350.40
OI-0005027,ORD-102048,HYDRO-KIT-START,1,300.49
OI-0005028,ORD-102048,HYDRO-KIT-START,8,346.53
OI-0005029,ORD-102049,SELDON-CRYO-ICE,3,43.29
OI-0005030,ORD-102050,RAD-SHIELD-VEST,1,864.92
OI-0005031,ORD-102050,RATION-PACK-30,6,494.78
OI-0005032,ORD-102051,NAV-COMP-ELITE,7,9299.13
OI-0005033,ORD-102051,QUANTUM-PROC-Q5,6,12952.78
OI-0005034,ORD-102052,EVA-SUIT-MK7,2,26137.99
OI-0005035,ORD-102052,RAD-SHIELD-VEST,5,889.46
OI-0005036,ORD-102053,H2O-REC-PRO,5,3142.12
OI-0005037,ORD-102053,THERMO-REG-3000,8,1415.02
OI-0005038,ORD-102054,QUANTUM-PROC-Q5,6,12720.63
OI-0005039,ORD-102054,EVA-SUIT-MK7,4,29633.03
OI-0005040,ORD-102055,SELDON-CRYO-ICE,6,44.49
OI-0005041,ORD-102056,NAV-COMP-ELITE,2,9139.58
OI-0005042,ORD-102057,VR-ENTERTAIN-SYS,6,946.56
OI-0005043,ORD-102057,HYDRO-KIT-START,5,297.75
OI-0005044,ORD-102058,HYDRO-KIT-START,5,308.23
OI-0005045,ORD-102058,QUANTUM-PROC-Q5,3,12252.69
OI-0005046,ORD-102059,H2O-REC-PRO,2,3407.48
OI-0005047,ORD-102060,LASER-DRILL-IND,4,37724.54
OI-0005048,ORD-102060,H2O-REC-PRO,6,3412.78
OI-0005049,ORD-102060,SOLAR-LIGHT-LED,6,167.10
OI-0005050,ORD-102061,AIR-SCRUB-X,2,1981.97
OI-0005051,ORD-102061,OXY-GEN-5000,1,2697.38
OI-0005052,ORD-102061,ION-DRIVE-MK3,1,46239.92
OI-0005053,ORD-102061,THERMO-REG-3000,8,1501.17
OI-0005054,ORD-102062,THERMO-REG-3000,8,1557.07
OI-0005055,ORD-102063,COMM-ARRAY-LR,4,6623.86
OI-0005056,ORD-102064,MULTI-SENSOR-PRO,4,4800.49
OI-0005057,ORD-102064,RAD-SHIELD-VEST,5,809.95
OI-0005058,ORD-102064,THERMO-REG-3000,1,1404.61
OI-0005059,ORD-102065,ZERO-G-BED,3,2326.30
OI-0005060,ORD-102066,MULTI-SENSOR-PRO,1,4382.78
OI-0005061,ORD-102066,EMERG-KIT-DELUXE,1,679.66
OI-0005062,ORD-102067,QUANTUM-PROC-Q5,3,12161.00
OI-0005063,ORD-102067,HULL-PLATE-TI,4,1262.09
OI-0005064,ORD-102068,THERMO-REG-3000,2,1395.14
OI-0005065,ORD-102068,LASER-DRILL-IND,7,36833.97
OI-0005066,ORD-102069,MULTI-SENSOR-PRO,1,4325.03
OI-0005067,ORD-102069,SOLAR-LIGHT-LED,3,174.16
OI-0005068,ORD-102069,EVA-SUIT-MK7,3,31250.03
OI-0005069,ORD-102069,COMM-ARRAY-LR,7,7163.87
OI-0005070,ORD-102070,ION-DRIVE-MK3,7,45766.97
OI-0005071,ORD-102071,QUANTUM-PROC-Q5,3,12870.62
OI-0005072,ORD-102071,HYDRO-KIT-START,3,353.54
OI-0005073,ORD-102072,ZERO-G-BED,4,2215.84
OI-0005074,ORD-102072,OXY-GEN-5000,8,2592.65
OI-0005075,ORD-102072,NAV-COMP-ELITE,4,9515.04
OI-0005076,ORD-102072,QUANTUM-PROC-Q5,1,12273.06
OI-0005077,ORD-102073,SOLAR-LIGHT-LED,7,179.37
OI-0005078,ORD-102073,EMERG-KIT-DELUXE,1,699.32
OI-0005079,ORD-102073,OXY-GEN-5000,8,2594.42
OI-0005080,ORD-102073,SOLAR-LIGHT-LED,6,174.19
OI-0005081,ORD-102074,HULL-PLATE-TI,8,1296.41
OI-0005082,ORD-102075,COMM-ARRAY-LR,6,6609.64
OI-0005083,ORD-102075,RAD-SHIELD-VEST,7,908.04
OI-0005084,ORD-102076,LASER-DRILL-IND,6,36482.03
OI-0005085,ORD-102076,RATION-PACK-30,7,496.82
OI-0005086,ORD-102076,EMERG-KIT-DELUXE,1,705.78
OI-0005087,ORD-102077,RAD-SHIELD-VEST,6,884.39
OI-0005088,ORD-102078,THERMO-REG-3000,4,1613.19
OI-0005089,ORD-102078,ION-DRIVE-MK3,8,43682.42
OI-0005090,ORD-102078,RATION-PACK-30,2,477.42
OI-0005091,ORD-102079,ZERO-G-BALL-SET,7,120.63
OI-0005092,ORD-102080,EVA-SUIT-MK7,3,26842.53
OI-0005093,ORD-102080,ZERO-G-BALL-SET,2,124.39
OI-0005094,ORD-102080,AIR-SCRUB-X,5,2006.42
OI-0005095,ORD-102081,MULTI-SENSOR-PRO,2,5012.95
OI-0005096,ORD-102081,EVA-SUIT-MK7,7,29393.31
OI-0005097,ORD-102081,ZERO-G-BED,6,2296.82
OI-0005098,ORD-102081,ZERO-G-BALL-SET,2,133.00
OI-0005099,ORD-102082,QUANTUM-PROC-Q5,4,12120.75
OI-0005100,ORD-102082,OXY-GEN-5000,5,2398.55
OI-0005101,ORD-102082,COMM-ARRAY-LR,3,6659.59
OI-0005102,ORD-102083,HYDRO-KIT-START,2,346.25
OI-0005103,ORD-102083,ZERO-G-BALL-SET,8,115.00
OI-0005104,ORD-102083,EMERG-KIT-DELUXE,2,716.47
OI-0005105,ORD-102084,HULL-PLATE-TI,6,1107.54
OI-0005106,ORD-102084,NAV-COMP-ELITE,4,8106.10
OI-0005107,ORD-102085,SELDON-CRYO-ICE,2,49.44
OI-0005108,ORD-102086,NAV-COMP-ELITE,4,9412.54
OI-0005109,ORD-102086,SELDON-CRYO-ICE,3,44.31
OI-0005110,ORD-102086,RATION-PACK-30,8,486.07
OI-0005111,ORD-102086,VR-ENTERTAIN-SYS,3,1004.97
OI-0005112,ORD-102087,RATION-PACK-30,2,452.45
OI-0005113,ORD-102087,ION-DRIVE-MK3,6,49872.88
OI-0005114,ORD-102088,THERMO-REG-3000,2,1509.32
OI-0005115,ORD-102088,SOLAR-LIGHT-LED,1,177.07
OI-0005116,ORD-102088,HULL-PLATE-TI,4,1212.64
OI-0005117,ORD-102089,AIR-SCRUB-X,3,1694.89
OI-0005118,ORD-102089,EMERG-KIT-DELUXE,5,742.05
OI-0005119,ORD-102089,THERMO-REG-3000,8,1422.13
OI-0005120,ORD-102089,LASER-DRILL-IND,7,35324.13
OI-0005121,ORD-102089,HYDRO-KIT-START,1,311.86
OI-0005122,ORD-102090,COMM-ARRAY-LR,8,7567.82
OI-0005123,ORD-102090,OXY-GEN-5000,2,2603.77
OI-0005124,ORD-102091,COMM-ARRAY-LR,1,6564.30
OI-0005125,ORD-102091,EVA-SUIT-MK7,3,30494.22
OI-0005126,ORD-102091,RAD-SHIELD-VEST,6,829.83
OI-0005127,ORD-102091,EVA-SUIT-MK7,7,30343.74
OI-0005128,ORD-102092,EMERG-KIT-DELUXE,3,651.42
OI-0005129,ORD-102093,EVA-SUIT-MK7,7,27144.51
OI-0005130,ORD-102093,ZERO-G-BED,7,2333.59
OI-0005131,ORD-102094,RATION-PACK-30,7,447.38
OI-0005132,ORD-102095,HYDRO-KIT-START,5,328.84
OI-0005133,ORD-102095,HULL-PLATE-TI,1,1249.62
OI-0005134,ORD-102096,COMM-ARRAY-LR,3,7494.52
OI-0005135,ORD-102096,ZERO-G-BED,5,2160.41
OI-0005136,ORD-102096,H2O-REC-PRO,7,3240.07
OI-0005137,ORD-102097,NAV-COMP-ELITE,6,8247.53
OI-0005138,ORD-102097,EVA-SUIT-MK7,7,27890.01
OI-0005139,ORD-102097,HULL-PLATE-TI,1,1335.53
OI-0005140,ORD-102098,HULL-PLATE-TI,5,1332.15
OI-0005141,ORD-102098,SOLAR-LIGHT-LED,2,178.65
OI-0005142,ORD-102099,OXY-GEN-5000,3,2592.57
OI-0005143,ORD-102099,ZERO-G-BED,1,2052.17
OI-0005144,ORD-102099,AIR-SCRUB-X,5,1814.83
OI-0005145,ORD-102100,MULTI-SENSOR-PRO,3,4356.57
OI-0005146,ORD-102100,EMERG-KIT-DELUXE,4,720.01
OI-0005147,ORD-102100,OXY-GEN-5000,5,2606.60
OI-0005148,ORD-102100,RAD-SHIELD-VEST,6,863.62
OI-0005149,ORD-102100,QUANTUM-PROC-Q5,6,11944.18
OI-0005150,ORD-102101,QUANTUM-PROC-Q5,4,12940.76
OI-0005151,ORD-102102,COMM-ARRAY-LR,5,7350.18
OI-0005152,ORD-102102,H2O-REC-PRO,4,3178.33
OI-0005153,ORD-102103,NAV-COMP-ELITE,4,8304.00
OI-0005154,ORD-102103,SELDON-CRYO-ICE,4,49.82
OI-0005155,ORD-102103,SELDON-CRYO-ICE,1,50.01
OI-0005156,ORD-102104,ZERO-G-BALL-SET,3,133.48
OI-0005157,ORD-102104,AIR-SCRUB-X,7,1822.07
OI-0005158,ORD-102104,SELDON-CRYO-ICE,2,47.48
OI-0005159,ORD-102105,ZERO-G-BED,8,2291.59
OI-0005160,ORD-102105,MULTI-SENSOR-PRO,4,4844.10
OI-0005161,ORD-102105,SOLAR-LIGHT-LED,5,175.34
OI-0005162,ORD-102106,ION-DRIVE-MK3,4,45919.79
OI-0005163,ORD-102107,ZERO-G-BED,8,2084.91
OI-0005164,ORD-102107,THERMO-REG-3000,4,1564.46
OI-0005165,ORD-102107,HULL-PLATE-TI,2,1109.89
OI-0005166,ORD-102108,LASER-DRILL-IND,3,33848.29
OI-0005167,ORD-102108,VR-ENTERTAIN-SYS,6,978.09
OI-0005168,ORD-102109,EVA-SUIT-MK7,5,26078.88
OI-0005169,ORD-102110,SELDON-CRYO-ICE,4,46.57
OI-0005170,ORD-102110,OXY-GEN-5000,4,2387.97
OI-0005171,ORD-102110,COMM-ARRAY-LR,2,7239.42
OI-0005172,ORD-102111,H2O-REC-PRO,1,3260.08
OI-0005173,ORD-102112,ION-DRIVE-MK3,8,43971.04
OI-0005174,ORD-102113,MULTI-SENSOR-PRO,1,4665.12
OI-0005175,ORD-102113,ZERO-G-BALL-SET,5,131.40
OI-0005176,ORD-102113,AIR-SCRUB-X,5,1835.44
OI-0005177,ORD-102114,SOLAR-LIGHT-LED,7,186.61
OI-0005178,ORD-102114,MULTI-SENSOR-PRO,8,4577.49
OI-0005179,ORD-102114,OXY-GEN-5000,6,2358.81
OI-0005180,ORD-102114,SOLAR-LIGHT-LED,6,199.48
OI-0005181,ORD-102114,H2O-REC-PRO,7,3240.93
OI-0005182,ORD-102115,ION-DRIVE-MK3,7,43761.06
OI-0005183,ORD-102115,LASER-DRILL-IND,8,36521.31
OI-0005184,ORD-102116,H2O-REC-PRO,5,3009.41
OI-0005185,ORD-102116,HYDRO-KIT-START,8,315.54
OI-0005186,ORD-102117,HYDRO-KIT-START,8,318.59
OI-0005187,ORD-102117,MULTI-SENSOR-PRO,2,4938.18
OI-0005188,ORD-102117,QUANTUM-PROC-Q5,8,11672.53
OI-0005189,ORD-102117,RAD-SHIELD-VEST,2,835.57
OI-0005190,ORD-102118,QUANTUM-PROC-Q5,2,12079.82
OI-0005191,ORD-102118,ZERO-G-BED,4,2439.35
OI-0005192,ORD-102119,MULTI-SENSOR-PRO,2,4256.77
OI-0005193,ORD-102119,OXY-GEN-5000,1,2332.87
OI-0005194,ORD-102119,AIR-SCRUB-X,8,1896.25
OI-0005195,ORD-102120,NAV-COMP-ELITE,7,9266.04
OI-0005196,ORD-102120,ZERO-G-BALL-SET,2,132.70
OI-0005197,ORD-102121,SELDON-CRYO-ICE,2,46.97
OI-0005198,ORD-102121,EVA-SUIT-MK7,5,26104.94
OI-0005199,ORD-102121,ZERO-G-BED,8,2185.49
OI-0005200,ORD-102122,QUANTUM-PROC-Q5,3,11080.07
OI-0005201,ORD-102123,QUANTUM-PROC-Q5,2,11843.03
OI-0005202,ORD-102123,RATION-PACK-30,1,465.64
OI-0005203,ORD-102123,EVA-SUIT-MK7,6,30435.52
OI-0005204,ORD-102124,NAV-COMP-ELITE,6,9207.67
OI-0005205,ORD-102125,HYDRO-KIT-START,3,321.01
OI-0005206,ORD-102125,RATION-PACK-30,6,448.98
OI-0005207,ORD-102125,COMM-ARRAY-LR,1,6847.55
OI-0005208,ORD-102126,COMM-ARRAY-LR,6,7606.06
OI-0005209,ORD-102126,THERMO-REG-3000,2,1480.30
OI-0005210,ORD-102126,RAD-SHIELD-VEST,4,901.66
OI-0005211,ORD-102127,RAD-SHIELD-VEST,6,878.41
OI-0005212,ORD-102128,AIR-SCRUB-X,2,1915.51
OI-0005213,ORD-102128,HULL-PLATE-TI,8,1250.43
OI-0005214,ORD-102128,ION-DRIVE-MK3,4,43218.33
OI-0005215,ORD-102129,RATION-PACK-30,3,458.07
OI-0005216,ORD-102129,RAD-SHIELD-VEST,7,822.80
OI-0005217,ORD-102129,EMERG-KIT-DELUXE,8,728.89
OI-0005218,ORD-102129,LASER-DRILL-IND,1,38091.76
OI-0005219,ORD-102130,MULTI-SENSOR-PRO,2,4683.35
OI-0005220,ORD-102131,LASER-DRILL-IND,1,32304.02
OI-0005221,ORD-102131,SELDON-CRYO-ICE,3,46.00
OI-0005222,ORD-102132,RATION-PACK-30,4,458.50
OI-0005223,ORD-102132,COMM-ARRAY-LR,4,6606.12
OI-0005224,ORD-102132,HULL-PLATE-TI,1,1305.51
OI-0005225,ORD-102132,RAD-SHIELD-VEST,3,838.46
OI-0005226,ORD-102133,EMERG-KIT-DELUXE,3,728.97
OI-0005227,ORD-102134,SELDON-CRYO-ICE,1,45.15
OI-0005228,ORD-102134,H2O-REC-PRO,3,3548.81
OI-0005229,ORD-102135,NAV-COMP-ELITE,7,8079.02
OI-0005230,ORD-102135,ZERO-G-BALL-SET,3,113.19
OI-0005231,ORD-102136,ZERO-G-BALL-SET,6,111.05
OI-0005232,ORD-102136,HYDRO-KIT-START,2,348.28
OI-0005233,ORD-102136,EMERG-KIT-DELUXE,5,694.79
OI-0005234,ORD-102136,ZERO-G-BALL-SET,5,118.94
OI-0005235,ORD-102137,HYDRO-KIT-START,2,323.06
OI-0005236,ORD-102137,ZERO-G-BED,7,2125.61
OI-0005237,ORD-102138,ION-DRIVE-MK3,6,42611.67
OI-0005238,ORD-102138,EMERG-KIT-DELUXE,7,666.13
OI-0005239,ORD-102138,MULTI-SENSOR-PRO,1,4936.30
OI-0005240,ORD-102139,RAD-SHIELD-VEST,6,826.31
OI-0005241,ORD-102139,HULL-PLATE-TI,4,1221.04
OI-0005242,ORD-102139,RAD-SHIELD-VEST,3,909.23
OI-0005243,ORD-102140,QUANTUM-PROC-Q5,8,11369.87
OI-0005244,ORD-102141,LASER-DRILL-IND,8,38766.04
OI-0005245,ORD-102142,SELDON-CRYO-ICE,8,44.69
OI-0005246,ORD-102143,EMERG-KIT-DELUXE,2,697.38
OI-0005247,ORD-102143,RATION-PACK-30,5,430.32
OI-0005248,ORD-102144,QUANTUM-PROC-Q5,4,11490.21
OI-0005249,ORD-102145,SELDON-CRYO-ICE,1,49.19
OI-0005250,ORD-102146,ION-DRIVE-MK3,5,43690.43
OI-0005251,ORD-102146,EMERG-KIT-DELUXE,4,739.71
OI-0005252,ORD-102147,QUANTUM-PROC-Q5,2,12405.36
OI-0005253,ORD-102148,ZERO-G-BED,3,2383.09
OI-0005254,ORD-102148,VR-ENTERTAIN-SYS,4,890.20
OI-0005255,ORD-102148,ZERO-G-BALL-SET,8,122.23
OI-0005256,ORD-102148,ZERO-G-BALL-SET,6,112.96
OI-0005257,ORD-102149,THERMO-REG-3000,3,1481.85
OI-0005258,ORD-102150,HULL-PLATE-TI,5,1309.83
OI-0005259,ORD-102150,EVA-SUIT-MK7,2,29932.49
OI-0005260,ORD-102150,VR-ENTERTAIN-SYS,5,1026.37
OI-0005261,ORD-102150,ZERO-G-BED,2,2404.94
OI-0005262,ORD-102150,HULL-PLATE-TI,1,1326.21
OI-0005263,ORD-102151,NAV-COMP-ELITE,2,7909.62
OI-0005264,ORD-102151,THERMO-REG-3000,3,1449.74
OI-0005265,ORD-102151,OXY-GEN-5000,6,2318.53
OI-0005266,ORD-102152,AIR-SCRUB-X,7,1872.69
OI-0005267,ORD-102153,SOLAR-LIGHT-LED,8,196.81
OI-0005268,ORD-102154,ION-DRIVE-MK3,3,44048.21
OI-0005269,ORD-102154,ION-DRIVE-MK3,1,44640.20
OI-0005270,ORD-102155,EMERG-KIT-DELUXE,8,749.70
OI-0005271,ORD-102155,HULL-PLATE-TI,2,1130.05
OI-0005272,ORD-102156,ION-DRIVE-MK3,5,41443.48
OI-0005273,ORD-102157,ZERO-G-BED,6,2457.86
OI-0005274,ORD-102157,SELDON-CRYO-ICE,4,45.24
OI-0005275,ORD-102158,SELDON-CRYO-ICE,1,47.98
OI-0005276,ORD-102158,QUANTUM-PROC-Q5,4,11963.02
OI-0005277,ORD-102158,ION-DRIVE-MK3,8,44339.55
OI-0005278,ORD-102158,EMERG-KIT-DELUXE,5,705.19
OI-0005279,ORD-102159,SELDON-CRYO-ICE,7,49.57
OI-0005280,ORD-102159,RAD-SHIELD-VEST,3,911.70
OI-0005281,ORD-102160,ION-DRIVE-MK3,5,45114.55
OI-0005282,ORD-102160,AIR-SCRUB-X,3,1823.10
OI-0005283,ORD-102160,ION-DRIVE-MK3,4,45351.94
OI-0005284,ORD-102160,RATION-PACK-30,1,492.93
OI-0005285,ORD-102161,H2O-REC-PRO,4,3184.81
OI-0005286,ORD-102161,HULL-PLATE-TI,1,1119.62
OI-0005287,ORD-102161,QUANTUM-PROC-Q5,7,11696.62
OI-0005288,ORD-102161,RATION-PACK-30,8,428.19
OI-0005289,ORD-102162,EMERG-KIT-DELUXE,5,631.01
OI-0005290,ORD-102162,AIR-SCRUB-X,8,1683.94
OI-0005291,ORD-102162,NAV-COMP-ELITE,1,9095.72
OI-0005292,ORD-102163,RAD-SHIELD-VEST,4,947.09
OI-0005293,ORD-102163,RATION-PACK-30,7,486.18
OI-0005294,ORD-102163,HYDRO-KIT-START,8,316.48
OI-0005295,ORD-102164,EMERG-KIT-DELUXE,4,643.59
OI-0005296,ORD-102165,MULTI-SENSOR-PRO,4,4869.70
OI-0005297,ORD-102166,H2O-REC-PRO,6,3005.31
OI-0005298,ORD-102166,H2O-REC-PRO,2,3534.53
OI-0005299,ORD-102166,AIR-SCRUB-X,2,1920.22
OI-0005300,ORD-102166,ZERO-G-BALL-SET,4,129.35
OI-0005301,ORD-102166,ZERO-G-BALL-SET,2,110.52
OI-0005302,ORD-102167,ZERO-G-BED,2,2273.66
OI-0005303,ORD-102167,COMM-ARRAY-LR,3,7496.46
OI-0005304,ORD-102167,ZERO-G-BALL-SET,6,122.56
OI-0005305,ORD-102168,COMM-ARRAY-LR,3,7481.43
OI-0005306,ORD-102168,AIR-SCRUB-X,3,1985.74
OI-0005307,ORD-102168,COMM-ARRAY-LR,1,6706.62
OI-0005308,ORD-102168,EVA-SUIT-MK7,6,29219.06
OI-0005309,ORD-102168,MULTI-SENSOR-PRO,1,5024.59
OI-0005310,ORD-102169,NAV-COMP-ELITE,3,7824.05
OI-0005311,ORD-102170,COMM-ARRAY-LR,5,6960.57
OI-0005312,ORD-102170,ION-DRIVE-MK3,3,45992.52
OI-0005313,ORD-102170,RAD-SHIELD-VEST,1,866.83
OI-0005314,ORD-102170,NAV-COMP-ELITE,1,7894.62
OI-0005315,ORD-102171,LASER-DRILL-IND,7,38818.31
OI-0005316,ORD-102171,QUANTUM-PROC-Q5,2,13216.62
OI-0005317,ORD-102171,SELDON-CRYO-ICE,1,43.71
OI-0005318,ORD-102171,RAD-SHIELD-VEST,2,949.28
OI-0005319,ORD-102171,QUANTUM-PROC-Q5,6,13115.79
OI-0005320,ORD-102172,ZERO-G-BALL-SET,4,125.65
OI-0005321,ORD-102172,ION-DRIVE-MK3,8,48327.78
OI-0005322,ORD-102173,QUANTUM-PROC-Q5,6,12547.23
OI-0005323,ORD-102173,SELDON-CRYO-ICE,1,43.10
OI-0005324,ORD-102174,VR-ENTERTAIN-SYS,3,1060.82
OI-0005325,ORD-102174,NAV-COMP-ELITE,3,9486.37
OI-0005326,ORD-102175,RAD-SHIELD-VEST,6,833.56
OI-0005327,ORD-102175,SELDON-CRYO-ICE,3,47.38
OI-0005328,ORD-102175,HULL-PLATE-TI,1,1131.13
OI-0005329,ORD-102175,HULL-PLATE-TI,8,1257.32
OI-0005330,ORD-102176,QUANTUM-PROC-Q5,2,11316.48
OI-0005331,ORD-102177,THERMO-REG-3000,6,1391.72
OI-0005332,ORD-102177,AIR-SCRUB-X,7,1728.72
OI-0005333,ORD-102178,H2O-REC-PRO,1,3356.46
OI-0005334,ORD-102178,COMM-ARRAY-LR,5,6556.51
OI-0005335,ORD-102178,H2O-REC-PRO,3,3238.04
OI-0005336,ORD-102178,HULL-PLATE-TI,3,1284.00
OI-0005337,ORD-102179,THERMO-REG-3000,8,1505.15
OI-0005338,ORD-102180,ION-DRIVE-MK3,7,47890.86
OI-0005339,ORD-102181,RATION-PACK-30,5,498.64
OI-0005340,ORD-102181,EMERG-KIT-DELUXE,4,738.99
OI-0005341,ORD-102181,EMERG-KIT-DELUXE,2,681.77
OI-0005342,ORD-102182,HYDRO-KIT-START,8,345.67
OI-0005343,ORD-102182,ION-DRIVE-MK3,5,44403.57
OI-0005344,ORD-102182,LASER-DRILL-IND,8,38587.46
OI-0005345,ORD-102182,VR-ENTERTAIN-SYS,3,909.56
OI-0005346,ORD-102183,RAD-SHIELD-VEST,8,871.55
OI-0005347,ORD-102184,MULTI-SENSOR-PRO,4,4973.75
OI-0005348,ORD-102185,NAV-COMP-ELITE,8,9252.54
OI-0005349,ORD-102185,RAD-SHIELD-VEST,4,799.94
OI-0005350,ORD-102186,ZERO-G-BED,4,2204.95
OI-0005351,ORD-102186,QUANTUM-PROC-Q5,3,11338.40
OI-0005352,ORD-102186,AIR-SCRUB-X,6,1810.35
OI-0005353,ORD-102187,AIR-SCRUB-X,1,1985.03
OI-0005354,ORD-102187,COMM-ARRAY-LR,3,6705.88
OI-0005355,ORD-102187,ION-DRIVE-MK3,8,43316.32
OI-0005356,ORD-102188,VR-ENTERTAIN-SYS,5,903.10
OI-0005357,ORD-102188,RAD-SHIELD-VEST,8,838.19
OI-0005358,ORD-102188,MULTI-SENSOR-PRO,4,4497.32
OI-0005359,ORD-102189,MULTI-SENSOR-PRO,5,4402.18
OI-0005360,ORD-102189,SOLAR-LIGHT-LED,5,195.18
OI-0005361,ORD-102190,OXY-GEN-5000,4,2675.10
OI-0005362,ORD-102190,SOLAR-LIGHT-LED,4,171.71
OI-0005363,ORD-102190,ZERO-G-BED,2,2265.94
OI-0005364,ORD-102191,SELDON-CRYO-ICE,5,46.00
OI-0005365,ORD-102191,MULTI-SENSOR-PRO,5,4417.13
OI-0005366,ORD-102192,RATION-PACK-30,4,422.74
OI-0005367,ORD-102192,HULL-PLATE-TI,4,1285.86
OI-0005368,ORD-102192,ZERO-G-BED,4,2402.12
OI-0005369,ORD-102193,THERMO-REG-3000,7,1508.03
OI-0005370,ORD-102194,NAV-COMP-ELITE,3,8475.34
OI-0005371,ORD-102194,COMM-ARRAY-LR,8,6624.75
OI-0005372,ORD-102194,RATION-PACK-30,5,419.77
OI-0005373,ORD-102194,COMM-ARRAY-LR,1,7173.15
OI-0005374,ORD-102195,THERMO-REG-3000,4,1539.35
OI-0005375,ORD-102195,VR-ENTERTAIN-SYS,2,986.56
OI-0005376,ORD-102196,HYDRO-KIT-START,2,320.85
OI-0005377,ORD-102196,OXY-GEN-5000,2,2723.83
OI-0005378,ORD-102196,AIR-SCRUB-X,8,1921.33
OI-0005379,ORD-102196,EVA-SUIT-MK7,7,29929.02
OI-0005380,ORD-102197,HYDRO-KIT-START,7,302.79
OI-0005381,ORD-102197,LASER-DRILL-IND,2,34536.54
OI-0005382,ORD-102197,EMERG-KIT-DELUXE,4,648.46
OI-0005383,ORD-102198,HULL-PLATE-TI,2,1161.43
OI-0005384,ORD-102198,HYDRO-KIT-START,8,337.69
OI-0005385,ORD-102199,MULTI-SENSOR-PRO,2,4485.04
OI-0005386,ORD-102199,LASER-DRILL-IND,2,35390.33
OI-0005387,ORD-102199,RAD-SHIELD-VEST,2,912.44
OI-0005388,ORD-102200,QUANTUM-PROC-Q5,7,13069.33
OI-0005389,ORD-102200,EMERG-KIT-DELUXE,8,669.90
OI-0005390,ORD-102200,QUANTUM-PROC-Q5,5,12066.95
OI-0005391,ORD-102201,HYDRO-KIT-START,6,352.35
OI-0005392,ORD-102202,AIR-SCRUB-X,6,1679.86
OI-0005393,ORD-102203,QUANTUM-PROC-Q5,8,13163.01
OI-0005394,ORD-102203,AIR-SCRUB-X,4,1766.85
OI-0005395,ORD-102203,ION-DRIVE-MK3,6,48098.39
OI-0005396,ORD-102204,EVA-SUIT-MK7,7,30457.69
OI-0005397,ORD-102204,ZERO-G-BED,7,2360.35
OI-0005398,ORD-102204,H2O-REC-PRO,7,3467.52
OI-0005399,ORD-102205,RATION-PACK-30,2,460.78
OI-0005400,ORD-102205,H2O-REC-PRO,1,3083.41
OI-0005401,ORD-102206,H2O-REC-PRO,4,2995.03
OI-0005402,ORD-102206,OXY-GEN-5000,7,2498.69
OI-0005403,ORD-102206,QUANTUM-PROC-Q5,7,12725.58
OI-0005404,ORD-102206,RATION-PACK-30,5,456.74
OI-0005405,ORD-102207,RAD-SHIELD-VEST,2,798.82
OI-0005406,ORD-102207,LASER-DRILL-IND,2,35406.73
OI-0005407,ORD-102207,LASER-DRILL-IND,5,35117.16
OI-0005408,ORD-102208,NAV-COMP-ELITE,3,9115.27
OI-0005409,ORD-102208,EMERG-KIT-DELUXE,7,678.98
OI-0005410,ORD-102208,SOLAR-LIGHT-LED,5,170.86
OI-0005411,ORD-102208,OXY-GEN-5000,4,2393.64
OI-0005412,ORD-102209,RATION-PACK-30,4,433.44
OI-0005413,ORD-102209,ION-DRIVE-MK3,5,46801.70
OI-0005414,ORD-102210,SOLAR-LIGHT-LED,8,179.94
OI-0005415,ORD-102211,SELDON-CRYO-ICE,6,45.04
OI-0005416,ORD-102211,AIR-SCRUB-X,5,1915.65
OI-0005417,ORD-102212,EMERG-KIT-DELUXE,6,704.07
OI-0005418,ORD-102213,RAD-SHIELD-VEST,4,819.01
OI-0005419,ORD-102214,RAD-SHIELD-VEST,5,905.69
OI-0005420,ORD-102214,SELDON-CRYO-ICE,3,42.29
OI-0005421,ORD-102214,RATION-PACK-30,8,426.22
OI-0005422,ORD-102215,H2O-REC-PRO,5,3319.54
OI-0005423,ORD-102216,MULTI-SENSOR-PRO,7,4840.98
OI-0005424,ORD-102216,SOLAR-LIGHT-LED,3,195.69
OI-0005425,ORD-102216,NAV-COMP-ELITE,8,8689.58
OI-0005426,ORD-102216,EVA-SUIT-MK7,8,26300.56
OI-0005427,ORD-102216,EVA-SUIT-MK7,2,26756.44
OI-0005428,ORD-102217,OXY-GEN-5000,1,2363.48
OI-0005429,ORD-102217,SELDON-CRYO-ICE,8,46.60
OI-0005430,ORD-102218,H2O-REC-PRO,7,3576.07
OI-0005431,ORD-102218,QUANTUM-PROC-Q5,7,13195.41
OI-0005432,ORD-102218,MULTI-SENSOR-PRO,5,4804.01
OI-0005433,ORD-102219,ZERO-G-BALL-SET,3,114.40
OI-0005434,ORD-102220,THERMO-REG-3000,6,1444.31
OI-0005435,ORD-102220,ZERO-G-BALL-SET,3,116.66
OI-0005436,ORD-102221,ZERO-G-BED,1,2275.68
OI-0005437,ORD-102221,MULTI-SENSOR-PRO,6,5010.93
OI-0005438,ORD-102221,SELDON-CRYO-ICE,8,43.49
OI-0005439,ORD-102222,EMERG-KIT-DELUXE,1,691.05
OI-0005440,ORD-102223,LASER-DRILL-IND,4,36806.26
OI-0005441,ORD-102223,SELDON-CRYO-ICE,4,48.20
OI-0005442,ORD-102223,LASER-DRILL-IND,4,33920.40
OI-0005443,ORD-102224,NAV-COMP-ELITE,7,9463.50
OI-0005444,ORD-102224,RATION-PACK-30,7,445.37
OI-0005445,ORD-102224,HYDRO-KIT-START,4,315.69
OI-0005446,ORD-102224,RAD-SHIELD-VEST,4,863.59
OI-0005447,ORD-102224,RAD-SHIELD-VEST,4,906.57
OI-0005448,ORD-102225,QUANTUM-PROC-Q5,3,12466.21
OI-0005449,ORD-102226,SELDON-CRYO-ICE,7,43.07
OI-0005450,ORD-102227,H2O-REC-PRO,6,3361.32
OI-0005451,ORD-102227,EVA-SUIT-MK7,5,30841.32
OI-0005452,ORD-102227,EMERG-KIT-DELUXE,4,655.14
OI-0005453,ORD-102227,ZERO-G-BED,4,2328.55
OI-0005454,ORD-102227,COMM-ARRAY-LR,1,7165.34
OI-0005455,ORD-102228,LASER-DRILL-IND,2,36498.78
OI-0005456,ORD-102229,RAD-SHIELD-VEST,3,919.36
OI-0005457,ORD-102229,EMERG-KIT-DELUXE,6,630.29
OI-0005458,ORD-102230,ZERO-G-BALL-SET,3,129.22
OI-0005459,ORD-102230,COMM-ARRAY-LR,6,7194.52
OI-0005460,ORD-102230,MULTI-SENSOR-PRO,2,4924.11
OI-0005461,ORD-102230,LASER-DRILL-IND,1,34373.22
OI-0005462,ORD-102230,EVA-SUIT-MK7,4,27690.55
OI-0005463,ORD-102231,LASER-DRILL-IND,8,35395.67
OI-0005464,ORD-102231,HYDRO-KIT-START,3,303.45
OI-0005465,ORD-102231,SOLAR-LIGHT-LED,5,196.93
OI-0005466,ORD-102231,THERMO-REG-3000,2,1606.86
OI-0005467,ORD-102232,H2O-REC-PRO,8,3483.12
OI-0005468,ORD-102232,LASER-DRILL-IND,8,37547.89
OI-0005469,ORD-102232,SOLAR-LIGHT-LED,4,196.43
OI-0005470,ORD-102233,AIR-SCRUB-X,3,1930.20
OI-0005471,ORD-102233,H2O-REC-PRO,8,3162.91
OI-0005472,ORD-102234,SOLAR-LIGHT-LED,6,172.18
OI-0005473,ORD-102234,ION-DRIVE-MK3,3,42263.25
OI-0005474,ORD-102235,VR-ENTERTAIN-SYS,2,934.20
OI-0005475,ORD-102236,EMERG-KIT-DELUXE,8,665.21
OI-0005476,ORD-102236,EMERG-KIT-DELUXE,2,634.28
OI-0005477,ORD-102236,NAV-COMP-ELITE,1,8987.62
OI-0005478,ORD-102236,ZERO-G-BALL-SET,4,130.39
OI-0005479,ORD-102237,SELDON-CRYO-ICE,3,46.37
OI-0005480,ORD-102238,EMERG-KIT-DELUXE,7,669.93
OI-0005481,ORD-102238,LASER-DRILL-IND,2,36035.50
OI-0005482,ORD-102239,ZERO-G-BED,5,2248.55
OI-0005483,ORD-102239,QUANTUM-PROC-Q5,8,11128.64
OI-0005484,ORD-102239,THERMO-REG-3000,7,1425.95
OI-0005485,ORD-102240,H2O-REC-PRO,7,3196.63
OI-0005486,ORD-102240,ZERO-G-BED,7,2214.42
OI-0005487,ORD-102240,H2O-REC-PRO,6,2962.62
OI-0005488,ORD-102240,ZERO-G-BED,1,2391.15
OI-0005489,ORD-102241,QUANTUM-PROC-Q5,8,11679.73
OI-0005490,ORD-102241,EVA-SUIT-MK7,3,30667.51
OI-0005491,ORD-102241,ZERO-G-BALL-SET,1,127.32
OI-0005492,ORD-102241,MULTI-SENSOR-PRO,3,4214.38
OI-0005493,ORD-102242,COMM-ARRAY-LR,8,6352.89
OI-0005494,ORD-102242,QUANTUM-PROC-Q5,3,11642.79
OI-0005495,ORD-102242,SELDON-CRYO-ICE,4,42.92
OI-0005496,ORD-102242,RATION-PACK-30,2,487.21
OI-0005497,ORD-102243,SELDON-CRYO-ICE,2,48.45
OI-0005498,ORD-102244,RAD-SHIELD-VEST,1,817.24
OI-0005499,ORD-102245,SOLAR-LIGHT-LED,6,180.12
OI-0005500,ORD-102245,VR-ENTERTAIN-SYS,7,952.65
OI-0005501,ORD-102245,VR-ENTERTAIN-SYS,1,1016.10
OI-0005502,ORD-102245,MULTI-SENSOR-PRO,1,4168.24
OI-0005503,ORD-102246,MULTI-SENSOR-PRO,8,4626.41
OI-0005504,ORD-102246,VR-ENTERTAIN-SYS,1,1056.66
OI-0005505,ORD-102246,EVA-SUIT-MK7,5,29227.65
OI-0005506,ORD-102247,H2O-REC-PRO,1,3499.31
OI-0005507,ORD-102247,SOLAR-LIGHT-LED,6,180.54
OI-0005508,ORD-102248,ZERO-G-BED,6,2296.04
OI-0005509,ORD-102248,H2O-REC-PRO,3,3368.13
OI-0005510,ORD-102249,THERMO-REG-3000,3,1544.60
OI-0005511,ORD-102250,SOLAR-LIGHT-LED,2,194.95
OI-0005512,ORD-102251,ION-DRIVE-MK3,3,43439.96
OI-0005513,ORD-102252,ION-DRIVE-MK3,6,46100.17
OI-0005514,ORD-102252,MULTI-SENSOR-PRO,5,4735.37
OI-0005515,ORD-102253,HYDRO-KIT-START,7,301.08
OI-0005516,ORD-102253,RAD-SHIELD-VEST,6,851.25
OI-0005517,ORD-102253,EVA-SUIT-MK7,8,29062.71
OI-0005518,ORD-102254,H2O-REC-PRO,6,3110.85
OI-0005519,ORD-102255,SOLAR-LIGHT-LED,2,189.75
OI-0005520,ORD-102256,ZERO-G-BED,3,2032.83
OI-0005521,ORD-102256,ZERO-G-BED,7,2293.73
OI-0005522,ORD-102256,COMM-ARRAY-LR,7,7535.47
OI-0005523,ORD-102257,COMM-ARRAY-LR,2,7111.83
OI-0005524,ORD-102258,ZERO-G-BALL-SET,6,112.77
OI-0005525,ORD-102259,NAV-COMP-ELITE,7,8753.38
OI-0005526,ORD-102259,EVA-SUIT-MK7,3,29090.70
OI-0005527,ORD-102260,NAV-COMP-ELITE,1,9219.41
OI-0005528,ORD-102261,OXY-GEN-5000,7,2635.78
OI-0005529,ORD-102262,THERMO-REG-3000,4,1594.35
OI-0005530,ORD-102262,HYDRO-KIT-START,8,306.13
OI-0005531,ORD-102263,EVA-SUIT-MK7,4,27757.17
OI-0005532,ORD-102264,QUANTUM-PROC-Q5,6,11271.72
OI-0005533,ORD-102264,ZERO-G-BED,7,2154.23
OI-0005534,ORD-102264,SOLAR-LIGHT-LED,1,188.40
OI-0005535,ORD-102264,H2O-REC-PRO,1,3334.44
OI-0005536,ORD-102265,SELDON-CRYO-ICE,4,42.43
OI-0005537,ORD-102266,SOLAR-LIGHT-LED,1,167.12
OI-0005538,ORD-102266,HYDRO-KIT-START,3,305.10
OI-0005539,ORD-102266,EMERG-KIT-DELUXE,5,653.30
OI-0005540,ORD-102266,EVA-SUIT-MK7,4,28771.53
OI-0005541,ORD-102267,LASER-DRILL-IND,8,35408.94
OI-0005542,ORD-102267,THERMO-REG-3000,6,1474.41
OI-0005543,ORD-102267,ION-DRIVE-MK3,6,50357.17
OI-0005544,ORD-102268,EMERG-KIT-DELUXE,8,674.08
OI-0005545,ORD-102268,NAV-COMP-ELITE,5,8123.54
OI-0005546,ORD-102268,QUANTUM-PROC-Q5,5,12809.02
OI-0005547,ORD-102269,QUANTUM-PROC-Q5,4,12524.24
OI-0005548,ORD-102269,EMERG-KIT-DELUXE,4,702.02
OI-0005549,ORD-102269,HYDRO-KIT-START,6,304.04
OI-0005550,ORD-102270,OXY-GEN-5000,7,2776.43
OI-0005551,ORD-102270,ZERO-G-BALL-SET,3,133.73
OI-0005552,ORD-102271,AIR-SCRUB-X,1,1944.30
OI-0005553,ORD-102272,COMM-ARRAY-LR,2,6611.99
OI-0005554,ORD-102272,HYDRO-KIT-START,3,320.59
OI-0005555,ORD-102273,LASER-DRILL-IND,7,35619.50
OI-0005556,ORD-102274,THERMO-REG-3000,4,1481.31
OI-0005557,ORD-102274,COMM-ARRAY-LR,7,7086.73
OI-0005558,ORD-102274,H2O-REC-PRO,4,3067.04
OI-0005559,ORD-102275,VR-ENTERTAIN-SYS,2,941.26
OI-0005560,ORD-102276,OXY-GEN-5000,7,2554.41
OI-0005561,ORD-102276,AIR-SCRUB-X,6,1660.48
OI-0005562,ORD-102276,VR-ENTERTAIN-SYS,7,968.13
OI-0005563,ORD-102277,OXY-GEN-5000,1,2371.01
OI-0005564,ORD-102277,AIR-SCRUB-X,6,1777.27
OI-0005565,ORD-102277,RAD-SHIELD-VEST,6,870.35
OI-0005566,ORD-102278,VR-ENTERTAIN-SYS,6,1028.56
OI-0005567,ORD-102278,COMM-ARRAY-LR,4,6350.65
OI-0005568,ORD-102279,ZERO-G-BED,5,2353.58
OI-0005569,ORD-102279,AIR-SCRUB-X,1,1778.37
OI-0005570,ORD-102280,SELDON-CRYO-ICE,6,46.33
OI-0005571,ORD-102280,LASER-DRILL-IND,8,36455.32
OI-0005572,ORD-102281,SOLAR-LIGHT-LED,3,188.74
OI-0005573,ORD-102281,OXY-GEN-5000,2,2575.78
OI-0005574,ORD-102282,RAD-SHIELD-VEST,5,903.58
OI-0005575,ORD-102282,LASER-DRILL-IND,7,38562.12
OI-0005576,ORD-102282,SOLAR-LIGHT-LED,5,168.20
OI-0005577,ORD-102283,ZERO-G-BALL-SET,3,117.25
OI-0005578,ORD-102283,NAV-COMP-ELITE,7,7842.29
OI-0005579,ORD-102283,QUANTUM-PROC-Q5,3,11648.41
OI-0005580,ORD-102284,THERMO-REG-3000,6,1605.44
OI-0005581,ORD-102284,ION-DRIVE-MK3,8,48541.41
OI-0005582,ORD-102285,VR-ENTERTAIN-SYS,1,989.03
OI-0005583,ORD-102286,ZERO-G-BED,2,2389.65
OI-0005584,ORD-102286,MULTI-SENSOR-PRO,2,4207.32
OI-0005585,ORD-102286,MULTI-SENSOR-PRO,4,4352.16
OI-0005586,ORD-102287,VR-ENTERTAIN-SYS,8,908.21
OI-0005587,ORD-102287,ZERO-G-BED,4,2229.56
OI-0005588,ORD-102287,RAD-SHIELD-VEST,3,788.03
OI-0005589,ORD-102287,RATION-PACK-30,6,434.74
OI-0005590,ORD-102288,HULL-PLATE-TI,2,1325.51
OI-0005591,ORD-102289,LASER-DRILL-IND,1,39177.66
OI-0005592,ORD-102290,NAV-COMP-ELITE,6,7961.90
OI-0005593,ORD-102290,QUANTUM-PROC-Q5,6,11445.03
OI-0005594,ORD-102291,COMM-ARRAY-LR,7,6739.19
OI-0005595,ORD-102291,EVA-SUIT-MK7,8,27525.59
OI-0005596,ORD-102292,SELDON-CRYO-ICE,2,44.31
OI-0005597,ORD-102292,H2O-REC-PRO,3,3141.23
OI-0005598,ORD-102292,EVA-SUIT-MK7,4,25806.72
OI-0005599,ORD-102293,NAV-COMP-ELITE,5,8790.91
OI-0005600,ORD-102294,ION-DRIVE-MK3,7,49924.85
OI-0005601,ORD-102294,COMM-ARRAY-LR,6,7535.95
OI-0005602,ORD-102294,NAV-COMP-ELITE,7,8646.96
OI-0005603,ORD-102295,AIR-SCRUB-X,4,1730.20
OI-0005604,ORD-102296,RATION-PACK-30,6,424.77
OI-0005605,ORD-102296,EVA-SUIT-MK7,6,28125.83
OI-0005606,ORD-102297,MULTI-SENSOR-PRO,7,4204.47
OI-0005607,ORD-102297,AIR-SCRUB-X,1,1859.62
OI-0005608,ORD-102298,H2O-REC-PRO,7,3307.81
OI-0005609,ORD-102298,NAV-COMP-ELITE,1,9203.72
OI-0005610,ORD-102298,HULL-PLATE-TI,5,1280.62
OI-0005611,ORD-102299,SELDON-CRYO-ICE,6,47.72
OI-0005612,ORD-102299,RATION-PACK-30,3,467.33
OI-0005613,ORD-102299,HYDRO-KIT-START,1,324.14
OI-0005614,ORD-102299,HYDRO-KIT-START,4,297.33
OI-0005615,ORD-102299,NAV-COMP-ELITE,4,8451.88
OI-0005616,ORD-102300,EVA-SUIT-MK7,3,28218.42
OI-0005617,ORD-102300,EVA-SUIT-MK7,7,31249.54
OI-0005618,ORD-102300,VR-ENTERTAIN-SYS,3,920.71
OI-0005619,ORD-102300,OXY-GEN-5000,5,2391.17
OI-0005620,ORD-102301,AIR-SCRUB-X,5,1899.34
OI-0005621,ORD-102301,VR-ENTERTAIN-SYS,5,1027.80
OI-0005622,ORD-102302,RATION-PACK-30,5,494.86
OI-0005623,ORD-102303,COMM-ARRAY-LR,6,6327.80
OI-0005624,ORD-102303,QUANTUM-PROC-Q5,5,11613.71
OI-0005625,ORD-102303,ION-DRIVE-MK3,8,42271.36
OI-0005626,ORD-102304,SOLAR-LIGHT-LED,3,175.43
OI-0005627,ORD-102304,H2O-REC-PRO,6,3572.32
OI-0005628,ORD-102304,RATION-PACK-30,7,434.94
OI-0005629,ORD-102305,MULTI-SENSOR-PRO,5,4249.96
OI-0005630,ORD-102306,SOLAR-LIGHT-LED,5,194.61
OI-0005631,ORD-102306,RATION-PACK-30,4,429.35
OI-0005632,ORD-102306,LASER-DRILL-IND,1,37746.12
OI-0005633,ORD-102307,HYDRO-KIT-START,4,343.42
OI-0005634,ORD-102307,ZERO-G-BED,4,2415.60
OI-0005635,ORD-102308,THERMO-REG-3000,7,1394.72
OI-0005636,ORD-102308,EVA-SUIT-MK7,2,27983.44
OI-0005637,ORD-102309,H2O-REC-PRO,6,3567.90
OI-0005638,ORD-102309,OXY-GEN-5000,5,2537.16
OI-0005639,ORD-102309,OXY-GEN-5000,1,2392.38
OI-0005640,ORD-102309,EMERG-KIT-DELUXE,3,753.66
OI-0005641,ORD-102310,ZERO-G-BALL-SET,8,123.18
OI-0005642,ORD-102310,ZERO-G-BALL-SET,5,113.92
OI-0005643,ORD-102311,AIR-SCRUB-X,8,1807.13
OI-0005644,ORD-102311,LASER-DRILL-IND,4,33927.20
OI-0005645,ORD-102311,ZERO-G-BED,1,2050.92
OI-0005646,ORD-102312,THERMO-REG-3000,5,1636.44
OI-0005647,ORD-102313,HYDRO-KIT-START,5,343.58
OI-0005648,ORD-102313,AIR-SCRUB-X,2,1848.44
OI-0005649,ORD-102314,EVA-SUIT-MK7,3,30523.59
OI-0005650,ORD-102314,QUANTUM-PROC-Q5,8,12854.49
OI-0005651,ORD-102315,COMM-ARRAY-LR,5,7550.90
OI-0005652,ORD-102315,RAD-SHIELD-VEST,3,928.92
OI-0005653,ORD-102315,AIR-SCRUB-X,1,1678.51
OI-0005654,ORD-102315,H2O-REC-PRO,7,3215.03
OI-0005655,ORD-102315,EMERG-KIT-DELUXE,7,658.62
OI-0005656,ORD-102316,EMERG-KIT-DELUXE,5,724.42
OI-0005657,ORD-102316,SELDON-CRYO-ICE,1,48.66
OI-0005658,ORD-102316,QUANTUM-PROC-Q5,8,11134.55
OI-0005659,ORD-102316,ZERO-G-BED,8,2062.88
OI-0005660,ORD-102317,RATION-PACK-30,2,488.00
OI-0005661,ORD-102317,HYDRO-KIT-START,1,354.38
OI-0005662,ORD-102317,OXY-GEN-5000,2,2561.15
OI-0005663,ORD-102318,SOLAR-LIGHT-LED,2,178.18
OI-0005664,ORD-102318,HULL-PLATE-TI,4,1187.33
OI-0005665,ORD-102319,HYDRO-KIT-START,3,332.33
OI-0005666,ORD-102320,COMM-ARRAY-LR,1,6320.52
OI-0005667,ORD-102320,RAD-SHIELD-VEST,7,840.60
OI-0005668,ORD-102321,LASER-DRILL-IND,1,36474.85
OI-0005669,ORD-102321,LASER-DRILL-IND,1,33201.14
OI-0005670,ORD-102321,EVA-SUIT-MK7,1,27278.91
OI-0005671,ORD-102322,AIR-SCRUB-X,7,1908.17
OI-0005672,ORD-102322,THERMO-REG-3000,8,1581.53
OI-0005673,ORD-102322,RAD-SHIELD-VEST,2,859.42
OI-0005674,ORD-102322,EVA-SUIT-MK7,6,26797.21
OI-0005675,ORD-102322,SOLAR-LIGHT-LED,5,199.20
OI-0005676,ORD-102323,EVA-SUIT-MK7,2,29521.04
OI-0005677,ORD-102323,COMM-ARRAY-LR,2,7194.61
OI-0005678,ORD-102323,COMM-ARRAY-LR,6,7388.09
OI-0005679,ORD-102324,AIR-SCRUB-X,7,1815.09
OI-0005680,ORD-102324,ZERO-G-BALL-SET,6,131.13
OI-0005681,ORD-102324,RATION-PACK-30,4,493.84
OI-0005682,ORD-102324,RATION-PACK-30,4,461.30
OI-0005683,ORD-102325,NAV-COMP-ELITE,3,8747.91
OI-0005684,ORD-102325,AIR-SCRUB-X,5,1661.99
OI-0005685,ORD-102325,THERMO-REG-3000,3,1473.59
OI-0005686,ORD-102325,VR-ENTERTAIN-SYS,7,1004.59
OI-0005687,ORD-102326,THERMO-REG-3000,5,1621.05
OI-0005688,ORD-102326,HULL-PLATE-TI,3,1304.42
OI-0005689,ORD-102327,RAD-SHIELD-VEST,1,879.39
OI-0005690,ORD-102328,THERMO-REG-3000,3,1475.55
OI-0005691,ORD-102328,THERMO-REG-3000,3,1400.69
OI-0005692,ORD-102328,SELDON-CRYO-ICE,1,42.68
OI-0005693,ORD-102328,OXY-GEN-5000,6,2526.82
OI-0005694,ORD-102329,EVA-SUIT-MK7,3,28542.49
OI-0005695,ORD-102329,SOLAR-LIGHT-LED,3,194.47
OI-0005696,ORD-102330,RATION-PACK-30,4,471.79
OI-0005697,ORD-102330,THERMO-REG-3000,1,1669.99
OI-0005698,ORD-102331,ZERO-G-BED,7,2240.27
OI-0005699,ORD-102331,LASER-DRILL-IND,5,38748.64
OI-0005700,ORD-102332,RAD-SHIELD-VEST,8,843.03
OI-0005701,ORD-102333,EVA-SUIT-MK7,4,27246.04
OI-0005702,ORD-102334,HULL-PLATE-TI,5,1342.53
OI-0005703,ORD-102334,AIR-SCRUB-X,5,1758.47
OI-0005704,ORD-102335,AIR-SCRUB-X,1,1725.58
OI-0005705,ORD-102335,EMERG-KIT-DELUXE,8,741.55
OI-0005706,ORD-102335,ION-DRIVE-MK3,8,45778.06
OI-0005707,ORD-102336,QUANTUM-PROC-Q5,3,13323.93
OI-0005708,ORD-102336,MULTI-SENSOR-PRO,1,4738.21
OI-0005709,ORD-102337,RATION-PACK-30,6,434.94
OI-0005710,ORD-102337,HYDRO-KIT-START,2,313.16
OI-0005711,ORD-102338,SELDON-CRYO-ICE,5,45.33
OI-0005712,ORD-102339,ION-DRIVE-MK3,3,44888.92
OI-0005713,ORD-102339,AIR-SCRUB-X,3,1750.67
OI-0005714,ORD-102340,RAD-SHIELD-VEST,8,946.22
OI-0005715,ORD-102340,NAV-COMP-ELITE,6,8015.07
OI-0005716,ORD-102341,H2O-REC-PRO,1,3404.68
OI-0005717,ORD-102341,VR-ENTERTAIN-SYS,5,958.14
OI-0005718,ORD-102341,MULTI-SENSOR-PRO,6,4463.92
OI-0005719,ORD-102342,NAV-COMP-ELITE,3,9510.23
OI-0005720,ORD-102342,AIR-SCRUB-X,4,1805.72
OI-0005721,ORD-102342,ZERO-G-BALL-SET,5,125.37
OI-0005722,ORD-102343,RAD-SHIELD-VEST,2,935.12
OI-0005723,ORD-102343,NAV-COMP-ELITE,8,7910.66
OI-0005724,ORD-102344,QUANTUM-PROC-Q5,8,12298.70
OI-0005725,ORD-102345,THERMO-REG-3000,4,1404.63
OI-0005726,ORD-102345,EMERG-KIT-DELUXE,5,733.95
OI-0005727,ORD-102345,H2O-REC-PRO,3,3237.46
OI-0005728,ORD-102346,SELDON-CRYO-ICE,2,50.29
OI-0005729,ORD-102347,RATION-PACK-30,7,474.23
OI-0005730,ORD-102347,ION-DRIVE-MK3,4,45796.99
OI-0005731,ORD-102348,EMERG-KIT-DELUXE,5,658.22
OI-0005732,ORD-102348,SOLAR-LIGHT-LED,8,199.98
OI-0005733,ORD-102348,VR-ENTERTAIN-SYS,5,954.22
OI-0005734,ORD-102348,SELDON-CRYO-ICE,4,42.10
OI-0005735,ORD-102349,ION-DRIVE-MK3,2,46988.74
OI-0005736,ORD-102349,COMM-ARRAY-LR,6,7075.42
OI-0005737,ORD-102350,AIR-SCRUB-X,3,1784.06
OI-0005738,ORD-102350,ZERO-G-BED,4,2347.60
OI-0005739,ORD-102350,ION-DRIVE-MK3,4,41588.64
OI-0005740,ORD-102351,SELDON-CRYO-ICE,3,48.97
OI-0005741,ORD-102351,QUANTUM-PROC-Q5,5,13194.35
OI-0005742,ORD-102351,MULTI-SENSOR-PRO,5,4802.52
OI-0005743,ORD-102352,QUANTUM-PROC-Q5,6,12483.33
OI-0005744,ORD-102353,RATION-PACK-30,1,486.03
OI-0005745,ORD-102354,LASER-DRILL-IND,3,34922.08
OI-0005746,ORD-102354,ION-DRIVE-MK3,2,48113.11
OI-0005747,ORD-102354,ION-DRIVE-MK3,4,46348.15
OI-0005748,ORD-102355,SELDON-CRYO-ICE,5,46.52
OI-0005749,ORD-102355,RAD-SHIELD-VEST,1,846.39
OI-0005750,ORD-102356,NAV-COMP-ELITE,6,9159.95
OI-0005751,ORD-102356,ION-DRIVE-MK3,2,49407.36
OI-0005752,ORD-102357,HYDRO-KIT-START,3,302.58
OI-0005753,ORD-102358,EVA-SUIT-MK7,2,30440.46
OI-0005754,ORD-102358,OXY-GEN-5000,2,2443.00
OI-0005755,ORD-102359,SELDON-CRYO-ICE,6,45.56
OI-0005756,ORD-102359,SOLAR-LIGHT-LED,1,172.18
OI-0005757,ORD-102360,ZERO-G-BED,3,2395.50
OI-0005758,ORD-102360,COMM-ARRAY-LR,2,7155.01
OI-0005759,ORD-102360,SOLAR-LIGHT-LED,5,193.61
OI-0005760,ORD-102360,SELDON-CRYO-ICE,6,45.28
OI-0005761,ORD-102360,QUANTUM-PROC-Q5,7,12328.46
OI-0005762,ORD-102361,RATION-PACK-30,4,482.40
OI-0005763,ORD-102362,ION-DRIVE-MK3,4,50029.49
OI-0005764,ORD-102363,THERMO-REG-3000,6,1518.55
OI-0005765,ORD-102363,SOLAR-LIGHT-LED,7,168.43
OI-0005766,ORD-102364,THERMO-REG-3000,3,1573.24
OI-0005767,ORD-102365,HULL-PLATE-TI,2,1334.19
OI-0005768,ORD-102365,ZERO-G-BED,6,2321.47
OI-0005769,ORD-102365,H2O-REC-PRO,1,3266.16
OI-0005770,ORD-102365,ZERO-G-BED,8,2363.82
OI-0005771,ORD-102366,MULTI-SENSOR-PRO,1,4234.86
OI-0005772,ORD-102366,NAV-COMP-ELITE,2,8235.74
OI-0005773,ORD-102366,ZERO-G-BED,5,2399.15
OI-0005774,ORD-102366,VR-ENTERTAIN-SYS,5,907.62
OI-0005775,ORD-102366,HULL-PLATE-TI,3,1332.26
OI-0005776,ORD-102367,H2O-REC-PRO,7,3175.27
OI-0005777,ORD-102368,SOLAR-LIGHT-LED,1,181.23
OI-0005778,ORD-102368,OXY-GEN-5000,5,2357.91
OI-0005779,ORD-102369,OXY-GEN-5000,8,2456.61
OI-0005780,ORD-102369,SOLAR-LIGHT-LED,5,173.50
OI-0005781,ORD-102369,VR-ENTERTAIN-SYS,4,878.25
OI-0005782,ORD-102369,RAD-SHIELD-VEST,6,819.95
OI-0005783,ORD-102370,RAD-SHIELD-VEST,6,891.95
OI-0005784,ORD-102371,COMM-ARRAY-LR,3,6490.66
OI-0005785,ORD-102371,SOLAR-LIGHT-LED,3,177.78
OI-0005786,ORD-102372,ZERO-G-BED,7,2299.61
OI-0005787,ORD-102372,HULL-PLATE-TI,5,1282.68
OI-0005788,ORD-102372,LASER-DRILL-IND,2,37233.24
OI-0005789,ORD-102373,EVA-SUIT-MK7,4,27375.91
OI-0005790,ORD-102373,RAD-SHIELD-VEST,4,805.41
OI-0005791,ORD-102373,EMERG-KIT-DELUXE,2,753.29
OI-0005792,ORD-102373,AIR-SCRUB-X,7,1894.37
OI-0005793,ORD-102374,COMM-ARRAY-LR,2,6900.27
OI-0005794,ORD-102374,LASER-DRILL-IND,2,35713.79
OI-0005795,ORD-102375,HULL-PLATE-TI,1,1304.04
OI-0005796,ORD-102376,RATION-PACK-30,6,473.45
OI-0005797,ORD-102376,VR-ENTERTAIN-SYS,2,984.24
OI-0005798,ORD-102377,SELDON-CRYO-ICE,4,43.26
OI-0005799,ORD-102378,EMERG-KIT-DELUXE,4,655.90
OI-0005800,ORD-102378,EMERG-KIT-DELUXE,3,740.22
OI-0005801,ORD-102378,THERMO-REG-3000,6,1506.62
OI-0005802,ORD-102379,ZERO-G-BALL-SET,3,127.89
OI-0005803,ORD-102380,MULTI-SENSOR-PRO,8,4581.40
OI-0005804,ORD-102380,RAD-SHIELD-VEST,4,899.62
OI-0005805,ORD-102381,COMM-ARRAY-LR,8,7306.37
OI-0005806,ORD-102381,AIR-SCRUB-X,3,1812.24
OI-0005807,ORD-102382,EVA-SUIT-MK7,4,26517.67
OI-0005808,ORD-102383,ION-DRIVE-MK3,6,44403.02
OI-0005809,ORD-102383,RAD-SHIELD-VEST,7,887.14
OI-0005810,ORD-102383,NAV-COMP-ELITE,1,8690.51
OI-0005811,ORD-102384,LASER-DRILL-IND,1,35122.02
OI-0005812,ORD-102385,QUANTUM-PROC-Q5,7,12211.18
OI-0005813,ORD-102385,RATION-PACK-30,8,481.90
OI-0005814,ORD-102385,ION-DRIVE-MK3,5,46886.83
OI-0005815,ORD-102386,ION-DRIVE-MK3,5,41497.52
OI-0005816,ORD-102386,LASER-DRILL-IND,7,33347.67
OI-0005817,ORD-102386,RAD-SHIELD-VEST,1,796.17
OI-0005818,ORD-102386,HULL-PLATE-TI,3,1307.32
OI-0005819,ORD-102386,ZERO-G-BED,7,2210.49
OI-0005820,ORD-102387,AIR-SCRUB-X,1,1709.95
OI-0005821,ORD-102387,AIR-SCRUB-X,4,1693.67
OI-0005822,ORD-102388,COMM-ARRAY-LR,2,6635.20
OI-0005823,ORD-102388,ZERO-G-BED,6,2156.01
OI-0005824,ORD-102388,AIR-SCRUB-X,3,2001.00
OI-0005825,ORD-102388,NAV-COMP-ELITE,6,8439.10
OI-0005826,ORD-102389,SOLAR-LIGHT-LED,5,183.92
OI-0005827,ORD-102390,THERMO-REG-3000,7,1564.00
OI-0005828,ORD-102390,SELDON-CRYO-ICE,8,45.77
OI-0005829,ORD-102391,OXY-GEN-5000,1,2634.33
OI-0005830,ORD-102392,EVA-SUIT-MK7,2,26035.33
OI-0005831,ORD-102393,COMM-ARRAY-LR,4,7569.72
OI-0005832,ORD-102393,COMM-ARRAY-LR,8,7223.40
OI-0005833,ORD-102393,LASER-DRILL-IND,2,36231.02
OI-0005834,ORD-102393,ION-DRIVE-MK3,1,44661.35
OI-0005835,ORD-102394,RATION-PACK-30,2,502.41
OI-0005836,ORD-102394,LASER-DRILL-IND,3,37158.00
OI-0005837,ORD-102395,COMM-ARRAY-LR,6,6413.68
OI-0005838,ORD-102395,RAD-SHIELD-VEST,2,865.91
OI-0005839,ORD-102395,THERMO-REG-3000,2,1584.60
OI-0005840,ORD-102396,ZERO-G-BED,4,2178.98
OI-0005841,ORD-102397,ZERO-G-BALL-SET,5,112.88
OI-0005842,ORD-102397,EVA-SUIT-MK7,8,26264.32
OI-0005843,ORD-102397,SOLAR-LIGHT-LED,3,184.75
OI-0005844,ORD-102398,SELDON-CRYO-ICE,5,47.19
OI-0005845,ORD-102398,SELDON-CRYO-ICE,8,49.30
OI-0005846,ORD-102399,QUANTUM-PROC-Q5,6,13438.10
OI-0005847,ORD-102400,OXY-GEN-5000,6,2529.12
OI-0005848,ORD-102401,HULL-PLATE-TI,5,1278.45
OI-0005849,ORD-102401,RATION-PACK-30,6,442.73
OI-0005850,ORD-102402,ZERO-G-BED,1,2069.55
OI-0005851,ORD-102402,SOLAR-LIGHT-LED,3,172.34
OI-0005852,ORD-102403,EMERG-KIT-DELUXE,4,626.39
OI-0005853,ORD-102403,SOLAR-LIGHT-LED,3,191.81
OI-0005854,ORD-102404,LASER-DRILL-IND,3,33397.33
OI-0005855,ORD-102404,H2O-REC-PRO,3,3172.11
OI-0005856,ORD-102404,SELDON-CRYO-ICE,2,41.44
OI-0005857,ORD-102404,ZERO-G-BALL-SET,5,128.82
OI-0005858,ORD-102405,MULTI-SENSOR-PRO,2,4160.48
OI-0005859,ORD-102406,COMM-ARRAY-LR,4,6485.62
OI-0005860,ORD-102406,H2O-REC-PRO,4,3058.05
OI-0005861,ORD-102406,ION-DRIVE-MK3,5,41842.49
OI-0005862,ORD-102407,THERMO-REG-3000,6,1424.53
OI-0005863,ORD-102408,H2O-REC-PRO,1,3560.78
OI-0005864,ORD-102408,ZERO-G-BALL-SET,8,133.60
OI-0005865,ORD-102408,QUANTUM-PROC-Q5,5,13243.98
OI-0005866,ORD-102408,RATION-PACK-30,8,423.90
OI-0005867,ORD-102409,RATION-PACK-30,3,442.45
OI-0005868,ORD-102410,ION-DRIVE-MK3,6,47458.43
OI-0005869,ORD-102410,LASER-DRILL-IND,6,37822.39
OI-0005870,ORD-102410,AIR-SCRUB-X,5,1814.15
OI-0005871,ORD-102410,SELDON-CRYO-ICE,8,41.86
OI-0005872,ORD-102410,EVA-SUIT-MK7,2,29121.08
OI-0005873,ORD-102411,OXY-GEN-5000,6,2676.65
OI-0005874,ORD-102412,RATION-PACK-30,2,489.97
OI-0005875,ORD-102413,LASER-DRILL-IND,3,37276.46
OI-0005876,ORD-102413,THERMO-REG-3000,6,1581.42
OI-0005877,ORD-102413,MULTI-SENSOR-PRO,2,4568.28
OI-0005878,ORD-102413,HULL-PLATE-TI,7,1261.01
OI-0005879,ORD-102414,OXY-GEN-5000,7,2424.01
OI-0005880,ORD-102414,ION-DRIVE-MK3,3,43863.33
OI-0005881,ORD-102414,COMM-ARRAY-LR,4,6472.12
OI-0005882,ORD-102414,ZERO-G-BED,5,2448.74
OI-0005883,ORD-102415,QUANTUM-PROC-Q5,4,12001.69
OI-0005884,ORD-102416,LASER-DRILL-IND,4,32400.33
OI-0005885,ORD-102416,QUANTUM-PROC-Q5,5,11158.58
OI-0005886,ORD-102417,NAV-COMP-ELITE,2,8495.86
OI-0005887,ORD-102417,ZERO-G-BALL-SET,3,119.74
OI-0005888,ORD-102417,THERMO-REG-3000,5,1385.16
OI-0005889,ORD-102417,HULL-PLATE-TI,1,1211.27
OI-0005890,ORD-102417,OXY-GEN-5000,6,2581.96
OI-0005891,ORD-102418,THERMO-REG-3000,6,1409.39
OI-0005892,ORD-102418,MULTI-SENSOR-PRO,3,4886.69
OI-0005893,ORD-102419,VR-ENTERTAIN-SYS,4,986.85
OI-0005894,ORD-102419,AIR-SCRUB-X,6,1968.38
OI-0005895,ORD-102419,SOLAR-LIGHT-LED,7,191.99
OI-0005896,ORD-102420,SELDON-CRYO-ICE,4,42.98
OI-0005897,ORD-102420,AIR-SCRUB-X,8,1670.33
OI-0005898,ORD-102420,NAV-COMP-ELITE,1,8653.90
OI-0005899,ORD-102420,EMERG-KIT-DELUXE,2,688.74
OI-0005900,ORD-102421,RATION-PACK-30,6,490.62
OI-0005901,ORD-102421,VR-ENTERTAIN-SYS,1,959.47
OI-0005902,ORD-102422,OXY-GEN-5000,1,2426.98
OI-0005903,ORD-102422,HYDRO-KIT-START,6,333.33
OI-0005904,ORD-102422,SOLAR-LIGHT-LED,6,183.49
OI-0005905,ORD-102423,OXY-GEN-5000,2,2793.18
OI-0005906,ORD-102423,COMM-ARRAY-LR,1,7198.09
OI-0005907,ORD-102423,ZERO-G-BALL-SET,1,118.43
OI-0005908,ORD-102423,SELDON-CRYO-ICE,5,44.20
OI-0005909,ORD-102424,LASER-DRILL-IND,8,37916.82
OI-0005910,ORD-102425,MULTI-SENSOR-PRO,8,4670.30
OI-0005911,ORD-102426,EMERG-KIT-DELUXE,1,744.52
OI-0005912,ORD-102426,ZERO-G-BALL-SET,3,134.20
OI-0005913,ORD-102426,EVA-SUIT-MK7,2,30038.50
OI-0005914,ORD-102427,NAV-COMP-ELITE,3,9168.04
OI-0005915,ORD-102427,SOLAR-LIGHT-LED,2,172.44
OI-0005916,ORD-102427,SELDON-CRYO-ICE,5,49.84
OI-0005917,ORD-102427,EVA-SUIT-MK7,1,26220.50
OI-0005918,ORD-102428,RAD-SHIELD-VEST,5,784.90
OI-0005919,ORD-102428,EVA-SUIT-MK7,2,28809.44
OI-0005920,ORD-102428,ZERO-G-BED,4,2126.28
OI-0005921,ORD-102429,COMM-ARRAY-LR,4,6579.34
OI-0005922,ORD-102429,QUANTUM-PROC-Q5,3,11305.82
OI-0005923,ORD-102429,HYDRO-KIT-START,7,310.62
OI-0005924,ORD-102430,EMERG-KIT-DELUXE,1,689.02
OI-0005925,ORD-102430,RATION-PACK-30,3,492.24
OI-0005926,ORD-102430,AIR-SCRUB-X,6,1777.04
OI-0005927,ORD-102431,AIR-SCRUB-X,5,1751.82
OI-0005928,ORD-102431,MULTI-SENSOR-PRO,6,4934.50
OI-0005929,ORD-102432,QUANTUM-PROC-Q5,6,12695.92
OI-0005930,ORD-102433,THERMO-REG-3000,5,1448.40
OI-0005931,ORD-102434,ION-DRIVE-MK3,2,41994.55
OI-0005932,ORD-102434,MULTI-SENSOR-PRO,3,5002.71
OI-0005933,ORD-102435,HULL-PLATE-TI,2,1113.63
OI-0005934,ORD-102435,H2O-REC-PRO,2,2963.77
OI-0005935,ORD-102435,COMM-ARRAY-LR,7,6304.78
OI-0005936,ORD-102436,NAV-COMP-ELITE,8,8985.60
OI-0005937,ORD-102436,ION-DRIVE-MK3,3,45534.37
OI-0005938,ORD-102436,EMERG-KIT-DELUXE,4,737.94
OI-0005939,ORD-102437,VR-ENTERTAIN-SYS,1,967.43
OI-0005940,ORD-102438,AIR-SCRUB-X,3,1970.48
OI-0005941,ORD-102439,VR-ENTERTAIN-SYS,3,901.55
OI-0005942,ORD-102439,NAV-COMP-ELITE,5,8974.35
OI-0005943,ORD-102439,SELDON-CRYO-ICE,5,43.91
OI-0005944,ORD-102439,QUANTUM-PROC-Q5,5,12300.62
OI-0005945,ORD-102439,THERMO-REG-3000,5,1470.36
OI-0005946,ORD-102440,ZERO-G-BALL-SET,2,116.88
OI-0005947,ORD-102441,MULTI-SENSOR-PRO,2,4892.37
OI-0005948,ORD-102441,EVA-SUIT-MK7,3,30457.64
OI-0005949,ORD-102441,OXY-GEN-5000,7,2696.99
OI-0005950,ORD-102441,EVA-SUIT-MK7,4,26097.53
OI-0005951,ORD-102442,NAV-COMP-ELITE,2,9208.45
OI-0005952,ORD-102442,AIR-SCRUB-X,4,1853.64
OI-0005953,ORD-102442,ION-DRIVE-MK3,2,45990.76
OI-0005954,ORD-102442,NAV-COMP-ELITE,6,7842.36
OI-0005955,ORD-102442,HULL-PLATE-TI,5,1231.73
OI-0005956,ORD-102443,SELDON-CRYO-ICE,7,42.85
OI-0005957,ORD-102443,RAD-SHIELD-VEST,7,939.41
OI-0005958,ORD-102443,EVA-SUIT-MK7,3,27494.66
OI-0005959,ORD-102444,COMM-ARRAY-LR,8,6722.42
OI-0005960,ORD-102444,SELDON-CRYO-ICE,1,42.03
OI-0005961,ORD-102445,EMERG-KIT-DELUXE,5,701.74
OI-0005962,ORD-102445,NAV-COMP-ELITE,2,8037.84
OI-0005963,ORD-102445,H2O-REC-PRO,6,3504.64
OI-0005964,ORD-102445,HULL-PLATE-TI,1,1236.88
OI-0005965,ORD-102445,EMERG-KIT-DELUXE,4,628.84
OI-0005966,ORD-102446,ZERO-G-BALL-SET,8,111.50
OI-0005967,ORD-102446,THERMO-REG-3000,4,1589.02
OI-0005968,ORD-102446,ION-DRIVE-MK3,3,44803.35
OI-0005969,ORD-102446,SOLAR-LIGHT-LED,8,176.02
OI-0005970,ORD-102447,ZERO-G-BED,1,2345.52
OI-0005971,ORD-102447,HYDRO-KIT-START,2,308.31
OI-0005972,ORD-102447,MULTI-SENSOR-PRO,4,4186.62
OI-0005973,ORD-102447,ION-DRIVE-MK3,6,43395.73
OI-0005974,ORD-102448,ION-DRIVE-MK3,3,42475.69
OI-0005975,ORD-102449,MULTI-SENSOR-PRO,6,4425.49
OI-0005976,ORD-102449,HYDRO-KIT-START,7,347.12
OI-0005977,ORD-102450,ZERO-G-BALL-SET,3,129.44
OI-0005978,ORD-102451,NAV-COMP-ELITE,1,8353.82
OI-0005979,ORD-102451,NAV-COMP-ELITE,7,7995.47
OI-0005980,ORD-102452,SELDON-CRYO-ICE,6,41.88
OI-0005981,ORD-102452,SELDON-CRYO-ICE,5,48.64
OI-0005982,ORD-102452,OXY-GEN-5000,8,2585.06
OI-0005983,ORD-102452,HULL-PLATE-TI,8,1217.68
OI-0005984,ORD-102453,LASER-DRILL-IND,1,37388.12
OI-0005985,ORD-102453,COMM-ARRAY-LR,3,7455.56
OI-0005986,ORD-102453,QUANTUM-PROC-Q5,8,12294.51
OI-0005987,ORD-102453,SELDON-CRYO-ICE,1,44.17
OI-0005988,ORD-102453,QUANTUM-PROC-Q5,8,13362.80
OI-0005989,ORD-102454,ZERO-G-BALL-SET,1,125.49
OI-0005990,ORD-102454,THERMO-REG-3000,5,1582.29
OI-0005991,ORD-102455,ZERO-G-BALL-SET,5,121.70
OI-0005992,ORD-102455,SELDON-CRYO-ICE,2,44.14
OI-0005993,ORD-102455,MULTI-SENSOR-PRO,3,4830.45
OI-0005994,ORD-102455,EMERG-KIT-DELUXE,5,644.45
OI-0005995,ORD-102455,THERMO-REG-3000,8,1626.42
OI-0005996,ORD-102456,THERMO-REG-3000,8,1546.74
OI-0005997,ORD-102456,SOLAR-LIGHT-LED,4,190.22
OI-0005998,ORD-102457,RATION-PACK-30,7,460.99
OI-0005999,ORD-102457,QUANTUM-PROC-Q5,8,12354.33
OI-0006000,ORD-102457,MULTI-SENSOR-PRO,7,4714.29
OI-0006001,ORD-102457,COMM-ARRAY-LR,4,6491.67
OI-0006002,ORD-102458,NAV-COMP-ELITE,2,9154.41
OI-0006003,ORD-102458,ZERO-G-BALL-SET,2,116.88
OI-0006004,ORD-102459,ZERO-G-BALL-SET,5,131.67
OI-0006005,ORD-102460,ION-DRIVE-MK3,8,46056.59
OI-0006006,ORD-102461,SELDON-CRYO-ICE,6,48.82
OI-0006007,ORD-102461,QUANTUM-PROC-Q5,7,12013.66
OI-0006008,ORD-102461,LASER-DRILL-IND,3,38652.93
OI-0006009,ORD-102461,OXY-GEN-5000,8,2687.55
OI-0006010,ORD-102462,EVA-SUIT-MK7,1,28609.13
OI-0006011,ORD-102462,SOLAR-LIGHT-LED,4,173.09
OI-0006012,ORD-102463,THERMO-REG-3000,1,1666.91
OI-0006013,ORD-102463,VR-ENTERTAIN-SYS,5,926.92
OI-0006014,ORD-102463,HYDRO-KIT-START,8,327.52
OI-0006015,ORD-102463,SOLAR-LIGHT-LED,3,189.32
OI-0006016,ORD-102463,VR-ENTERTAIN-SYS,5,991.41
OI-0006017,ORD-102464,LASER-DRILL-IND,3,35005.58
OI-0006018,ORD-102464,SELDON-CRYO-ICE,1,48.93
OI-0006019,ORD-102465,SELDON-CRYO-ICE,3,46.75
OI-0006020,ORD-102466,EMERG-KIT-DELUXE,2,679.83
OI-0006021,ORD-102467,EMERG-KIT-DELUXE,4,701.24
OI-0006022,ORD-102467,SELDON-CRYO-ICE,2,43.69
OI-0006023,ORD-102467,VR-ENTERTAIN-SYS,5,976.97
OI-0006024,ORD-102467,ION-DRIVE-MK3,3,43331.53
OI-0006025,ORD-102468,ZERO-G-BALL-SET,8,112.35
OI-0006026,ORD-102469,COMM-ARRAY-LR,6,7156.33
OI-0006027,ORD-102470,LASER-DRILL-IND,8,37814.97
OI-0006028,ORD-102470,COMM-ARRAY-LR,3,7491.66
OI-0006029,ORD-102470,MULTI-SENSOR-PRO,8,4320.58
OI-0006030,ORD-102470,NAV-COMP-ELITE,8,8250.21
OI-0006031,ORD-102470,ZERO-G-BED,1,2254.85
OI-0006032,ORD-102471,THERMO-REG-3000,1,1629.22
OI-0006033,ORD-102471,VR-ENTERTAIN-SYS,4,874.37
OI-0006034,ORD-102471,EVA-SUIT-MK7,8,27121.72
OI-0006035,ORD-102471,SOLAR-LIGHT-LED,7,182.99
OI-0006036,ORD-102471,ZERO-G-BED,6,2279.89
OI-0006037,ORD-102472,ZERO-G-BALL-SET,5,129.15
OI-0006038,ORD-102472,H2O-REC-PRO,6,3223.56
OI-0006039,ORD-102473,H2O-REC-PRO,8,3331.58
OI-0006040,ORD-102474,HYDRO-KIT-START,8,315.37
OI-0006041,ORD-102475,THERMO-REG-3000,8,1517.89
OI-0006042,ORD-102475,QUANTUM-PROC-Q5,8,11634.71
OI-0006043,ORD-102476,RATION-PACK-30,7,457.94
OI-0006044,ORD-102476,RAD-SHIELD-VEST,1,821.96
OI-0006045,ORD-102477,OXY-GEN-5000,4,2412.18
OI-0006046,ORD-102477,RATION-PACK-30,8,486.48
OI-0006047,ORD-102477,RATION-PACK-30,6,477.62
OI-0006048,ORD-102477,OXY-GEN-5000,4,2608.51
OI-0006049,ORD-102477,NAV-COMP-ELITE,1,9141.41
OI-0006050,ORD-102478,COMM-ARRAY-LR,2,7304.77
OI-0006051,ORD-102479,ZERO-G-BALL-SET,7,115.46
OI-0006052,ORD-102480,ZERO-G-BALL-SET,5,123.49
OI-0006053,ORD-102480,RAD-SHIELD-VEST,1,861.51
OI-0006054,ORD-102481,ION-DRIVE-MK3,6,44408.16
OI-0006055,ORD-102482,EMERG-KIT-DELUXE,5,649.46
OI-0006056,ORD-102483,HULL-PLATE-TI,5,1120.27
OI-0006057,ORD-102483,THERMO-REG-3000,7,1667.45
OI-0006058,ORD-102483,HULL-PLATE-TI,3,1204.31
OI-0006059,ORD-102484,QUANTUM-PROC-Q5,7,13244.50
OI-0006060,ORD-102484,MULTI-SENSOR-PRO,8,4397.79
OI-0006061,ORD-102485,ION-DRIVE-MK3,3,46484.21
OI-0006062,ORD-102485,RAD-SHIELD-VEST,8,909.82
OI-0006063,ORD-102486,RATION-PACK-30,3,479.92
OI-0006064,ORD-102487,ION-DRIVE-MK3,8,50155.20
OI-0006065,ORD-102487,COMM-ARRAY-LR,5,7444.15
OI-0006066,ORD-102487,COMM-ARRAY-LR,6,7244.00
OI-0006067,ORD-102488,EVA-SUIT-MK7,5,26463.74
OI-0006068,ORD-102488,OXY-GEN-5000,7,2360.30
OI-0006069,ORD-102489,ZERO-G-BALL-SET,1,124.80
OI-0006070,ORD-102489,ION-DRIVE-MK3,2,42985.61
OI-0006071,ORD-102489,AIR-SCRUB-X,3,1979.38
OI-0006072,ORD-102490,NAV-COMP-ELITE,4,8358.77
OI-0006073,ORD-102491,HYDRO-KIT-START,1,297.16
OI-0006074,ORD-102491,HULL-PLATE-TI,3,1115.18
OI-0006075,ORD-102492,ION-DRIVE-MK3,5,41851.83
OI-0006076,ORD-102493,LASER-DRILL-IND,7,35662.67
OI-0006077,ORD-102493,LASER-DRILL-IND,2,36096.29
OI-0006078,ORD-102493,MULTI-SENSOR-PRO,2,4701.28
OI-0006079,ORD-102494,ZERO-G-BED,4,2329.36
OI-0006080,ORD-102494,H2O-REC-PRO,2,2974.09
OI-0006081,ORD-102494,EVA-SUIT-MK7,6,30601.54
OI-0006082,ORD-102495,RATION-PACK-30,3,493.75
OI-0006083,ORD-102496,SOLAR-LIGHT-LED,8,200.40
OI-0006084,ORD-102496,HYDRO-KIT-START,4,334.00
OI-0006085,ORD-102497,QUANTUM-PROC-Q5,1,12501.32
OI-0006086,ORD-102497,ZERO-G-BALL-SET,1,121.42
OI-0006087,ORD-102497,EVA-SUIT-MK7,3,26711.04
OI-0006088,ORD-102498,ION-DRIVE-MK3,2,49615.77
OI-0006089,ORD-102499,THERMO-REG-3000,1,1592.72
OI-0006090,ORD-102499,HYDRO-KIT-START,4,356.84
OI-0006091,ORD-102499,AIR-SCRUB-X,2,1894.74
OI-0006092,ORD-102499,QUANTUM-PROC-Q5,7,11494.52
OI-0006093,ORD-102500,MULTI-SENSOR-PRO,2,4578.24
