order_id,customer_id,order_status,ordered_at,route_id,destination_hub_id,destination_station_id,destination_name,promotion_id,revenue_credits,currency
ORD-100001,CUST-00364,delivered,2026-03-08T03:02:50+00:00,10,,15,Medina Station,3,35581.40,credits
ORD-100002,CUST-00006,delivered,2026-04-01T02:06:52+00:00,4,,5,Utopia Planitia,,267100.56,credits
ORD-100003,CUST-00276,delivered,2026-03-26T07:26:07+00:00,1,,13,Polaris,,396675.27,credits
ORD-100004,CUST-00286,delivered,2026-03-22T13:12:54+00:00,2,,5,Utopia Planitia,5,93662.10,credits
ORD-100005,CUST-00225,delivered,2026-08-16T06:21:12+00:00,17,,23,Pallas Shipyard,7,89603.16,credits
ORD-100006,CUST-00393,dispatched,2026-07-30T14:06:07+00:00,19,,9,K-7 Station,,286153.32,credits
ORD-100007,CUST-00016,delivered,2026-03-14T10:09:19+00:00,4,,5,Utopia Planitia,,327888.82,credits
ORD-100008,CUST-00339,delivered,2026-07-04T01:11:35+00:00,16,,11,New Horizons,,40930.72,credits
ORD-100009,CUST-00250,delivered,2026-07-24T11:49:18+00:00,4,,5,Utopia Planitia,,52105.18,credits
ORD-100010,CUST-00299,delivered,2026-08-08T01:29:42+00:00,1,,13,Polaris,6,86828.68,credits
ORD-100011,CUST-00293,delivered,2026-05-22T21:21:10+00:00,13,,8,Starbase 11,,51986.64,credits
ORD-100012,CUST-00136,cancelled,2026-05-16T08:04:36+00:00,2,,5,Utopia Planitia,,3738.14,credits
ORD-100013,CUST-00272,dispatched,2026-06-18T14:42:48+00:00,16,,11,New Horizons,,73704.46,credits
ORD-100014,CUST-00096,dispatched,2026-07-06T11:29:09+00:00,19,,9,K-7 Station,,162447.71,credits
ORD-100015,CUST-00033,dispatched,2026-06-14T03:09:12+00:00,7,,22,Vesta Prime,,140164.24,credits
ORD-100016,CUST-00224,delivered,2026-08-13T08:42:35+00:00,14,,7,Jupiter Station,,13474.15,credits
ORD-100017,CUST-00153,delivered,2026-06-13T10:21:53+00:00,3,,5,Utopia Planitia,,12697.60,credits
ORD-100018,CUST-00110,delivered,2026-06-21T03:20:34+00:00,9,,14,Atlantis,,6041.58,credits
ORD-100019,CUST-00158,cancelled,2026-08-13T12:59:58+00:00,1,,13,Polaris,,34378.60,credits
ORD-100020,CUST-00131,delivered,2026-03-24T08:55:05+00:00,10,,15,Medina Station,,376996.86,credits
ORD-100021,CUST-00358,picked,2026-07-08T04:00:25+00:00,9,,14,Atlantis,,396534.77,credits
ORD-100022,CUST-00103,delivered,2026-05-20T23:08:16+00:00,10,,15,Medina Station,4,1238.16,credits
ORD-100023,CUST-00194,placed,2026-04-27T13:38:16+00:00,19,,9,K-7 Station,9,154111.51,credits
ORD-100024,CUST-00077,dispatched,2026-06-03T14:52:43+00:00,3,,5,Utopia Planitia,,5115.46,credits
ORD-100025,CUST-00137,delivered,2026-07-05T06:26:11+00:00,10,,15,Medina Station,,45277.00,credits
ORD-100026,CUST-00190,delivered,2026-08-23T22:24:45+00:00,19,,9,K-7 Station,8,33307.19,credits
ORD-100027,CUST-00242,delivered,2026-08-03T17:02:37+00:00,12,,18,Enceladus Outpost,,251847.21,credits
ORD-100028,CUST-00364,dispatched,2026-06-19T21:40:51+00:00,17,,23,Pallas Shipyard,1,43491.81,credits
ORD-100029,CUST-00094,dispatched,2026-06-29T03:54:46+00:00,2,,5,Utopia Planitia,,8544.82,credits
ORD-100030,CUST-00146,delivered,2026-04-13T02:15:49+00:00,6,,12,Tycho Station,,8022.27,credits
ORD-100031,CUST-00055,placed,2026-04-09T23:46:58+00:00,11,,17,Titan Base Alpha,,39030.18,credits
ORD-100032,CUST-00292,delivered,2026-04-24T08:11:15+00:00,5,,4,Deep Space Nine,,236523.38,credits
ORD-100033,CUST-00386,delivered,2026-03-31T15:17:36+00:00,5,,4,Deep Space Nine,,45926.13,credits
ORD-100034,CUST-00219,delivered,2026-03-11T15:19:09+00:00,3,,5,Utopia Planitia,,1876.14,credits
ORD-100035,CUST-00024,delivered,2026-03-28T00:07:47+00:00,17,,23,Pallas Shipyard,,852.35,credits
ORD-100036,CUST-00361,delivered,2026-05-20T03:27:34+00:00,10,,15,Medina Station,,536716.41,credits
ORD-100037,CUST-00337,delivered,2026-07-03T06:30:41+00:00,20,,20,Triton Relay,,18256.10,credits
ORD-100038,CUST-00238,delivered,2026-06-30T00:06:40+00:00,5,,4,Deep Space Nine,3,335534.06,credits
ORD-100039,CUST-00019,delivered,2026-06-11T20:26:56+00:00,16,,11,New Horizons,,13058.83,credits
ORD-100040,CUST-00083,delivered,2026-04-19T23:45:24+00:00,10,,15,Medina Station,,92912.43,credits
ORD-100041,CUST-00384,delivered,2026-08-18T11:56:16+00:00,3,,5,Utopia Planitia,3,8665.45,credits
ORD-100042,CUST-00059,picked,2026-04-28T17:17:57+00:00,20,,20,Triton Relay,,28994.64,credits
ORD-100043,CUST-00078,delivered,2026-08-02T03:55:13+00:00,17,,23,Pallas Shipyard,,332207.62,credits
ORD-100044,CUST-00051,delivered,2026-08-13T00:15:53+00:00,5,,4,Deep Space Nine,,75747.04,credits
ORD-100045,CUST-00213,delivered,2026-08-09T16:50:43+00:00,12,,18,Enceladus Outpost,9,5274.77,credits
ORD-100046,CUST-00162,delivered,2026-04-12T01:40:45+00:00,13,,8,Starbase 11,,148.56,credits
ORD-100047,CUST-00177,delivered,2026-05-11T17:39:50+00:00,1,,13,Polaris,,12585.28,credits
ORD-100048,CUST-00276,delivered,2026-06-08T16:35:19+00:00,11,,17,Titan Base Alpha,,4573.05,credits
ORD-100049,CUST-00397,cancelled,2026-06-17T09:42:50+00:00,10,,15,Medina Station,1,43510.82,credits
ORD-100050,CUST-00367,picked,2026-08-20T02:05:03+00:00,19,,9,K-7 Station,,56748.80,credits
ORD-100051,CUST-00218,dispatched,2026-06-30T14:44:59+00:00,5,,4,Deep Space Nine,9,8283.20,credits
ORD-100052,CUST-00249,cancelled,2026-04-03T03:38:54+00:00,15,,10,Starbase 375,,367169.28,credits
ORD-100053,CUST-00210,delivered,2026-03-31T00:50:09+00:00,4,,5,Utopia Planitia,,13415.39,credits
ORD-100054,CUST-00379,picked,2026-03-01T16:40:29+00:00,16,,11,New Horizons,,128189.62,credits
ORD-100055,CUST-00390,delivered,2026-08-18T21:56:28+00:00,15,,10,Starbase 375,,253628.35,credits
ORD-100056,CUST-00396,delivered,2026-07-22T16:12:48+00:00,10,,15,Medina Station,,38901.05,credits
ORD-100057,CUST-00106,delivered,2026-08-28T01:31:55+00:00,8,,7,Jupiter Station,,5702.04,credits
ORD-100058,CUST-00047,delivered,2026-03-26T13:43:10+00:00,4,,5,Utopia Planitia,,5299.35,credits
ORD-100059,CUST-00073,dispatched,2026-05-22T17:26:04+00:00,14,,7,Jupiter Station,,166964.79,credits
ORD-100060,CUST-00010,cancelled,2026-07-20T13:28:05+00:00,9,,14,Atlantis,,2795.64,credits
ORD-100061,CUST-00326,delivered,2026-04-22T21:24:22+00:00,17,,23,Pallas Shipyard,9,209843.99,credits
ORD-100062,CUST-00289,picked,2026-05-16T10:21:13+00:00,3,,5,Utopia Planitia,,221934.83,credits
ORD-100063,CUST-00236,placed,2026-05-24T20:41:04+00:00,20,,20,Triton Relay,,32051.22,credits
ORD-100064,CUST-00276,delivered,2026-08-19T22:22:12+00:00,1,,13,Polaris,7,95665.18,credits
ORD-100065,CUST-00361,placed,2026-04-23T04:47:04+00:00,20,,20,Triton Relay,,5289.41,credits
ORD-100066,CUST-00066,delivered,2026-07-24T20:43:41+00:00,9,,14,Atlantis,,73849.21,credits
ORD-100067,CUST-00254,delivered,2026-07-11T10:00:25+00:00,12,,18,Enceladus Outpost,,48860.56,credits
ORD-100068,CUST-00128,delivered,2026-04-12T20:59:21+00:00,7,,22,Vesta Prime,2,186.93,credits
ORD-100069,CUST-00122,delivered,2026-08-01T14:03:19+00:00,3,,5,Utopia Planitia,,8445.39,credits
ORD-100070,CUST-00196,delivered,2026-03-25T18:12:06+00:00,13,,8,Starbase 11,,339810.95,credits
ORD-100071,CUST-00261,delivered,2026-05-30T13:32:41+00:00,9,,14,Atlantis,,13316.28,credits
ORD-100072,CUST-00176,cancelled,2026-06-03T06:50:04+00:00,10,,15,Medina Station,,36899.54,credits
ORD-100073,CUST-00175,delivered,2026-08-18T14:56:50+00:00,7,,22,Vesta Prime,,29195.58,credits
ORD-100074,CUST-00123,delivered,2026-05-24T04:18:28+00:00,16,,11,New Horizons,,16097.76,credits
ORD-100075,CUST-00135,delivered,2026-05-26T00:53:43+00:00,6,,12,Tycho Station,,247979.20,credits
ORD-100076,CUST-00123,delivered,2026-06-04T19:37:12+00:00,12,,18,Enceladus Outpost,,282731.03,credits
ORD-100077,CUST-00300,delivered,2026-04-23T11:33:44+00:00,16,,11,New Horizons,,158608.17,credits
ORD-100078,CUST-00113,delivered,2026-06-24T04:48:05+00:00,7,,22,Vesta Prime,,16313.15,credits
ORD-100079,CUST-00173,delivered,2026-06-24T16:34:41+00:00,14,,7,Jupiter Station,,380339.49,credits
ORD-100080,CUST-00171,delivered,2026-08-20T20:00:30+00:00,7,,22,Vesta Prime,,106791.05,credits
ORD-100081,CUST-00283,delivered,2026-06-27T18:55:08+00:00,15,,10,Starbase 375,4,1670.75,credits
ORD-100082,CUST-00352,delivered,2026-08-24T10:36:40+00:00,13,,8,Starbase 11,,9127.08,credits
ORD-100083,CUST-00056,cancelled,2026-07-24T19:31:01+00:00,11,,17,Titan Base Alpha,,143786.21,credits
ORD-100084,CUST-00096,delivered,2026-03-18T11:33:00+00:00,7,,22,Vesta Prime,,24262.38,credits
ORD-100085,CUST-00381,cancelled,2026-06-08T22:42:30+00:00,3,,5,Utopia Planitia,,42773.70,credits
ORD-100086,CUST-00082,delivered,2026-07-26T12:38:51+00:00,20,,20,Triton Relay,,136835.62,credits
ORD-100087,CUST-00047,delivered,2026-08-13T21:11:44+00:00,10,,15,Medina Station,,640907.96,credits
ORD-100088,CUST-00276,delivered,2026-08-18T10:26:28+00:00,10,,15,Medina Station,,73954.74,credits
ORD-100089,CUST-00346,delivered,2026-06-06T22:58:08+00:00,15,,10,Starbase 375,,3104.39,credits
ORD-100090,CUST-00225,delivered,2026-06-29T03:34:47+00:00,5,,4,Deep Space Nine,,4777.24,credits
ORD-100091,CUST-00092,placed,2026-08-30T09:28:03+00:00,7,,22,Vesta Prime,,6388.00,credits
ORD-100092,CUST-00307,delivered,2026-03-13T03:51:53+00:00,1,,13,Polaris,,48911.91,credits
ORD-100093,CUST-00166,dispatched,2026-08-08T00:25:41+00:00,18,,12,Tycho Station,,3006.54,credits
ORD-100094,CUST-00034,delivered,2026-08-14T03:38:20+00:00,9,,14,Atlantis,4,313963.77,credits
ORD-100095,CUST-00353,delivered,2026-08-18T03:19:15+00:00,11,,17,Titan Base Alpha,,10382.80,credits
ORD-100096,CUST-00104,dispatched,2026-06-05T21:15:51+00:00,5,,4,Deep Space Nine,10,181122.06,credits
ORD-100097,CUST-00094,placed,2026-08-09T04:13:08+00:00,15,,10,Starbase 375,,8898.42,credits
ORD-100098,CUST-00047,delivered,2026-07-30T14:19:10+00:00,6,,12,Tycho Station,,1367.14,credits
ORD-100099,CUST-00230,delivered,2026-05-09T09:38:34+00:00,7,,22,Vesta Prime,,286115.54,credits
ORD-100100,CUST-00311,delivered,2026-03-19T16:46:46+00:00,16,,11,New Horizons,,7841.82,credits
ORD-100101,CUST-00329,delivered,2026-03-19T23:22:32+00:00,19,,9,K-7 Station,2,1312.03,credits
ORD-100102,CUST-00125,delivered,2026-03-09T02:41:45+00:00,16,,11,New Horizons,,185703.12,credits
ORD-100103,CUST-00085,delivered,2026-05-04T11:52:09+00:00,14,,7,Jupiter Station,,11770.94,credits
ORD-100104,CUST-00001,delivered,2026-03-18T06:31:11+00:00,4,,5,Utopia Planitia,,87147.98,credits
ORD-100105,CUST-00094,cancelled,2026-05-06T12:07:17+00:00,7,,22,Vesta Prime,,164633.32,credits
ORD-100106,CUST-00033,delivered,2026-03-08T16:48:17+00:00,11,,17,Titan Base Alpha,,3444.61,credits
ORD-100107,CUST-00162,delivered,2026-06-01T00:29:55+00:00,8,,7,Jupiter Station,,14272.56,credits
ORD-100108,CUST-00272,delivered,2026-08-27T11:55:02+00:00,9,,14,Atlantis,,20109.60,credits
ORD-100109,CUST-00042,delivered,2026-06-18T18:50:54+00:00,12,,18,Enceladus Outpost,,30979.43,credits
ORD-100110,CUST-00240,cancelled,2026-06-23T22:01:10+00:00,6,,12,Tycho Station,,8204.72,credits
ORD-100111,CUST-00168,dispatched,2026-05-11T22:21:55+00:00,13,,8,Starbase 11,,1828.83,credits
ORD-100112,CUST-00194,delivered,2026-08-15T10:24:36+00:00,13,,8,Starbase 11,,49072.82,credits
ORD-100113,CUST-00395,delivered,2026-08-21T14:09:38+00:00,12,,18,Enceladus Outpost,10,211284.13,credits
ORD-100114,CUST-00353,cancelled,2026-05-10T10:09:52+00:00,4,,5,Utopia Planitia,,68198.66,credits
ORD-100115,CUST-00367,delivered,2026-04-27T16:46:18+00:00,7,,22,Vesta Prime,3,103331.35,credits
ORD-100116,CUST-00298,delivered,2026-08-29T23:12:47+00:00,2,,5,Utopia Planitia,,220353.92,credits
ORD-100117,CUST-00076,delivered,2026-06-18T03:32:41+00:00,13,,8,Starbase 11,1,2827.98,credits
ORD-100118,CUST-00204,delivered,2026-05-17T03:07:05+00:00,16,,11,New Horizons,,3891.48,credits
ORD-100119,CUST-00294,delivered,2026-05-10T04:06:20+00:00,16,,11,New Horizons,10,5829.04,credits
ORD-100120,CUST-00272,delivered,2026-03-17T14:51:20+00:00,16,,11,New Horizons,,113062.43,credits
ORD-100121,CUST-00386,cancelled,2026-03-22T16:57:50+00:00,2,,5,Utopia Planitia,,12664.34,credits
ORD-100122,CUST-00151,picked,2026-06-22T04:19:54+00:00,18,,12,Tycho Station,,21176.80,credits
ORD-100123,CUST-00111,delivered,2026-08-02T08:16:24+00:00,5,,4,Deep Space Nine,,229043.64,credits
ORD-100124,CUST-00105,delivered,2026-08-09T13:24:01+00:00,3,,5,Utopia Planitia,,54952.20,credits
ORD-100125,CUST-00034,picked,2026-08-11T03:11:33+00:00,11,,17,Titan Base Alpha,,14089.70,credits
ORD-100126,CUST-00373,delivered,2026-07-29T05:20:48+00:00,10,,15,Medina Station,,77570.18,credits
ORD-100127,CUST-00207,picked,2026-07-30T07:43:38+00:00,16,,11,New Horizons,9,8747.62,credits
ORD-100128,CUST-00215,delivered,2026-04-16T02:19:26+00:00,15,,10,Starbase 375,,69299.84,credits
ORD-100129,CUST-00044,delivered,2026-07-20T16:43:43+00:00,10,,15,Medina Station,,548.61,credits
ORD-100130,CUST-00274,cancelled,2026-05-02T05:23:07+00:00,12,,18,Enceladus Outpost,,202179.49,credits
ORD-100131,CUST-00174,delivered,2026-07-17T09:59:59+00:00,8,,7,Jupiter Station,,20996.16,credits
ORD-100132,CUST-00236,delivered,2026-05-16T04:26:07+00:00,11,,17,Titan Base Alpha,3,22469.72,credits
ORD-100133,CUST-00154,delivered,2026-06-18T11:47:27+00:00,12,,18,Enceladus Outpost,,213330.16,credits
ORD-100134,CUST-00216,dispatched,2026-03-09T22:08:20+00:00,11,,17,Titan Base Alpha,,21865.14,credits
ORD-100135,CUST-00011,delivered,2026-04-09T23:00:27+00:00,5,,4,Deep Space Nine,4,35131.53,credits
ORD-100136,CUST-00262,delivered,2026-05-03T19:12:05+00:00,6,,12,Tycho Station,5,37414.19,credits
ORD-100137,CUST-00032,delivered,2026-06-18T07:20:57+00:00,17,,23,Pallas Shipyard,,43342.56,credits
ORD-100138,CUST-00311,dispatched,2026-06-19T23:51:23+00:00,4,,5,Utopia Planitia,,29941.89,credits
ORD-100139,CUST-00333,delivered,2026-04-23T20:52:12+00:00,9,,14,Atlantis,2,64974.54,credits
ORD-100140,CUST-00390,delivered,2026-07-15T02:30:26+00:00,7,,22,Vesta Prime,4,106560.00,credits
ORD-100141,CUST-00356,delivered,2026-06-10T12:25:38+00:00,7,,22,Vesta Prime,,10355.47,credits
ORD-100142,CUST-00263,delivered,2026-07-07T01:34:15+00:00,15,,10,Starbase 375,,8182.92,credits
ORD-100143,CUST-00027,delivered,2026-04-23T01:40:52+00:00,8,,7,Jupiter Station,6,18306.23,credits
ORD-100144,CUST-00399,delivered,2026-03-28T14:11:52+00:00,19,,9,K-7 Station,,47357.59,credits
ORD-100145,CUST-00091,delivered,2026-08-23T00:38:06+00:00,13,,8,Starbase 11,2,186422.49,credits
ORD-100146,CUST-00043,delivered,2026-04-06T09:21:30+00:00,9,,14,Atlantis,,21151.60,credits
ORD-100147,CUST-00023,delivered,2026-07-18T22:52:57+00:00,4,,5,Utopia Planitia,,21306.84,credits
ORD-100148,CUST-00171,delivered,2026-06-01T03:17:58+00:00,4,,5,Utopia Planitia,,164556.21,credits
ORD-100149,CUST-00076,delivered,2026-04-07T12:22:20+00:00,11,,17,Titan Base Alpha,,15367.60,credits
ORD-100150,CUST-00126,delivered,2026-06-16T22:51:47+00:00,13,,8,Starbase 11,,4649.67,credits
ORD-100151,CUST-00069,delivered,2026-03-16T00:44:27+00:00,4,,5,Utopia Planitia,,10686.98,credits
ORD-100152,CUST-00081,delivered,2026-04-07T15:47:08+00:00,1,,13,Polaris,2,579.48,credits
ORD-100153,CUST-00147,picked,2026-04-09T13:59:10+00:00,4,,5,Utopia Planitia,,162081.43,credits
ORD-100154,CUST-00140,delivered,2026-07-12T20:25:52+00:00,3,,5,Utopia Planitia,,319054.61,credits
ORD-100155,CUST-00040,delivered,2026-08-02T19:00:48+00:00,12,,18,Enceladus Outpost,,83975.74,credits
ORD-100156,CUST-00290,cancelled,2026-07-23T11:48:18+00:00,2,,5,Utopia Planitia,,8295.25,credits
ORD-100157,CUST-00204,delivered,2026-04-19T04:01:37+00:00,17,,23,Pallas Shipyard,,2019.00,credits
ORD-100158,CUST-00238,picked,2026-08-08T22:49:43+00:00,3,,5,Utopia Planitia,,501947.57,credits
ORD-100159,CUST-00199,cancelled,2026-04-23T18:23:22+00:00,8,,7,Jupiter Station,,227299.47,credits
ORD-100160,CUST-00046,delivered,2026-04-15T16:54:39+00:00,3,,5,Utopia Planitia,,248689.30,credits
ORD-100161,CUST-00350,cancelled,2026-08-06T07:24:55+00:00,2,,5,Utopia Planitia,4,4058.70,credits
ORD-100162,CUST-00237,delivered,2026-05-29T15:13:44+00:00,3,,5,Utopia Planitia,,144735.75,credits
ORD-100163,CUST-00328,delivered,2026-05-21T20:11:05+00:00,7,,22,Vesta Prime,,40905.12,credits
ORD-100164,CUST-00343,delivered,2026-04-17T22:50:10+00:00,9,,14,Atlantis,7,36011.71,credits
ORD-100165,CUST-00306,delivered,2026-03-20T14:59:09+00:00,7,,22,Vesta Prime,,4275.46,credits
ORD-100166,CUST-00231,delivered,2026-08-10T17:49:10+00:00,5,,4,Deep Space Nine,,34137.20,credits
ORD-100167,CUST-00187,delivered,2026-05-17T05:35:38+00:00,1,,13,Polaris,,384211.20,credits
ORD-100168,CUST-00051,picked,2026-03-27T16:37:51+00:00,3,,5,Utopia Planitia,7,73269.36,credits
ORD-100169,CUST-00017,dispatched,2026-06-16T14:26:58+00:00,10,,15,Medina Station,,4970.82,credits
ORD-100170,CUST-00260,delivered,2026-05-08T18:27:15+00:00,10,,15,Medina Station,,6945.44,credits
ORD-100171,CUST-00326,delivered,2026-04-14T04:32:07+00:00,13,,8,Starbase 11,,2548.82,credits
ORD-100172,CUST-00048,placed,2026-06-20T00:47:46+00:00,1,,13,Polaris,,72405.12,credits
ORD-100173,CUST-00067,delivered,2026-08-10T07:46:49+00:00,15,,10,Starbase 375,,5752.60,credits
ORD-100174,CUST-00297,delivered,2026-03-29T02:04:31+00:00,4,,5,Utopia Planitia,,65935.25,credits
ORD-100175,CUST-00040,delivered,2026-08-23T10:22:30+00:00,7,,22,Vesta Prime,,88232.70,credits
ORD-100176,CUST-00275,delivered,2026-07-11T07:05:46+00:00,1,,13,Polaris,6,8376.82,credits
ORD-100177,CUST-00334,delivered,2026-06-28T03:37:50+00:00,10,,15,Medina Station,,53096.02,credits
ORD-100178,CUST-00383,delivered,2026-05-21T01:32:16+00:00,9,,14,Atlantis,,807.16,credits
ORD-100179,CUST-00093,delivered,2026-06-18T10:07:00+00:00,11,,17,Titan Base Alpha,,12526.92,credits
ORD-100180,CUST-00288,delivered,2026-06-07T21:04:36+00:00,3,,5,Utopia Planitia,,5050.45,credits
ORD-100181,CUST-00253,cancelled,2026-03-12T07:36:01+00:00,16,,11,New Horizons,,280323.24,credits
ORD-100182,CUST-00146,delivered,2026-08-12T12:02:57+00:00,1,,13,Polaris,,132469.65,credits
ORD-100183,CUST-00213,delivered,2026-05-10T12:19:44+00:00,10,,15,Medina Station,,37528.72,credits
ORD-100184,CUST-00025,picked,2026-04-05T01:16:56+00:00,1,,13,Polaris,,56983.10,credits
ORD-100185,CUST-00023,cancelled,2026-03-13T13:40:28+00:00,4,,5,Utopia Planitia,6,24817.75,credits
ORD-100186,CUST-00343,delivered,2026-07-12T07:42:41+00:00,4,,5,Utopia Planitia,,70805.68,credits
ORD-100187,CUST-00111,dispatched,2026-06-07T14:55:39+00:00,15,,10,Starbase 375,4,113954.78,credits
ORD-100188,CUST-00217,delivered,2026-08-23T15:42:33+00:00,6,,12,Tycho Station,,86227.32,credits
ORD-100189,CUST-00078,delivered,2026-07-07T06:25:11+00:00,13,,8,Starbase 11,,14158.50,credits
ORD-100190,CUST-00331,dispatched,2026-03-29T22:45:25+00:00,8,,7,Jupiter Station,1,32288.78,credits
ORD-100191,CUST-00355,dispatched,2026-07-05T22:39:30+00:00,9,,14,Atlantis,,65384.47,credits
ORD-100192,CUST-00036,delivered,2026-04-17T00:36:43+00:00,6,,12,Tycho Station,,309181.19,credits
ORD-100193,CUST-00377,delivered,2026-06-24T10:57:33+00:00,11,,17,Titan Base Alpha,,18923.07,credits
ORD-100194,CUST-00113,delivered,2026-05-31T20:43:34+00:00,5,,4,Deep Space Nine,,12327.18,credits
ORD-100195,CUST-00142,placed,2026-04-18T00:31:59+00:00,10,,15,Medina Station,,234718.98,credits
ORD-100196,CUST-00351,delivered,2026-06-28T00:29:02+00:00,5,,4,Deep Space Nine,,28714.03,credits
ORD-100197,CUST-00339,dispatched,2026-03-13T06:27:37+00:00,1,,13,Polaris,,25097.22,credits
ORD-100198,CUST-00182,delivered,2026-08-21T02:19:36+00:00,8,,7,Jupiter Station,,172664.37,credits
ORD-100199,CUST-00356,delivered,2026-07-07T17:01:49+00:00,11,,17,Titan Base Alpha,,2778.72,credits
ORD-100200,CUST-00066,delivered,2026-07-18T00:29:51+00:00,20,,20,Triton Relay,,4502.64,credits
ORD-100201,CUST-00149,delivered,2026-07-02T16:09:35+00:00,19,,9,K-7 Station,,127.24,credits
ORD-100202,CUST-00004,delivered,2026-08-07T03:30:01+00:00,16,,11,New Horizons,1,872.50,credits
ORD-100203,CUST-00121,delivered,2026-05-06T09:18:42+00:00,18,,12,Tycho Station,,78034.18,credits
ORD-100204,CUST-00238,dispatched,2026-06-17T01:41:41+00:00,14,,7,Jupiter Station,,1554.16,credits
ORD-100205,CUST-00182,delivered,2026-06-28T16:13:22+00:00,5,,4,Deep Space Nine,,275434.50,credits
ORD-100206,CUST-00174,delivered,2026-08-31T12:04:02+00:00,15,,10,Starbase 375,5,48184.43,credits
ORD-100207,CUST-00390,picked,2026-04-30T19:40:53+00:00,8,,7,Jupiter Station,,42129.75,credits
ORD-100208,CUST-00016,picked,2026-05-22T15:28:43+00:00,6,,12,Tycho Station,,172.64,credits
ORD-100209,CUST-00147,delivered,2026-04-21T04:57:00+00:00,8,,7,Jupiter Station,,17705.62,credits
ORD-100210,CUST-00373,dispatched,2026-07-06T16:19:06+00:00,17,,23,Pallas Shipyard,,215365.44,credits
ORD-100211,CUST-00170,delivered,2026-04-27T01:34:44+00:00,1,,13,Polaris,,394263.51,credits
ORD-100212,CUST-00172,dispatched,2026-04-05T02:26:38+00:00,2,,5,Utopia Planitia,,13158.22,credits
ORD-100213,CUST-00139,placed,2026-03-27T12:43:43+00:00,2,,5,Utopia Planitia,,13008.02,credits
ORD-100214,CUST-00378,delivered,2026-07-20T03:57:39+00:00,1,,13,Polaris,,5062.91,credits
ORD-100215,CUST-00006,delivered,2026-06-14T05:18:02+00:00,8,,7,Jupiter Station,,12661.04,credits
ORD-100216,CUST-00246,picked,2026-08-16T11:49:35+00:00,4,,5,Utopia Planitia,,15808.80,credits
ORD-100217,CUST-00150,delivered,2026-07-13T06:58:08+00:00,8,,7,Jupiter Station,,1850.56,credits
ORD-100218,CUST-00073,delivered,2026-04-30T12:19:52+00:00,2,,5,Utopia Planitia,,16068.40,credits
ORD-100219,CUST-00197,dispatched,2026-03-12T08:51:48+00:00,15,,10,Starbase 375,,254215.74,credits
ORD-100220,CUST-00319,delivered,2026-06-18T12:29:47+00:00,14,,7,Jupiter Station,,100527.14,credits
ORD-100221,CUST-00152,delivered,2026-07-25T05:28:29+00:00,11,,17,Titan Base Alpha,,7207.82,credits
ORD-100222,CUST-00112,delivered,2026-03-15T04:14:40+00:00,14,,7,Jupiter Station,10,50955.44,credits
ORD-100223,CUST-00351,delivered,2026-06-21T11:34:45+00:00,17,,23,Pallas Shipyard,4,31389.60,credits
ORD-100224,CUST-00122,delivered,2026-05-23T20:23:30+00:00,7,,22,Vesta Prime,,28832.71,credits
ORD-100225,CUST-00312,delivered,2026-05-20T04:24:48+00:00,7,,22,Vesta Prime,,2374.88,credits
ORD-100226,CUST-00376,delivered,2026-07-16T06:53:36+00:00,14,,7,Jupiter Station,,32276.72,credits
ORD-100227,CUST-00060,delivered,2026-06-22T14:50:26+00:00,8,,7,Jupiter Station,,5227.68,credits
ORD-100228,CUST-00134,delivered,2026-05-27T00:10:07+00:00,10,,15,Medina Station,7,30608.79,credits
ORD-100229,CUST-00221,dispatched,2026-08-24T01:04:47+00:00,1,,13,Polaris,9,29816.63,credits
ORD-100230,CUST-00224,delivered,2026-07-01T05:32:46+00:00,10,,15,Medina Station,,208930.95,credits
ORD-100231,CUST-00269,delivered,2026-07-09T08:36:56+00:00,19,,9,K-7 Station,,27872.64,credits
ORD-100232,CUST-00225,delivered,2026-04-13T18:27:46+00:00,8,,7,Jupiter Station,,30601.66,credits
ORD-100233,CUST-00253,delivered,2026-03-23T20:47:32+00:00,9,,14,Atlantis,,9261.90,credits
ORD-100234,CUST-00267,delivered,2026-04-18T23:31:18+00:00,11,,17,Titan Base Alpha,,11463.29,credits
ORD-100235,CUST-00252,dispatched,2026-08-04T09:42:31+00:00,18,,12,Tycho Station,7,508472.73,credits
ORD-100236,CUST-00152,picked,2026-04-26T10:42:07+00:00,4,,5,Utopia Planitia,,113877.50,credits
ORD-100237,CUST-00178,picked,2026-08-28T13:25:51+00:00,13,,8,Starbase 11,,97662.65,credits
ORD-100238,CUST-00227,dispatched,2026-06-11T03:39:39+00:00,14,,7,Jupiter Station,8,198826.38,credits
ORD-100239,CUST-00011,delivered,2026-03-24T06:10:53+00:00,13,,8,Starbase 11,,4696.28,credits
ORD-100240,CUST-00284,placed,2026-03-04T09:19:01+00:00,8,,7,Jupiter Station,9,11141.52,credits
ORD-100241,CUST-00118,dispatched,2026-03-09T17:38:58+00:00,8,,7,Jupiter Station,7,5589.22,credits
ORD-100242,CUST-00311,delivered,2026-05-22T13:05:14+00:00,10,,15,Medina Station,,105631.12,credits
ORD-100243,CUST-00255,delivered,2026-06-04T18:06:41+00:00,13,,8,Starbase 11,,9662.02,credits
ORD-100244,CUST-00251,picked,2026-05-03T08:44:13+00:00,19,,9,K-7 Station,,20232.29,credits
ORD-100245,CUST-00387,delivered,2026-07-04T00:10:33+00:00,18,,12,Tycho Station,,40083.86,credits
ORD-100246,CUST-00321,picked,2026-07-03T19:56:23+00:00,17,,23,Pallas Shipyard,,73263.70,credits
ORD-100247,CUST-00289,delivered,2026-04-06T05:09:30+00:00,6,,12,Tycho Station,,69354.78,credits
ORD-100248,CUST-00049,delivered,2026-08-07T12:59:16+00:00,2,,5,Utopia Planitia,6,49939.22,credits
ORD-100249,CUST-00289,delivered,2026-04-02T02:59:51+00:00,4,,5,Utopia Planitia,,305549.31,credits
ORD-100250,CUST-00071,delivered,2026-06-21T11:19:53+00:00,17,,23,Pallas Shipyard,,13000.73,credits
ORD-100251,CUST-00143,delivered,2026-06-20T06:39:35+00:00,5,,4,Deep Space Nine,,231541.38,credits
ORD-100252,CUST-00100,delivered,2026-07-29T18:52:01+00:00,1,,13,Polaris,6,54692.04,credits
ORD-100253,CUST-00332,placed,2026-03-27T17:17:54+00:00,18,,12,Tycho Station,3,144928.44,credits
ORD-100254,CUST-00100,delivered,2026-03-05T02:11:28+00:00,20,,20,Triton Relay,,296010.78,credits
ORD-100255,CUST-00002,delivered,2026-05-10T05:20:37+00:00,10,,15,Medina Station,8,19257.84,credits
ORD-100256,CUST-00371,delivered,2026-05-18T05:18:16+00:00,8,,7,Jupiter Station,,80746.18,credits
ORD-100257,CUST-00329,delivered,2026-06-24T18:13:44+00:00,17,,23,Pallas Shipyard,,798.98,credits
ORD-100258,CUST-00283,delivered,2026-03-24T16:42:40+00:00,9,,14,Atlantis,,7509.81,credits
ORD-100259,CUST-00302,delivered,2026-05-22T05:48:01+00:00,2,,5,Utopia Planitia,,73840.44,credits
ORD-100260,CUST-00130,delivered,2026-08-01T05:32:10+00:00,12,,18,Enceladus Outpost,,51848.14,credits
ORD-100261,CUST-00393,delivered,2026-05-28T07:09:43+00:00,5,,4,Deep Space Nine,1,86032.59,credits
ORD-100262,CUST-00202,delivered,2026-06-29T17:04:22+00:00,7,,22,Vesta Prime,,92694.77,credits
ORD-100263,CUST-00257,delivered,2026-08-04T01:13:19+00:00,1,,13,Polaris,,3671.97,credits
ORD-100264,CUST-00199,dispatched,2026-03-09T02:22:43+00:00,16,,11,New Horizons,,3038.96,credits
ORD-100265,CUST-00066,delivered,2026-07-08T20:07:38+00:00,19,,9,K-7 Station,,92905.19,credits
ORD-100266,CUST-00218,delivered,2026-06-07T14:18:02+00:00,18,,12,Tycho Station,1,282529.46,credits
ORD-100267,CUST-00346,delivered,2026-03-07T01:34:47+00:00,10,,15,Medina Station,6,170907.46,credits
ORD-100268,CUST-00253,delivered,2026-05-10T23:05:21+00:00,14,,7,Jupiter Station,,99842.58,credits
ORD-100269,CUST-00041,delivered,2026-03-30T21:18:17+00:00,14,,7,Jupiter Station,,480368.85,credits
ORD-100270,CUST-00307,dispatched,2026-03-25T19:52:29+00:00,11,,17,Titan Base Alpha,6,186485.75,credits
ORD-100271,CUST-00244,delivered,2026-03-04T17:22:05+00:00,18,,12,Tycho Station,,318887.35,credits
ORD-100272,CUST-00080,dispatched,2026-07-28T17:08:24+00:00,20,,20,Triton Relay,,16274.30,credits
ORD-100273,CUST-00057,dispatched,2026-05-14T11:40:06+00:00,19,,9,K-7 Station,7,181011.10,credits
ORD-100274,CUST-00116,delivered,2026-07-05T13:26:26+00:00,13,,8,Starbase 11,,154496.41,credits
ORD-100275,CUST-00293,delivered,2026-03-06T06:54:58+00:00,14,,7,Jupiter Station,,19919.83,credits
ORD-100276,CUST-00103,delivered,2026-04-03T19:28:15+00:00,11,,17,Titan Base Alpha,,217058.08,credits
ORD-100277,CUST-00370,delivered,2026-03-02T22:34:07+00:00,3,,5,Utopia Planitia,,19947.91,credits
ORD-100278,CUST-00372,delivered,2026-06-02T11:26:42+00:00,2,,5,Utopia Planitia,,212913.17,credits
ORD-100279,CUST-00356,delivered,2026-06-26T14:21:50+00:00,3,,5,Utopia Planitia,,39945.60,credits
ORD-100280,CUST-00014,delivered,2026-06-03T22:08:09+00:00,8,,7,Jupiter Station,,361512.15,credits
ORD-100281,CUST-00076,dispatched,2026-03-04T12:55:59+00:00,19,,9,K-7 Station,,288739.01,credits
ORD-100282,CUST-00195,cancelled,2026-08-19T14:36:58+00:00,1,,13,Polaris,,5296.76,credits
ORD-100283,CUST-00327,delivered,2026-07-13T17:54:47+00:00,1,,13,Polaris,,32182.96,credits
ORD-100284,CUST-00379,delivered,2026-08-24T19:17:35+00:00,6,,12,Tycho Station,,77955.90,credits
ORD-100285,CUST-00107,delivered,2026-05-02T03:28:05+00:00,8,,7,Jupiter Station,,1020.92,credits
ORD-100286,CUST-00005,delivered,2026-06-19T15:32:18+00:00,19,,9,K-7 Station,8,128084.89,credits
ORD-100287,CUST-00258,delivered,2026-08-08T17:52:11+00:00,10,,15,Medina Station,,305382.65,credits
ORD-100288,CUST-00242,delivered,2026-08-23T19:42:10+00:00,4,,5,Utopia Planitia,,6733.59,credits
ORD-100289,CUST-00242,dispatched,2026-06-03T00:48:25+00:00,10,,15,Medina Station,,36238.66,credits
ORD-100290,CUST-00234,delivered,2026-03-05T23:12:51+00:00,9,,14,Atlantis,,61308.37,credits
ORD-100291,CUST-00370,cancelled,2026-06-29T11:28:59+00:00,19,,9,K-7 Station,,258670.16,credits
ORD-100292,CUST-00146,picked,2026-06-29T17:05:28+00:00,4,,5,Utopia Planitia,,1212.08,credits
ORD-100293,CUST-00126,delivered,2026-07-25T11:57:49+00:00,11,,17,Titan Base Alpha,,23380.66,credits
ORD-100294,CUST-00347,delivered,2026-05-05T15:51:03+00:00,9,,14,Atlantis,,316.75,credits
ORD-100295,CUST-00168,delivered,2026-07-04T03:34:10+00:00,18,,12,Tycho Station,,4013.44,credits
ORD-100296,CUST-00221,delivered,2026-06-28T09:00:39+00:00,9,,14,Atlantis,,705.35,credits
ORD-100297,CUST-00300,delivered,2026-07-15T03:01:34+00:00,11,,17,Titan Base Alpha,,2392.39,credits
ORD-100298,CUST-00337,delivered,2026-04-21T14:07:53+00:00,7,,22,Vesta Prime,,47198.40,credits
ORD-100299,CUST-00205,delivered,2026-04-22T06:07:31+00:00,7,,22,Vesta Prime,,85731.90,credits
ORD-100300,CUST-00185,delivered,2026-05-05T03:22:23+00:00,16,,11,New Horizons,,10500.63,credits
ORD-100301,CUST-00330,placed,2026-06-29T15:48:02+00:00,13,,8,Starbase 11,,8895.27,credits
ORD-100302,CUST-00032,delivered,2026-04-23T21:11:23+00:00,20,,20,Triton Relay,,144775.17,credits
ORD-100303,CUST-00136,placed,2026-05-22T02:26:04+00:00,20,,20,Triton Relay,1,53042.94,credits
ORD-100304,CUST-00058,cancelled,2026-06-27T21:34:23+00:00,16,,11,New Horizons,,4333.28,credits
ORD-100305,CUST-00315,delivered,2026-07-01T23:06:45+00:00,4,,5,Utopia Planitia,,2655.72,credits
ORD-100306,CUST-00155,cancelled,2026-08-29T21:09:37+00:00,11,,17,Titan Base Alpha,,2571.66,credits
ORD-100307,CUST-00378,delivered,2026-06-07T06:29:39+00:00,2,,5,Utopia Planitia,,41836.25,credits
ORD-100308,CUST-00131,delivered,2026-07-03T11:27:41+00:00,11,,17,Titan Base Alpha,,20984.05,credits
ORD-100309,CUST-00065,delivered,2026-05-18T11:34:14+00:00,12,,18,Enceladus Outpost,,13319.62,credits
ORD-100310,CUST-00385,cancelled,2026-07-17T09:00:04+00:00,5,,4,Deep Space Nine,,179408.64,credits
ORD-100311,CUST-00129,delivered,2026-08-19T05:41:26+00:00,18,,12,Tycho Station,,182587.96,credits
ORD-100312,CUST-00206,cancelled,2026-07-28T03:33:19+00:00,4,,5,Utopia Planitia,8,37623.90,credits
ORD-100313,CUST-00269,delivered,2026-08-08T01:24:53+00:00,4,,5,Utopia Planitia,,28395.34,credits
ORD-100314,CUST-00250,delivered,2026-04-27T08:22:05+00:00,10,,15,Medina Station,10,53403.45,credits
ORD-100315,CUST-00223,cancelled,2026-03-27T18:53:50+00:00,9,,14,Atlantis,,256685.23,credits
ORD-100316,CUST-00330,picked,2026-07-26T22:47:02+00:00,4,,5,Utopia Planitia,,909.79,credits
ORD-100317,CUST-00178,delivered,2026-06-26T11:22:15+00:00,15,,10,Starbase 375,,69167.91,credits
ORD-100318,CUST-00281,delivered,2026-06-11T19:34:47+00:00,11,,17,Titan Base Alpha,,1677.48,credits
ORD-100319,CUST-00328,dispatched,2026-06-06T03:12:37+00:00,6,,12,Tycho Station,,172484.12,credits
ORD-100320,CUST-00276,delivered,2026-06-10T04:45:21+00:00,6,,12,Tycho Station,2,267158.22,credits
ORD-100321,CUST-00151,cancelled,2026-07-24T21:17:01+00:00,20,,20,Triton Relay,,13178.84,credits
ORD-100322,CUST-00254,cancelled,2026-08-25T09:15:01+00:00,8,,7,Jupiter Station,,170.84,credits
ORD-100323,CUST-00314,delivered,2026-06-21T12:47:16+00:00,16,,11,New Horizons,,1466.51,credits
ORD-100324,CUST-00040,delivered,2026-05-22T16:45:30+00:00,5,,4,Deep Space Nine,,2677.08,credits
ORD-100325,CUST-00360,delivered,2026-04-27T13:04:10+00:00,18,,12,Tycho Station,,285439.44,credits
ORD-100326,CUST-00350,cancelled,2026-03-17T04:25:13+00:00,12,,18,Enceladus Outpost,,20123.36,credits
ORD-100327,CUST-00339,delivered,2026-05-19T19:03:45+00:00,15,,10,Starbase 375,,7024.54,credits
ORD-100328,CUST-00100,delivered,2026-08-01T10:11:06+00:00,8,,7,Jupiter Station,,52486.83,credits
ORD-100329,CUST-00206,delivered,2026-04-28T00:56:38+00:00,7,,22,Vesta Prime,,57387.32,credits
ORD-100330,CUST-00168,placed,2026-05-18T06:22:06+00:00,13,,8,Starbase 11,,272951.63,credits
ORD-100331,CUST-00350,delivered,2026-08-01T09:59:18+00:00,5,,4,Deep Space Nine,8,177486.15,credits
ORD-100332,CUST-00309,delivered,2026-08-04T01:22:03+00:00,5,,4,Deep Space Nine,,18105.73,credits
ORD-100333,CUST-00273,delivered,2026-06-09T12:05:31+00:00,17,,23,Pallas Shipyard,,86817.35,credits
ORD-100334,CUST-00395,delivered,2026-08-23T23:57:36+00:00,10,,15,Medina Station,,9885.75,credits
ORD-100335,CUST-00198,cancelled,2026-05-30T02:45:13+00:00,7,,22,Vesta Prime,7,205359.73,credits
ORD-100336,CUST-00254,delivered,2026-07-25T07:42:52+00:00,7,,22,Vesta Prime,7,2072.15,credits
ORD-100337,CUST-00307,delivered,2026-08-07T00:26:52+00:00,8,,7,Jupiter Station,,802.00,credits
ORD-100338,CUST-00321,delivered,2026-03-11T10:10:47+00:00,13,,8,Starbase 11,,5625.98,credits
ORD-100339,CUST-00062,cancelled,2026-04-21T12:11:05+00:00,13,,8,Starbase 11,,1193.57,credits
ORD-100340,CUST-00391,delivered,2026-05-01T04:21:55+00:00,3,,5,Utopia Planitia,,37044.51,credits
ORD-100341,CUST-00259,dispatched,2026-04-27T10:03:07+00:00,3,,5,Utopia Planitia,,72282.10,credits
ORD-100342,CUST-00317,delivered,2026-05-22T01:36:34+00:00,6,,12,Tycho Station,2,42094.16,credits
ORD-100343,CUST-00352,delivered,2026-06-08T11:14:09+00:00,20,,20,Triton Relay,,176075.62,credits
ORD-100344,CUST-00154,delivered,2026-03-11T12:26:56+00:00,5,,4,Deep Space Nine,,8197.69,credits
ORD-100345,CUST-00341,delivered,2026-04-04T23:42:50+00:00,13,,8,Starbase 11,,37726.44,credits
ORD-100346,CUST-00202,picked,2026-06-29T05:42:24+00:00,5,,4,Deep Space Nine,,280440.68,credits
ORD-100347,CUST-00265,cancelled,2026-04-16T18:50:51+00:00,14,,7,Jupiter Station,4,251640.82,credits
ORD-100348,CUST-00102,delivered,2026-06-14T01:21:54+00:00,5,,4,Deep Space Nine,,45575.35,credits
ORD-100349,CUST-00186,delivered,2026-05-20T04:10:26+00:00,20,,20,Triton Relay,,223781.28,credits
ORD-100350,CUST-00128,cancelled,2026-08-17T15:24:30+00:00,4,,5,Utopia Planitia,,10522.05,credits
ORD-100351,CUST-00088,delivered,2026-07-29T04:07:59+00:00,1,,13,Polaris,,35113.27,credits
ORD-100352,CUST-00009,delivered,2026-07-30T05:03:41+00:00,20,,20,Triton Relay,5,6921.87,credits
ORD-100353,CUST-00337,picked,2026-08-16T00:19:24+00:00,15,,10,Starbase 375,,37342.49,credits
ORD-100354,CUST-00103,delivered,2026-06-06T16:54:50+00:00,16,,11,New Horizons,,8940.24,credits
ORD-100355,CUST-00145,delivered,2026-03-22T04:51:48+00:00,9,,14,Atlantis,,8321.42,credits
ORD-100356,CUST-00399,placed,2026-03-20T23:59:05+00:00,3,,5,Utopia Planitia,6,85561.75,credits
ORD-100357,CUST-00096,cancelled,2026-08-31T16:12:30+00:00,3,,5,Utopia Planitia,4,12399.45,credits
ORD-100358,CUST-00102,delivered,2026-08-02T17:36:12+00:00,16,,11,New Horizons,,41080.54,credits
ORD-100359,CUST-00084,delivered,2026-08-10T16:00:41+00:00,13,,8,Starbase 11,,43754.00,credits
ORD-100360,CUST-00376,delivered,2026-08-06T23:53:20+00:00,2,,5,Utopia Planitia,,46987.42,credits
ORD-100361,CUST-00161,dispatched,2026-04-18T14:28:09+00:00,18,,12,Tycho Station,6,198712.60,credits
ORD-100362,CUST-00163,dispatched,2026-08-09T12:30:09+00:00,13,,8,Starbase 11,,309223.77,credits
ORD-100363,CUST-00082,dispatched,2026-07-19T02:20:45+00:00,10,,15,Medina Station,,428322.91,credits
ORD-100364,CUST-00254,delivered,2026-06-15T11:51:44+00:00,7,,22,Vesta Prime,,27512.54,credits
ORD-100365,CUST-00108,dispatched,2026-08-24T04:20:50+00:00,11,,17,Titan Base Alpha,,5144.71,credits
ORD-100366,CUST-00122,delivered,2026-07-04T15:29:38+00:00,8,,7,Jupiter Station,,199985.54,credits
ORD-100367,CUST-00399,dispatched,2026-06-30T10:38:56+00:00,2,,5,Utopia Planitia,,330556.34,credits
ORD-100368,CUST-00152,delivered,2026-04-19T00:19:16+00:00,2,,5,Utopia Planitia,,11131.33,credits
ORD-100369,CUST-00076,delivered,2026-08-08T00:07:03+00:00,15,,10,Starbase 375,8,69062.40,credits
ORD-100370,CUST-00331,dispatched,2026-06-10T02:08:09+00:00,11,,17,Titan Base Alpha,,10138.81,credits
ORD-100371,CUST-00387,delivered,2026-05-31T02:52:13+00:00,12,,18,Enceladus Outpost,,15746.21,credits
ORD-100372,CUST-00350,placed,2026-03-07T07:09:55+00:00,18,,12,Tycho Station,,3084.16,credits
ORD-100373,CUST-00071,delivered,2026-05-21T18:31:00+00:00,17,,23,Pallas Shipyard,,13180.04,credits
ORD-100374,CUST-00275,delivered,2026-08-08T10:57:16+00:00,1,,13,Polaris,,46474.53,credits
ORD-100375,CUST-00263,dispatched,2026-04-22T20:40:14+00:00,13,,8,Starbase 11,2,162036.66,credits
ORD-100376,CUST-00007,delivered,2026-04-16T00:17:59+00:00,7,,22,Vesta Prime,,23772.22,credits
ORD-100377,CUST-00111,delivered,2026-06-17T01:57:07+00:00,7,,22,Vesta Prime,,44.08,credits
ORD-100378,CUST-00016,placed,2026-04-14T22:09:13+00:00,16,,11,New Horizons,4,1479.76,credits
ORD-100379,CUST-00034,delivered,2026-08-21T08:55:12+00:00,13,,8,Starbase 11,7,76203.82,credits
ORD-100380,CUST-00119,delivered,2026-05-13T20:22:26+00:00,2,,5,Utopia Planitia,,9031.71,credits
ORD-100381,CUST-00254,delivered,2026-06-13T10:32:58+00:00,18,,12,Tycho Station,,5614.31,credits
ORD-100382,CUST-00106,delivered,2026-03-21T12:14:36+00:00,13,,8,Starbase 11,,53873.91,credits
ORD-100383,CUST-00386,placed,2026-08-31T12:19:52+00:00,7,,22,Vesta Prime,,12131.22,credits
ORD-100384,CUST-00108,picked,2026-08-11T05:52:49+00:00,18,,12,Tycho Station,,11802.70,credits
ORD-100385,CUST-00349,dispatched,2026-03-18T11:13:19+00:00,3,,5,Utopia Planitia,,187211.50,credits
ORD-100386,CUST-00304,delivered,2026-08-21T18:39:56+00:00,2,,5,Utopia Planitia,6,62431.22,credits
ORD-100387,CUST-00048,delivered,2026-05-02T04:37:55+00:00,3,,5,Utopia Planitia,,311390.53,credits
ORD-100388,CUST-00290,delivered,2026-07-16T14:18:54+00:00,13,,8,Starbase 11,10,5194.00,credits
ORD-100389,CUST-00040,delivered,2026-07-02T04:08:47+00:00,7,,22,Vesta Prime,3,102728.65,credits
ORD-100390,CUST-00356,delivered,2026-08-10T02:16:56+00:00,12,,18,Enceladus Outpost,,1176.07,credits
ORD-100391,CUST-00045,delivered,2026-04-17T16:50:00+00:00,19,,9,K-7 Station,,360551.56,credits
ORD-100392,CUST-00246,delivered,2026-04-18T20:34:54+00:00,7,,22,Vesta Prime,,324641.03,credits
ORD-100393,CUST-00038,dispatched,2026-04-12T11:25:28+00:00,19,,9,K-7 Station,,40950.85,credits
ORD-100394,CUST-00261,delivered,2026-08-13T02:27:38+00:00,14,,7,Jupiter Station,,3466.05,credits
ORD-100395,CUST-00144,delivered,2026-08-14T22:37:44+00:00,15,,10,Starbase 375,,13073.14,credits
ORD-100396,CUST-00324,delivered,2026-05-04T19:27:42+00:00,3,,5,Utopia Planitia,,197439.82,credits
ORD-100397,CUST-00186,delivered,2026-07-20T20:51:31+00:00,18,,12,Tycho Station,,142236.00,credits
ORD-100398,CUST-00075,picked,2026-08-03T13:40:31+00:00,9,,14,Atlantis,7,61951.95,credits
ORD-100399,CUST-00305,delivered,2026-06-30T01:02:54+00:00,4,,5,Utopia Planitia,,2894.46,credits
ORD-100400,CUST-00352,placed,2026-04-22T23:17:18+00:00,14,,7,Jupiter Station,,3011.52,credits
ORD-100401,CUST-00221,dispatched,2026-04-29T12:13:34+00:00,8,,7,Jupiter Station,,23710.98,credits
ORD-100402,CUST-00315,picked,2026-07-03T00:15:42+00:00,9,,14,Atlantis,,185663.44,credits
ORD-100403,CUST-00158,delivered,2026-07-27T23:56:24+00:00,14,,7,Jupiter Station,,4066.94,credits
ORD-100404,CUST-00269,placed,2026-05-22T12:13:13+00:00,11,,17,Titan Base Alpha,,123410.66,credits
ORD-100405,CUST-00161,dispatched,2026-06-12T11:24:01+00:00,12,,18,Enceladus Outpost,,47251.65,credits
ORD-100406,CUST-00131,dispatched,2026-04-28T18:41:33+00:00,12,,18,Enceladus Outpost,,130116.69,credits
ORD-100407,CUST-00025,delivered,2026-03-24T05:14:26+00:00,8,,7,Jupiter Station,10,68828.58,credits
ORD-100408,CUST-00380,delivered,2026-05-13T17:48:23+00:00,6,,12,Tycho Station,,116427.81,credits
ORD-100409,CUST-00088,delivered,2026-07-10T05:45:07+00:00,9,,14,Atlantis,,67240.57,credits
ORD-100410,CUST-00148,delivered,2026-07-14T18:45:53+00:00,15,,10,Starbase 375,,188282.59,credits
ORD-100411,CUST-00065,picked,2026-04-22T04:28:55+00:00,2,,5,Utopia Planitia,,137324.35,credits
ORD-100412,CUST-00303,delivered,2026-08-14T12:29:45+00:00,5,,4,Deep Space Nine,,9317.60,credits
ORD-100413,CUST-00328,delivered,2026-05-15T06:19:59+00:00,4,,5,Utopia Planitia,,87095.92,credits
ORD-100414,CUST-00112,placed,2026-06-04T15:27:48+00:00,17,,23,Pallas Shipyard,,243916.30,credits
ORD-100415,CUST-00264,delivered,2026-08-18T14:46:46+00:00,2,,5,Utopia Planitia,,15444.66,credits
ORD-100416,CUST-00202,placed,2026-03-11T04:27:35+00:00,8,,7,Jupiter Station,3,481.68,credits
ORD-100417,CUST-00291,placed,2026-04-23T05:59:43+00:00,9,,14,Atlantis,1,1638.50,credits
ORD-100418,CUST-00253,delivered,2026-03-21T10:33:09+00:00,4,,5,Utopia Planitia,,62245.14,credits
ORD-100419,CUST-00140,delivered,2026-07-09T16:23:26+00:00,11,,17,Titan Base Alpha,,41716.43,credits
ORD-100420,CUST-00247,delivered,2026-05-20T12:27:54+00:00,3,,5,Utopia Planitia,7,27235.82,credits
ORD-100421,CUST-00304,picked,2026-03-22T22:41:09+00:00,13,,8,Starbase 11,1,1583.04,credits
ORD-100422,CUST-00027,dispatched,2026-06-29T19:00:52+00:00,1,,13,Polaris,6,72031.40,credits
ORD-100423,CUST-00304,delivered,2026-08-05T22:32:06+00:00,10,,15,Medina Station,10,36387.09,credits
ORD-100424,CUST-00243,cancelled,2026-05-31T22:09:02+00:00,15,,10,Starbase 375,,52090.89,credits
ORD-100425,CUST-00041,delivered,2026-07-29T22:20:37+00:00,2,,5,Utopia Planitia,8,9666.65,credits
ORD-100426,CUST-00108,placed,2026-08-15T15:29:42+00:00,16,,11,New Horizons,4,49050.36,credits
ORD-100427,CUST-00204,picked,2026-06-24T15:17:58+00:00,11,,17,Titan Base Alpha,,233395.35,credits
ORD-100428,CUST-00104,placed,2026-06-15T10:43:42+00:00,6,,12,Tycho Station,6,213846.28,credits
ORD-100429,CUST-00378,delivered,2026-05-10T02:30:53+00:00,17,,23,Pallas Shipyard,,215599.03,credits
ORD-100430,CUST-00154,delivered,2026-04-28T13:03:04+00:00,2,,5,Utopia Planitia,,121213.44,credits
ORD-100431,CUST-00298,delivered,2026-07-15T10:11:34+00:00,7,,22,Vesta Prime,,8670.06,credits
ORD-100432,CUST-00011,delivered,2026-04-03T13:13:46+00:00,4,,5,Utopia Planitia,,60186.90,credits
ORD-100433,CUST-00328,cancelled,2026-03-20T15:42:39+00:00,3,,5,Utopia Planitia,,194971.26,credits
ORD-100434,CUST-00143,delivered,2026-05-31T05:09:21+00:00,3,,5,Utopia Planitia,,123554.92,credits
ORD-100435,CUST-00388,delivered,2026-03-27T23:14:53+00:00,14,,7,Jupiter Station,,189854.60,credits
ORD-100436,CUST-00022,dispatched,2026-06-24T00:20:55+00:00,2,,5,Utopia Planitia,,13240.98,credits
ORD-100437,CUST-00288,picked,2026-07-30T04:17:21+00:00,4,,5,Utopia Planitia,,36753.49,credits
ORD-100438,CUST-00211,delivered,2026-07-14T19:38:54+00:00,3,,5,Utopia Planitia,,75041.23,credits
ORD-100439,CUST-00109,dispatched,2026-03-21T13:05:42+00:00,19,,9,K-7 Station,,51325.26,credits
ORD-100440,CUST-00302,delivered,2026-03-28T05:11:41+00:00,1,,13,Polaris,6,5699.77,credits
ORD-100441,CUST-00087,cancelled,2026-05-01T12:37:26+00:00,17,,23,Pallas Shipyard,9,239889.21,credits
ORD-100442,CUST-00297,dispatched,2026-05-08T15:00:07+00:00,10,,15,Medina Station,,944.70,credits
ORD-100443,CUST-00066,delivered,2026-04-17T22:07:53+00:00,19,,9,K-7 Station,,68263.09,credits
ORD-100444,CUST-00332,delivered,2026-06-03T21:15:31+00:00,4,,5,Utopia Planitia,,67019.62,credits
ORD-100445,CUST-00031,delivered,2026-07-13T14:12:44+00:00,15,,10,Starbase 375,,14692.11,credits
ORD-100446,CUST-00009,delivered,2026-08-13T08:51:15+00:00,8,,7,Jupiter Station,,57061.69,credits
ORD-100447,CUST-00354,delivered,2026-06-16T08:37:12+00:00,18,,12,Tycho Station,4,81499.60,credits
ORD-100448,CUST-00242,delivered,2026-04-20T01:13:29+00:00,20,,20,Triton Relay,,26164.53,credits
ORD-100449,CUST-00112,placed,2026-03-25T19:07:05+00:00,12,,18,Enceladus Outpost,10,71695.84,credits
ORD-100450,CUST-00129,delivered,2026-07-16T21:48:44+00:00,20,,20,Triton Relay,,4369.90,credits
ORD-100451,CUST-00299,dispatched,2026-07-26T20:36:01+00:00,8,,7,Jupiter Station,,66200.27,credits
ORD-100452,CUST-00120,dispatched,2026-04-15T07:39:08+00:00,2,,5,Utopia Planitia,,29465.30,credits
ORD-100453,CUST-00390,delivered,2026-08-23T13:06:27+00:00,10,,15,Medina Station,,1073591.98,credits
ORD-100454,CUST-00300,dispatched,2026-06-24T14:17:20+00:00,11,,17,Titan Base Alpha,,1095.93,credits
ORD-100455,CUST-00011,delivered,2026-06-12T22:34:54+00:00,7,,22,Vesta Prime,,4194.66,credits
ORD-100456,CUST-00276,dispatched,2026-04-02T02:16:16+00:00,8,,7,Jupiter Station,10,18470.34,credits
ORD-100457,CUST-00252,delivered,2026-04-05T10:29:10+00:00,7,,22,Vesta Prime,,17568.79,credits
ORD-100458,CUST-00371,delivered,2026-03-22T20:47:38+00:00,1,,13,Polaris,,84932.28,credits
ORD-100459,CUST-00150,picked,2026-04-10T15:02:32+00:00,9,,14,Atlantis,,14024.35,credits
ORD-100460,CUST-00223,placed,2026-03-07T04:51:17+00:00,15,,10,Starbase 375,5,41578.87,credits
ORD-100461,CUST-00262,delivered,2026-05-22T00:49:39+00:00,8,,7,Jupiter Station,5,24930.41,credits
ORD-100462,CUST-00130,delivered,2026-04-01T07:33:12+00:00,17,,23,Pallas Shipyard,,45415.08,credits
ORD-100463,CUST-00034,delivered,2026-08-26T23:54:33+00:00,5,,4,Deep Space Nine,,47526.23,credits
ORD-100464,CUST-00200,delivered,2026-08-09T23:01:42+00:00,10,,15,Medina Station,,234226.54,credits
ORD-100465,CUST-00272,delivered,2026-03-06T04:29:39+00:00,17,,23,Pallas Shipyard,,46551.36,credits
ORD-100466,CUST-00150,delivered,2026-04-22T04:51:06+00:00,8,,7,Jupiter Station,,57656.30,credits
ORD-100467,CUST-00064,delivered,2026-03-13T01:46:04+00:00,18,,12,Tycho Station,,3848.43,credits
ORD-100468,CUST-00369,placed,2026-03-03T22:31:16+00:00,17,,23,Pallas Shipyard,,48346.14,credits
ORD-100469,CUST-00374,picked,2026-07-31T01:04:19+00:00,10,,15,Medina Station,,208808.40,credits
ORD-100470,CUST-00310,delivered,2026-04-01T00:37:08+00:00,3,,5,Utopia Planitia,,14034.77,credits
ORD-100471,CUST-00076,delivered,2026-05-01T13:47:02+00:00,3,,5,Utopia Planitia,,46822.49,credits
ORD-100472,CUST-00024,picked,2026-08-25T12:56:38+00:00,17,,23,Pallas Shipyard,,15472.92,credits
ORD-100473,CUST-00046,dispatched,2026-06-07T11:03:52+00:00,1,,13,Polaris,,65608.18,credits
ORD-100474,CUST-00056,delivered,2026-08-08T01:07:15+00:00,16,,11,New Horizons,,37807.18,credits
ORD-100475,CUST-00342,picked,2026-07-14T18:37:45+00:00,18,,12,Tycho Station,4,86326.02,credits
ORD-100476,CUST-00034,delivered,2026-05-13T18:51:24+00:00,10,,15,Medina Station,,483464.54,credits
ORD-100477,CUST-00152,delivered,2026-07-16T06:11:56+00:00,5,,4,Deep Space Nine,,4205.91,credits
ORD-100478,CUST-00207,cancelled,2026-07-22T05:47:13+00:00,19,,9,K-7 Station,10,7507.33,credits
ORD-100479,CUST-00159,delivered,2026-04-28T09:52:00+00:00,18,,12,Tycho Station,,223685.78,credits
ORD-100480,CUST-00282,delivered,2026-06-12T06:00:35+00:00,5,,4,Deep Space Nine,,23834.32,credits
ORD-100481,CUST-00173,delivered,2026-05-04T01:54:01+00:00,4,,5,Utopia Planitia,,64040.54,credits
ORD-100482,CUST-00200,picked,2026-03-15T00:03:04+00:00,3,,5,Utopia Planitia,,71236.42,credits
ORD-100483,CUST-00193,delivered,2026-03-15T05:55:40+00:00,17,,23,Pallas Shipyard,,80957.54,credits
ORD-100484,CUST-00113,placed,2026-05-09T13:42:08+00:00,9,,14,Atlantis,,169484.01,credits
ORD-100485,CUST-00306,placed,2026-05-28T08:01:25+00:00,5,,4,Deep Space Nine,,92596.23,credits
ORD-100486,CUST-00269,picked,2026-05-07T10:22:45+00:00,18,,12,Tycho Station,,2657.88,credits
ORD-100487,CUST-00088,delivered,2026-05-28T05:00:24+00:00,7,,22,Vesta Prime,,97493.34,credits
ORD-100488,CUST-00280,delivered,2026-05-28T05:55:37+00:00,19,,9,K-7 Station,,4789.57,credits
ORD-100489,CUST-00221,cancelled,2026-05-12T17:06:59+00:00,9,,14,Atlantis,,13595.54,credits
ORD-100490,CUST-00073,delivered,2026-07-06T18:34:52+00:00,15,,10,Starbase 375,3,98607.26,credits
ORD-100491,CUST-00175,delivered,2026-08-23T10:26:01+00:00,16,,11,New Horizons,,7356.12,credits
ORD-100492,CUST-00369,delivered,2026-06-12T16:49:51+00:00,14,,7,Jupiter Station,,28205.06,credits
ORD-100493,CUST-00088,delivered,2026-04-27T10:34:28+00:00,6,,12,Tycho Station,,8306.70,credits
ORD-100494,CUST-00090,picked,2026-07-25T19:44:46+00:00,3,,5,Utopia Planitia,,256933.52,credits
ORD-100495,CUST-00118,cancelled,2026-06-19T09:22:28+00:00,18,,12,Tycho Station,,155455.08,credits
ORD-100496,CUST-00321,delivered,2026-07-08T19:28:17+00:00,18,,12,Tycho Station,,233735.71,credits
ORD-100497,CUST-00197,delivered,2026-04-08T06:31:47+00:00,18,,12,Tycho Station,,4737.48,credits
ORD-100498,CUST-00122,delivered,2026-03-14T03:10:17+00:00,12,,18,Enceladus Outpost,,237448.15,credits
ORD-100499,CUST-00269,delivered,2026-06-26T23:36:54+00:00,13,,8,Starbase 11,,171303.25,credits
ORD-100500,CUST-00085,delivered,2026-03-21T10:24:10+00:00,9,,14,Atlantis,,34400.88,credits
ORD-100501,CUST-00352,dispatched,2026-03-27T12:54:35+00:00,12,,18,Enceladus Outpost,,27084.81,credits
ORD-100502,CUST-00396,dispatched,2026-05-06T22:21:37+00:00,10,,15,Medina Station,,47930.35,credits
ORD-100503,CUST-00108,picked,2026-05-18T23:11:23+00:00,13,,8,Starbase 11,,16946.00,credits
ORD-100504,CUST-00318,delivered,2026-06-16T19:17:54+00:00,7,,22,Vesta Prime,,12633.97,credits
ORD-100505,CUST-00197,cancelled,2026-07-14T11:08:15+00:00,20,,20,Triton Relay,10,3347.60,credits
ORD-100506,CUST-00264,delivered,2026-07-21T13:26:03+00:00,17,,23,Pallas Shipyard,,1980.42,credits
ORD-100507,CUST-00362,delivered,2026-07-09T04:19:39+00:00,11,,17,Titan Base Alpha,,28745.18,credits
ORD-100508,CUST-00022,delivered,2026-05-18T10:21:30+00:00,5,,4,Deep Space Nine,,12014.20,credits
ORD-100509,CUST-00156,delivered,2026-07-12T09:41:26+00:00,10,,15,Medina Station,,11466.07,credits
ORD-100510,CUST-00036,delivered,2026-04-25T23:00:56+00:00,17,,23,Pallas Shipyard,9,72037.93,credits
ORD-100511,CUST-00177,dispatched,2026-07-15T10:16:47+00:00,1,,13,Polaris,,288081.92,credits
ORD-100512,CUST-00080,delivered,2026-03-09T12:03:35+00:00,19,,9,K-7 Station,,219636.83,credits
ORD-100513,CUST-00102,delivered,2026-08-31T05:06:46+00:00,15,,10,Starbase 375,,184614.61,credits
ORD-100514,CUST-00074,delivered,2026-04-12T00:36:21+00:00,8,,7,Jupiter Station,,78453.88,credits
ORD-100515,CUST-00093,delivered,2026-08-02T21:57:38+00:00,15,,10,Starbase 375,,180463.83,credits
ORD-100516,CUST-00266,dispatched,2026-04-03T08:48:35+00:00,8,,7,Jupiter Station,,52350.90,credits
ORD-100517,CUST-00292,delivered,2026-05-29T09:15:59+00:00,15,,10,Starbase 375,,24799.94,credits
ORD-100518,CUST-00178,delivered,2026-04-23T08:41:55+00:00,6,,12,Tycho Station,,11477.59,credits
ORD-100519,CUST-00043,delivered,2026-08-23T03:13:10+00:00,7,,22,Vesta Prime,2,10236.96,credits
ORD-100520,CUST-00382,picked,2026-03-30T23:02:28+00:00,3,,5,Utopia Planitia,,42488.61,credits
ORD-100521,CUST-00070,delivered,2026-08-17T06:27:24+00:00,11,,17,Titan Base Alpha,,13623.62,credits
ORD-100522,CUST-00155,dispatched,2026-03-27T17:43:25+00:00,17,,23,Pallas Shipyard,,8320.90,credits
ORD-100523,CUST-00296,dispatched,2026-04-04T11:22:46+00:00,11,,17,Titan Base Alpha,,508.88,credits
ORD-100524,CUST-00292,picked,2026-05-28T06:27:59+00:00,20,,20,Triton Relay,,57937.90,credits
ORD-100525,CUST-00184,delivered,2026-05-23T15:59:03+00:00,18,,12,Tycho Station,,16625.33,credits
ORD-100526,CUST-00031,delivered,2026-08-01T16:41:57+00:00,6,,12,Tycho Station,,13834.63,credits
ORD-100527,CUST-00147,placed,2026-05-03T13:53:11+00:00,2,,5,Utopia Planitia,6,37328.64,credits
ORD-100528,CUST-00127,delivered,2026-07-01T16:07:02+00:00,9,,14,Atlantis,5,11552.62,credits
ORD-100529,CUST-00142,dispatched,2026-07-04T18:01:55+00:00,3,,5,Utopia Planitia,,18042.24,credits
ORD-100530,CUST-00044,placed,2026-07-09T01:52:55+00:00,7,,22,Vesta Prime,,110479.92,credits
ORD-100531,CUST-00148,cancelled,2026-07-14T06:01:01+00:00,12,,18,Enceladus Outpost,,4242.78,credits
ORD-100532,CUST-00290,delivered,2026-04-16T10:12:42+00:00,14,,7,Jupiter Station,,403807.94,credits
ORD-100533,CUST-00224,delivered,2026-03-21T03:03:28+00:00,5,,4,Deep Space Nine,4,51080.86,credits
ORD-100534,CUST-00135,delivered,2026-04-30T10:15:42+00:00,19,,9,K-7 Station,,620.90,credits
ORD-100535,CUST-00020,delivered,2026-05-16T18:28:43+00:00,19,,9,K-7 Station,,12659.66,credits
ORD-100536,CUST-00051,delivered,2026-04-25T06:47:44+00:00,5,,4,Deep Space Nine,,272574.04,credits
ORD-100537,CUST-00035,delivered,2026-04-12T17:51:05+00:00,9,,14,Atlantis,,42673.38,credits
ORD-100538,CUST-00400,delivered,2026-06-23T17:32:40+00:00,19,,9,K-7 Station,,29853.36,credits
ORD-100539,CUST-00156,dispatched,2026-04-05T17:11:03+00:00,18,,12,Tycho Station,6,30173.60,credits
ORD-100540,CUST-00164,picked,2026-08-18T19:42:27+00:00,16,,11,New Horizons,,16261.01,credits
ORD-100541,CUST-00287,delivered,2026-04-08T03:16:57+00:00,17,,23,Pallas Shipyard,,1522.81,credits
ORD-100542,CUST-00091,delivered,2026-05-12T14:37:51+00:00,16,,11,New Horizons,,12398.48,credits
ORD-100543,CUST-00145,delivered,2026-06-05T14:32:19+00:00,20,,20,Triton Relay,,226655.45,credits
ORD-100544,CUST-00082,delivered,2026-07-27T12:34:44+00:00,12,,18,Enceladus Outpost,,3089.33,credits
ORD-100545,CUST-00078,delivered,2026-06-22T19:40:52+00:00,17,,23,Pallas Shipyard,1,28738.10,credits
ORD-100546,CUST-00001,cancelled,2026-04-17T08:48:19+00:00,11,,17,Titan Base Alpha,5,8800.64,credits
ORD-100547,CUST-00254,picked,2026-05-07T15:57:58+00:00,5,,4,Deep Space Nine,6,57690.11,credits
ORD-100548,CUST-00383,picked,2026-07-11T17:09:06+00:00,3,,5,Utopia Planitia,,18693.89,credits
ORD-100549,CUST-00140,dispatched,2026-06-22T17:28:19+00:00,3,,5,Utopia Planitia,,31024.49,credits
ORD-100550,CUST-00047,delivered,2026-05-27T02:30:05+00:00,11,,17,Titan Base Alpha,,13370.03,credits
ORD-100551,CUST-00161,cancelled,2026-06-14T19:03:24+00:00,8,,7,Jupiter Station,,591.30,credits
ORD-100552,CUST-00249,placed,2026-03-13T09:58:24+00:00,1,,13,Polaris,,2215.15,credits
ORD-100553,CUST-00193,delivered,2026-07-21T11:31:48+00:00,9,,14,Atlantis,,42918.29,credits
ORD-100554,CUST-00114,delivered,2026-07-08T12:50:08+00:00,7,,22,Vesta Prime,3,11877.65,credits
ORD-100555,CUST-00172,delivered,2026-08-03T03:11:09+00:00,20,,20,Triton Relay,,589.20,credits
ORD-100556,CUST-00392,picked,2026-08-04T16:52:16+00:00,11,,17,Titan Base Alpha,2,895.06,credits
ORD-100557,CUST-00274,delivered,2026-08-11T15:35:08+00:00,17,,23,Pallas Shipyard,9,6046.60,credits
ORD-100558,CUST-00140,cancelled,2026-04-04T23:07:58+00:00,15,,10,Starbase 375,,294596.82,credits
ORD-100559,CUST-00085,delivered,2026-04-22T11:52:40+00:00,2,,5,Utopia Planitia,,22722.73,credits
ORD-100560,CUST-00356,delivered,2026-07-07T10:47:09+00:00,8,,7,Jupiter Station,,18736.60,credits
ORD-100561,CUST-00315,cancelled,2026-08-22T02:57:30+00:00,16,,11,New Horizons,,306871.11,credits
ORD-100562,CUST-00182,delivered,2026-08-15T08:21:45+00:00,1,,13,Polaris,,6512.04,credits
ORD-100563,CUST-00075,delivered,2026-08-07T22:50:40+00:00,9,,14,Atlantis,,11125.83,credits
ORD-100564,CUST-00264,delivered,2026-06-17T01:52:34+00:00,3,,5,Utopia Planitia,5,10696.15,credits
ORD-100565,CUST-00283,delivered,2026-03-04T16:32:49+00:00,4,,5,Utopia Planitia,,35721.57,credits
ORD-100566,CUST-00231,delivered,2026-05-04T03:09:07+00:00,5,,4,Deep Space Nine,2,682648.10,credits
ORD-100567,CUST-00264,delivered,2026-08-30T00:11:14+00:00,2,,5,Utopia Planitia,,487.46,credits
ORD-100568,CUST-00059,delivered,2026-03-08T02:18:03+00:00,2,,5,Utopia Planitia,,56279.50,credits
ORD-100569,CUST-00262,dispatched,2026-07-02T03:02:00+00:00,2,,5,Utopia Planitia,,95350.12,credits
ORD-100570,CUST-00002,cancelled,2026-05-11T02:00:57+00:00,12,,18,Enceladus Outpost,,88003.10,credits
ORD-100571,CUST-00332,delivered,2026-06-03T15:02:33+00:00,13,,8,Starbase 11,2,351496.00,credits
ORD-100572,CUST-00151,delivered,2026-04-06T17:27:35+00:00,18,,12,Tycho Station,,33206.11,credits
ORD-100573,CUST-00190,dispatched,2026-06-18T19:15:08+00:00,19,,9,K-7 Station,,181236.23,credits
ORD-100574,CUST-00392,delivered,2026-06-25T18:23:59+00:00,12,,18,Enceladus Outpost,,292655.59,credits
ORD-100575,CUST-00234,picked,2026-08-28T19:45:37+00:00,10,,15,Medina Station,,6163.35,credits
ORD-100576,CUST-00207,dispatched,2026-06-20T16:08:00+00:00,5,,4,Deep Space Nine,10,79767.87,credits
ORD-100577,CUST-00001,delivered,2026-03-05T01:29:10+00:00,19,,9,K-7 Station,7,30713.20,credits
ORD-100578,CUST-00287,delivered,2026-05-23T20:58:52+00:00,20,,20,Triton Relay,,6509.40,credits
ORD-100579,CUST-00038,delivered,2026-07-17T18:23:00+00:00,13,,8,Starbase 11,,3648.29,credits
ORD-100580,CUST-00042,dispatched,2026-06-01T00:30:16+00:00,2,,5,Utopia Planitia,,34270.73,credits
ORD-100581,CUST-00288,delivered,2026-08-26T17:36:13+00:00,11,,17,Titan Base Alpha,,962.56,credits
ORD-100582,CUST-00376,delivered,2026-08-07T17:05:13+00:00,3,,5,Utopia Planitia,,3675.24,credits
ORD-100583,CUST-00340,dispatched,2026-06-12T07:21:55+00:00,20,,20,Triton Relay,,70573.08,credits
ORD-100584,CUST-00140,placed,2026-06-20T08:57:19+00:00,18,,12,Tycho Station,,4248.20,credits
ORD-100585,CUST-00278,delivered,2026-04-19T04:34:03+00:00,17,,23,Pallas Shipyard,,9500.74,credits
ORD-100586,CUST-00185,delivered,2026-08-06T00:38:02+00:00,15,,10,Starbase 375,7,383.70,credits
ORD-100587,CUST-00308,picked,2026-04-29T09:45:28+00:00,4,,5,Utopia Planitia,2,11862.24,credits
ORD-100588,CUST-00350,delivered,2026-03-14T02:43:11+00:00,13,,8,Starbase 11,1,255657.69,credits
ORD-100589,CUST-00031,delivered,2026-04-10T20:43:43+00:00,1,,13,Polaris,,326560.18,credits
ORD-100590,CUST-00023,delivered,2026-03-26T19:13:19+00:00,16,,11,New Horizons,,42294.50,credits
ORD-100591,CUST-00065,delivered,2026-04-24T19:57:11+00:00,2,,5,Utopia Planitia,,49387.54,credits
ORD-100592,CUST-00076,delivered,2026-06-01T16:17:44+00:00,2,,5,Utopia Planitia,7,39165.99,credits
ORD-100593,CUST-00358,placed,2026-04-27T00:04:31+00:00,12,,18,Enceladus Outpost,,292804.68,credits
ORD-100594,CUST-00109,dispatched,2026-05-20T05:37:03+00:00,13,,8,Starbase 11,,3698.80,credits
ORD-100595,CUST-00113,delivered,2026-05-18T07:00:09+00:00,8,,7,Jupiter Station,1,21420.58,credits
ORD-100596,CUST-00145,delivered,2026-06-25T18:47:37+00:00,11,,17,Titan Base Alpha,,7820.89,credits
ORD-100597,CUST-00092,dispatched,2026-08-25T04:00:58+00:00,1,,13,Polaris,,38762.96,credits
ORD-100598,CUST-00116,dispatched,2026-03-02T11:21:35+00:00,18,,12,Tycho Station,,6825.02,credits
ORD-100599,CUST-00238,delivered,2026-04-12T12:38:09+00:00,16,,11,New Horizons,9,24359.62,credits
ORD-100600,CUST-00337,picked,2026-07-10T20:59:53+00:00,4,,5,Utopia Planitia,,46050.37,credits
ORD-100601,CUST-00118,cancelled,2026-08-17T23:08:59+00:00,5,,4,Deep Space Nine,2,4466.60,credits
ORD-100602,CUST-00384,picked,2026-03-29T15:22:54+00:00,17,,23,Pallas Shipyard,,21694.75,credits
ORD-100603,CUST-00066,delivered,2026-05-02T19:14:59+00:00,4,,5,Utopia Planitia,,51776.11,credits
ORD-100604,CUST-00068,placed,2026-08-23T19:02:55+00:00,3,,5,Utopia Planitia,10,14107.76,credits
ORD-100605,CUST-00082,dispatched,2026-07-14T12:25:10+00:00,19,,9,K-7 Station,,5600.25,credits
ORD-100606,CUST-00250,placed,2026-07-07T01:19:37+00:00,1,,13,Polaris,,31870.59,credits
ORD-100607,CUST-00147,delivered,2026-05-16T11:00:19+00:00,9,,14,Atlantis,,79378.96,credits
ORD-100608,CUST-00061,cancelled,2026-05-15T16:40:56+00:00,3,,5,Utopia Planitia,,8351.30,credits
ORD-100609,CUST-00021,cancelled,2026-07-05T06:35:21+00:00,18,,12,Tycho Station,,21856.35,credits
ORD-100610,CUST-00123,cancelled,2026-05-12T07:14:15+00:00,5,,4,Deep Space Nine,,2184.46,credits
ORD-100611,CUST-00134,delivered,2026-03-09T11:46:17+00:00,7,,22,Vesta Prime,,17619.92,credits
ORD-100612,CUST-00233,delivered,2026-07-29T02:27:13+00:00,13,,8,Starbase 11,,330261.97,credits
ORD-100613,CUST-00005,delivered,2026-05-25T05:07:54+00:00,19,,9,K-7 Station,,389450.57,credits
ORD-100614,CUST-00302,dispatched,2026-05-08T05:26:52+00:00,4,,5,Utopia Planitia,5,26372.08,credits
ORD-100615,CUST-00029,delivered,2026-07-24T16:52:22+00:00,15,,10,Starbase 375,,508.42,credits
ORD-100616,CUST-00286,dispatched,2026-05-21T13:50:21+00:00,9,,14,Atlantis,,77345.22,credits
ORD-100617,CUST-00068,delivered,2026-06-19T01:41:52+00:00,19,,9,K-7 Station,,26384.26,credits
ORD-100618,CUST-00189,delivered,2026-08-14T05:46:08+00:00,11,,17,Titan Base Alpha,,2793.68,credits
ORD-100619,CUST-00155,delivered,2026-07-25T11:45:09+00:00,8,,7,Jupiter Station,4,106718.80,credits
ORD-100620,CUST-00372,delivered,2026-05-03T07:50:22+00:00,16,,11,New Horizons,,171405.73,credits
ORD-100621,CUST-00204,delivered,2026-03-13T06:24:02+00:00,3,,5,Utopia Planitia,,14397.00,credits
ORD-100622,CUST-00284,delivered,2026-07-21T20:27:59+00:00,8,,7,Jupiter Station,,15166.72,credits
ORD-100623,CUST-00386,dispatched,2026-04-03T21:43:40+00:00,9,,14,Atlantis,,174023.78,credits
ORD-100624,CUST-00094,dispatched,2026-05-26T07:00:31+00:00,20,,20,Triton Relay,,17547.57,credits
ORD-100625,CUST-00063,dispatched,2026-05-22T01:32:50+00:00,18,,12,Tycho Station,,4501.17,credits
ORD-100626,CUST-00243,picked,2026-06-07T13:46:17+00:00,12,,18,Enceladus Outpost,,19235.32,credits
ORD-100627,CUST-00037,delivered,2026-07-23T06:37:20+00:00,3,,5,Utopia Planitia,,20115.51,credits
ORD-100628,CUST-00010,delivered,2026-04-13T23:42:05+00:00,9,,14,Atlantis,1,338.08,credits
ORD-100629,CUST-00273,delivered,2026-08-13T19:49:11+00:00,19,,9,K-7 Station,9,8610.79,credits
ORD-100630,CUST-00272,delivered,2026-08-07T19:05:40+00:00,18,,12,Tycho Station,,775.83,credits
ORD-100631,CUST-00120,placed,2026-04-07T18:40:29+00:00,4,,5,Utopia Planitia,2,23648.64,credits
ORD-100632,CUST-00146,delivered,2026-03-02T13:44:02+00:00,16,,11,New Horizons,7,388239.60,credits
ORD-100633,CUST-00241,delivered,2026-03-10T14:05:07+00:00,7,,22,Vesta Prime,,600.78,credits
ORD-100634,CUST-00356,delivered,2026-07-30T02:54:20+00:00,12,,18,Enceladus Outpost,6,194998.72,credits
ORD-100635,CUST-00179,delivered,2026-06-14T14:18:14+00:00,10,,15,Medina Station,,280687.98,credits
ORD-100636,CUST-00025,delivered,2026-05-24T22:11:07+00:00,19,,9,K-7 Station,8,141068.03,credits
ORD-100637,CUST-00364,delivered,2026-06-03T01:19:17+00:00,14,,7,Jupiter Station,,310.04,credits
ORD-100638,CUST-00291,dispatched,2026-03-08T11:33:45+00:00,2,,5,Utopia Planitia,,184019.56,credits
ORD-100639,CUST-00322,delivered,2026-03-01T02:14:59+00:00,16,,11,New Horizons,,97715.83,credits
ORD-100640,CUST-00081,delivered,2026-03-09T07:42:28+00:00,5,,4,Deep Space Nine,,225379.14,credits
ORD-100641,CUST-00334,delivered,2026-08-29T15:28:56+00:00,11,,17,Titan Base Alpha,5,208.51,credits
ORD-100642,CUST-00030,delivered,2026-04-28T10:11:28+00:00,5,,4,Deep Space Nine,,13914.01,credits
ORD-100643,CUST-00005,picked,2026-03-05T00:28:54+00:00,5,,4,Deep Space Nine,,91882.10,credits
ORD-100644,CUST-00219,delivered,2026-07-01T05:15:01+00:00,5,,4,Deep Space Nine,,8006.44,credits
ORD-100645,CUST-00235,delivered,2026-07-27T23:26:58+00:00,3,,5,Utopia Planitia,,150832.01,credits
ORD-100646,CUST-00212,delivered,2026-08-07T02:11:09+00:00,4,,5,Utopia Planitia,,100014.25,credits
ORD-100647,CUST-00145,delivered,2026-07-08T02:05:03+00:00,9,,14,Atlantis,4,5257.54,credits
ORD-100648,CUST-00381,delivered,2026-03-13T19:39:16+00:00,20,,20,Triton Relay,,39844.43,credits
ORD-100649,CUST-00073,delivered,2026-06-08T12:11:24+00:00,16,,11,New Horizons,,158938.80,credits
ORD-100650,CUST-00379,delivered,2026-08-25T00:55:23+00:00,1,,13,Polaris,,109756.40,credits
ORD-100651,CUST-00350,dispatched,2026-07-06T19:47:20+00:00,15,,10,Starbase 375,,685.44,credits
ORD-100652,CUST-00255,delivered,2026-05-21T04:51:38+00:00,16,,11,New Horizons,6,25638.88,credits
ORD-100653,CUST-00037,dispatched,2026-06-14T04:41:26+00:00,11,,17,Titan Base Alpha,6,10927.14,credits
ORD-100654,CUST-00022,picked,2026-06-05T18:34:54+00:00,14,,7,Jupiter Station,,31371.91,credits
ORD-100655,CUST-00115,delivered,2026-03-17T09:32:42+00:00,6,,12,Tycho Station,3,89498.04,credits
ORD-100656,CUST-00206,picked,2026-03-03T21:00:02+00:00,10,,15,Medina Station,,45933.30,credits
ORD-100657,CUST-00199,delivered,2026-07-24T12:40:25+00:00,6,,12,Tycho Station,,29378.84,credits
ORD-100658,CUST-00112,dispatched,2026-08-16T19:16:34+00:00,10,,15,Medina Station,,25821.75,credits
ORD-100659,CUST-00291,delivered,2026-03-24T16:06:41+00:00,4,,5,Utopia Planitia,,931.55,credits
ORD-100660,CUST-00217,delivered,2026-03-06T03:00:20+00:00,14,,7,Jupiter Station,,86360.52,credits
ORD-100661,CUST-00282,delivered,2026-05-30T07:11:54+00:00,1,,13,Polaris,7,337491.55,credits
ORD-100662,CUST-00209,delivered,2026-07-08T16:50:10+00:00,3,,5,Utopia Planitia,9,35241.33,credits
ORD-100663,CUST-00179,delivered,2026-06-27T23:44:01+00:00,6,,12,Tycho Station,,5414.40,credits
ORD-100664,CUST-00298,delivered,2026-03-02T14:26:07+00:00,6,,12,Tycho Station,,5690.60,credits
ORD-100665,CUST-00355,delivered,2026-05-29T18:36:57+00:00,10,,15,Medina Station,1,276504.49,credits
ORD-100666,CUST-00392,delivered,2026-05-16T18:39:25+00:00,15,,10,Starbase 375,,174367.07,credits
ORD-100667,CUST-00255,delivered,2026-07-22T16:54:19+00:00,9,,14,Atlantis,,9951.98,credits
ORD-100668,CUST-00205,delivered,2026-07-16T05:42:40+00:00,19,,9,K-7 Station,7,4969.87,credits
ORD-100669,CUST-00235,delivered,2026-06-10T01:21:30+00:00,2,,5,Utopia Planitia,,54484.17,credits
ORD-100670,CUST-00178,placed,2026-04-30T23:24:48+00:00,14,,7,Jupiter Station,,11020.21,credits
ORD-100671,CUST-00348,delivered,2026-03-27T06:52:28+00:00,13,,8,Starbase 11,,20334.88,credits
ORD-100672,CUST-00010,delivered,2026-07-14T09:19:16+00:00,4,,5,Utopia Planitia,,62622.17,credits
ORD-100673,CUST-00206,delivered,2026-04-12T05:11:54+00:00,12,,18,Enceladus Outpost,3,19609.23,credits
ORD-100674,CUST-00151,dispatched,2026-03-08T10:00:31+00:00,15,,10,Starbase 375,,334717.12,credits
ORD-100675,CUST-00112,delivered,2026-04-12T20:09:40+00:00,4,,5,Utopia Planitia,,123468.16,credits
ORD-100676,CUST-00127,delivered,2026-05-28T11:08:45+00:00,20,,20,Triton Relay,,50933.67,credits
ORD-100677,CUST-00230,delivered,2026-03-15T07:48:23+00:00,3,,5,Utopia Planitia,1,204355.41,credits
ORD-100678,CUST-00375,delivered,2026-03-29T18:29:12+00:00,10,,15,Medina Station,,636.30,credits
ORD-100679,CUST-00016,picked,2026-04-19T20:33:58+00:00,8,,7,Jupiter Station,,6969.08,credits
ORD-100680,CUST-00308,delivered,2026-06-18T06:00:18+00:00,6,,12,Tycho Station,,459465.28,credits
ORD-100681,CUST-00355,delivered,2026-06-13T12:31:05+00:00,10,,15,Medina Station,,14595.59,credits
ORD-100682,CUST-00034,dispatched,2026-04-27T18:37:50+00:00,10,,15,Medina Station,,5653.60,credits
ORD-100683,CUST-00284,dispatched,2026-07-01T16:49:33+00:00,11,,17,Titan Base Alpha,4,165116.15,credits
ORD-100684,CUST-00190,delivered,2026-04-13T14:47:37+00:00,15,,10,Starbase 375,,15914.91,credits
ORD-100685,CUST-00232,placed,2026-06-27T05:33:25+00:00,3,,5,Utopia Planitia,,129379.41,credits
ORD-100686,CUST-00268,dispatched,2026-03-22T17:07:49+00:00,4,,5,Utopia Planitia,,4367.22,credits
ORD-100687,CUST-00276,cancelled,2026-05-10T14:29:36+00:00,3,,5,Utopia Planitia,,8150.10,credits
ORD-100688,CUST-00025,dispatched,2026-05-20T21:20:12+00:00,12,,18,Enceladus Outpost,,39947.82,credits
ORD-100689,CUST-00063,delivered,2026-05-01T03:54:32+00:00,19,,9,K-7 Station,4,37241.35,credits
ORD-100690,CUST-00237,picked,2026-06-11T16:46:38+00:00,7,,22,Vesta Prime,,17809.94,credits
ORD-100691,CUST-00206,dispatched,2026-05-02T02:41:21+00:00,19,,9,K-7 Station,,116891.92,credits
ORD-100692,CUST-00096,delivered,2026-05-28T05:29:01+00:00,12,,18,Enceladus Outpost,7,4336.93,credits
ORD-100693,CUST-00267,delivered,2026-06-05T08:02:23+00:00,3,,5,Utopia Planitia,,22326.73,credits
ORD-100694,CUST-00005,delivered,2026-04-06T08:43:17+00:00,9,,14,Atlantis,,1322.82,credits
ORD-100695,CUST-00012,delivered,2026-06-14T16:29:48+00:00,19,,9,K-7 Station,8,285419.47,credits
ORD-100696,CUST-00233,picked,2026-07-04T17:07:50+00:00,5,,4,Deep Space Nine,,340.55,credits
ORD-100697,CUST-00055,delivered,2026-05-09T16:57:04+00:00,13,,8,Starbase 11,,49830.20,credits
ORD-100698,CUST-00120,delivered,2026-06-12T00:38:00+00:00,7,,22,Vesta Prime,,13144.54,credits
ORD-100699,CUST-00203,dispatched,2026-05-29T08:04:01+00:00,5,,4,Deep Space Nine,1,8985.02,credits
ORD-100700,CUST-00290,dispatched,2026-04-10T15:45:39+00:00,7,,22,Vesta Prime,,1770.60,credits
ORD-100701,CUST-00279,delivered,2026-03-08T05:23:05+00:00,15,,10,Starbase 375,,9005.52,credits
ORD-100702,CUST-00110,picked,2026-06-16T00:09:34+00:00,6,,12,Tycho Station,,22611.99,credits
ORD-100703,CUST-00205,delivered,2026-08-25T11:12:26+00:00,15,,10,Starbase 375,3,30390.06,credits
ORD-100704,CUST-00050,picked,2026-05-02T01:41:28+00:00,16,,11,New Horizons,,66476.15,credits
ORD-100705,CUST-00088,picked,2026-03-24T05:07:01+00:00,6,,12,Tycho Station,,28402.14,credits
ORD-100706,CUST-00130,delivered,2026-08-29T07:26:03+00:00,11,,17,Titan Base Alpha,,23113.08,credits
ORD-100707,CUST-00332,dispatched,2026-03-04T05:26:41+00:00,13,,8,Starbase 11,,272255.16,credits
ORD-100708,CUST-00067,picked,2026-06-13T18:42:07+00:00,16,,11,New Horizons,,24308.38,credits
ORD-100709,CUST-00164,delivered,2026-07-27T17:27:50+00:00,18,,12,Tycho Station,7,14456.32,credits
ORD-100710,CUST-00138,dispatched,2026-06-25T03:36:02+00:00,10,,15,Medina Station,,2119.16,credits
ORD-100711,CUST-00224,placed,2026-03-12T08:32:27+00:00,10,,15,Medina Station,,20425.86,credits
ORD-100712,CUST-00139,delivered,2026-03-11T11:57:21+00:00,15,,10,Starbase 375,10,346694.04,credits
ORD-100713,CUST-00128,cancelled,2026-08-30T00:37:54+00:00,10,,15,Medina Station,,36908.66,credits
ORD-100714,CUST-00048,delivered,2026-07-24T02:54:55+00:00,13,,8,Starbase 11,,282194.63,credits
ORD-100715,CUST-00306,dispatched,2026-07-10T02:20:05+00:00,19,,9,K-7 Station,,5687.96,credits
ORD-100716,CUST-00133,dispatched,2026-07-07T14:20:24+00:00,11,,17,Titan Base Alpha,,109060.32,credits
ORD-100717,CUST-00361,delivered,2026-06-12T20:46:01+00:00,9,,14,Atlantis,1,2774.19,credits
ORD-100718,CUST-00393,dispatched,2026-03-01T02:31:16+00:00,10,,15,Medina Station,,4162.26,credits
ORD-100719,CUST-00184,delivered,2026-06-14T02:10:39+00:00,7,,22,Vesta Prime,,25807.16,credits
ORD-100720,CUST-00036,cancelled,2026-08-09T01:29:38+00:00,6,,12,Tycho Station,,3290.02,credits
ORD-100721,CUST-00089,dispatched,2026-03-15T14:05:01+00:00,8,,7,Jupiter Station,,1311.32,credits
ORD-100722,CUST-00322,delivered,2026-03-18T07:54:40+00:00,14,,7,Jupiter Station,5,28871.99,credits
ORD-100723,CUST-00256,delivered,2026-05-19T10:48:06+00:00,7,,22,Vesta Prime,4,880.97,credits
ORD-100724,CUST-00215,delivered,2026-05-29T20:13:23+00:00,13,,8,Starbase 11,,350446.45,credits
ORD-100725,CUST-00155,dispatched,2026-04-02T19:47:48+00:00,5,,4,Deep Space Nine,,14683.00,credits
ORD-100726,CUST-00089,delivered,2026-06-11T17:35:05+00:00,1,,13,Polaris,,304334.94,credits
ORD-100727,CUST-00347,delivered,2026-05-13T03:02:11+00:00,19,,9,K-7 Station,,34076.87,credits
ORD-100728,CUST-00016,delivered,2026-08-29T01:12:10+00:00,4,,5,Utopia Planitia,,13781.55,credits
ORD-100729,CUST-00026,delivered,2026-03-23T22:31:47+00:00,3,,5,Utopia Planitia,1,1645.84,credits
ORD-100730,CUST-00080,delivered,2026-08-23T14:21:14+00:00,12,,18,Enceladus Outpost,,33729.39,credits
ORD-100731,CUST-00228,delivered,2026-03-01T15:53:09+00:00,17,,23,Pallas Shipyard,,15379.98,credits
ORD-100732,CUST-00397,dispatched,2026-07-16T03:57:57+00:00,4,,5,Utopia Planitia,,202258.63,credits
ORD-100733,CUST-00371,delivered,2026-06-02T12:38:42+00:00,18,,12,Tycho Station,,190718.95,credits
ORD-100734,CUST-00350,delivered,2026-03-17T01:47:07+00:00,12,,18,Enceladus Outpost,,6190.05,credits
ORD-100735,CUST-00187,delivered,2026-08-14T07:01:00+00:00,2,,5,Utopia Planitia,,114011.73,credits
ORD-100736,CUST-00024,delivered,2026-03-26T17:05:05+00:00,5,,4,Deep Space Nine,8,215816.27,credits
ORD-100737,CUST-00080,delivered,2026-07-08T03:08:34+00:00,16,,11,New Horizons,,8349.00,credits
ORD-100738,CUST-00392,delivered,2026-07-06T19:29:10+00:00,19,,9,K-7 Station,,1608.73,credits
ORD-100739,CUST-00396,delivered,2026-06-17T14:13:03+00:00,9,,14,Atlantis,,13541.04,credits
ORD-100740,CUST-00118,delivered,2026-08-18T02:53:19+00:00,16,,11,New Horizons,,401797.20,credits
ORD-100741,CUST-00089,delivered,2026-05-06T14:26:27+00:00,11,,17,Titan Base Alpha,,6256.40,credits
ORD-100742,CUST-00362,dispatched,2026-05-26T21:44:01+00:00,7,,22,Vesta Prime,,18574.36,credits
ORD-100743,CUST-00120,delivered,2026-03-15T10:38:54+00:00,6,,12,Tycho Station,,15236.58,credits
ORD-100744,CUST-00165,placed,2026-06-24T16:16:09+00:00,14,,7,Jupiter Station,,250130.68,credits
ORD-100745,CUST-00093,delivered,2026-04-23T05:11:41+00:00,16,,11,New Horizons,,23764.14,credits
ORD-100746,CUST-00251,picked,2026-08-03T08:53:35+00:00,14,,7,Jupiter Station,,20598.31,credits
ORD-100747,CUST-00207,dispatched,2026-07-20T08:31:53+00:00,19,,9,K-7 Station,,499300.20,credits
ORD-100748,CUST-00037,delivered,2026-06-27T14:11:16+00:00,15,,10,Starbase 375,,79635.77,credits
ORD-100749,CUST-00228,delivered,2026-05-01T05:48:31+00:00,14,,7,Jupiter Station,4,210513.99,credits
ORD-100750,CUST-00025,delivered,2026-07-23T06:37:31+00:00,10,,15,Medina Station,7,603683.56,credits
ORD-100751,CUST-00002,cancelled,2026-07-05T09:56:52+00:00,14,,7,Jupiter Station,,66638.62,credits
ORD-100752,CUST-00122,dispatched,2026-03-09T01:09:51+00:00,20,,20,Triton Relay,,483595.82,credits
ORD-100753,CUST-00374,delivered,2026-05-26T07:12:56+00:00,8,,7,Jupiter Station,,51015.36,credits
ORD-100754,CUST-00276,delivered,2026-05-28T03:09:15+00:00,1,,13,Polaris,,181816.05,credits
ORD-100755,CUST-00082,delivered,2026-03-04T03:30:23+00:00,3,,5,Utopia Planitia,,236241.01,credits
ORD-100756,CUST-00261,delivered,2026-05-04T07:01:00+00:00,13,,8,Starbase 11,,16521.61,credits
ORD-100757,CUST-00139,dispatched,2026-04-18T03:19:15+00:00,2,,5,Utopia Planitia,6,27721.37,credits
ORD-100758,CUST-00303,picked,2026-08-11T15:31:02+00:00,15,,10,Starbase 375,,41711.33,credits
ORD-100759,CUST-00221,delivered,2026-08-10T10:40:32+00:00,16,,11,New Horizons,,175560.72,credits
ORD-100760,CUST-00070,placed,2026-04-14T02:50:37+00:00,13,,8,Starbase 11,,55391.31,credits
ORD-100761,CUST-00201,dispatched,2026-07-21T09:28:11+00:00,6,,12,Tycho Station,,1637.59,credits
ORD-100762,CUST-00093,delivered,2026-03-24T18:11:38+00:00,1,,13,Polaris,3,13293.92,credits
ORD-100763,CUST-00228,delivered,2026-04-04T02:36:14+00:00,2,,5,Utopia Planitia,6,124023.25,credits
ORD-100764,CUST-00238,cancelled,2026-03-23T23:26:53+00:00,3,,5,Utopia Planitia,,49510.63,credits
ORD-100765,CUST-00029,delivered,2026-06-20T18:20:14+00:00,16,,11,New Horizons,,3762.00,credits
ORD-100766,CUST-00115,cancelled,2026-04-22T06:45:06+00:00,4,,5,Utopia Planitia,,183728.02,credits
ORD-100767,CUST-00200,delivered,2026-05-10T06:50:16+00:00,12,,18,Enceladus Outpost,,102079.78,credits
ORD-100768,CUST-00175,delivered,2026-07-09T15:10:14+00:00,4,,5,Utopia Planitia,2,132828.77,credits
ORD-100769,CUST-00230,dispatched,2026-03-03T05:12:33+00:00,19,,9,K-7 Station,,27995.86,credits
ORD-100770,CUST-00305,delivered,2026-04-28T02:16:43+00:00,11,,17,Titan Base Alpha,,24437.35,credits
ORD-100771,CUST-00259,dispatched,2026-05-07T08:57:26+00:00,17,,23,Pallas Shipyard,,187161.92,credits
ORD-100772,CUST-00035,delivered,2026-08-16T22:10:36+00:00,12,,18,Enceladus Outpost,,3351.78,credits
ORD-100773,CUST-00288,delivered,2026-03-06T14:17:58+00:00,13,,8,Starbase 11,,13760.83,credits
ORD-100774,CUST-00208,delivered,2026-08-27T15:58:36+00:00,16,,11,New Horizons,,2407.21,credits
ORD-100775,CUST-00221,delivered,2026-04-25T00:47:54+00:00,11,,17,Titan Base Alpha,,482182.29,credits
ORD-100776,CUST-00061,dispatched,2026-03-16T06:11:53+00:00,15,,10,Starbase 375,,41352.63,credits
ORD-100777,CUST-00347,dispatched,2026-06-30T10:56:49+00:00,1,,13,Polaris,,4661.38,credits
ORD-100778,CUST-00004,delivered,2026-06-17T06:45:44+00:00,18,,12,Tycho Station,,7136.60,credits
ORD-100779,CUST-00308,delivered,2026-03-29T11:16:38+00:00,1,,13,Polaris,,40016.59,credits
ORD-100780,CUST-00028,delivered,2026-08-25T12:41:17+00:00,5,,4,Deep Space Nine,,2583.57,credits
ORD-100781,CUST-00334,delivered,2026-07-27T09:02:28+00:00,9,,14,Atlantis,,181793.58,credits
ORD-100782,CUST-00034,delivered,2026-04-10T00:29:09+00:00,15,,10,Starbase 375,,70610.96,credits
ORD-100783,CUST-00277,delivered,2026-06-17T00:15:39+00:00,1,,13,Polaris,,11368.50,credits
ORD-100784,CUST-00136,dispatched,2026-05-08T02:11:00+00:00,9,,14,Atlantis,,39741.46,credits
ORD-100785,CUST-00192,delivered,2026-06-13T09:15:24+00:00,7,,22,Vesta Prime,,70566.95,credits
ORD-100786,CUST-00218,delivered,2026-07-07T07:33:23+00:00,9,,14,Atlantis,,41060.47,credits
ORD-100787,CUST-00207,delivered,2026-08-02T15:58:54+00:00,15,,10,Starbase 375,,847.05,credits
ORD-100788,CUST-00095,delivered,2026-06-14T11:24:39+00:00,6,,12,Tycho Station,7,16782.63,credits
ORD-100789,CUST-00385,delivered,2026-07-01T03:15:16+00:00,18,,12,Tycho Station,,21292.96,credits
ORD-100790,CUST-00103,delivered,2026-07-14T21:44:29+00:00,20,,20,Triton Relay,,59504.93,credits
ORD-100791,CUST-00117,delivered,2026-05-12T18:31:20+00:00,2,,5,Utopia Planitia,,432.37,credits
ORD-100792,CUST-00344,dispatched,2026-05-16T03:39:16+00:00,13,,8,Starbase 11,,199283.21,credits
ORD-100793,CUST-00398,delivered,2026-03-09T00:28:39+00:00,18,,12,Tycho Station,,9501.05,credits
ORD-100794,CUST-00388,delivered,2026-03-02T21:12:30+00:00,10,,15,Medina Station,,34477.16,credits
ORD-100795,CUST-00329,delivered,2026-03-19T21:11:02+00:00,6,,12,Tycho Station,,385.74,credits
ORD-100796,CUST-00102,dispatched,2026-07-02T09:17:54+00:00,17,,23,Pallas Shipyard,,245330.30,credits
ORD-100797,CUST-00139,placed,2026-06-19T15:26:20+00:00,16,,11,New Horizons,,3163.34,credits
ORD-100798,CUST-00040,delivered,2026-03-19T02:35:50+00:00,20,,20,Triton Relay,,31794.10,credits
ORD-100799,CUST-00232,delivered,2026-05-09T18:15:57+00:00,9,,14,Atlantis,,32849.89,credits
ORD-100800,CUST-00128,delivered,2026-08-30T05:49:47+00:00,20,,20,Triton Relay,9,59424.54,credits
ORD-100801,CUST-00322,delivered,2026-08-16T10:05:57+00:00,1,,13,Polaris,,14061.81,credits
ORD-100802,CUST-00176,dispatched,2026-04-03T23:38:35+00:00,14,,7,Jupiter Station,,140200.18,credits
ORD-100803,CUST-00367,delivered,2026-08-01T10:10:51+00:00,4,,5,Utopia Planitia,5,14343.65,credits
ORD-100804,CUST-00152,delivered,2026-08-23T11:45:17+00:00,15,,10,Starbase 375,1,303125.44,credits
ORD-100805,CUST-00396,delivered,2026-08-11T15:51:24+00:00,5,,4,Deep Space Nine,2,12113.61,credits
ORD-100806,CUST-00187,picked,2026-03-04T01:25:15+00:00,8,,7,Jupiter Station,,27377.17,credits
ORD-100807,CUST-00022,dispatched,2026-06-10T19:34:37+00:00,13,,8,Starbase 11,,1650.37,credits
ORD-100808,CUST-00061,delivered,2026-03-16T08:21:10+00:00,6,,12,Tycho Station,,6102.75,credits
ORD-100809,CUST-00119,delivered,2026-07-26T15:59:18+00:00,4,,5,Utopia Planitia,,206179.64,credits
ORD-100810,CUST-00383,delivered,2026-08-02T19:24:22+00:00,18,,12,Tycho Station,,6603.38,credits
ORD-100811,CUST-00086,delivered,2026-08-23T13:53:08+00:00,20,,20,Triton Relay,10,39273.57,credits
ORD-100812,CUST-00216,picked,2026-03-05T11:33:28+00:00,13,,8,Starbase 11,,38224.60,credits
ORD-100813,CUST-00293,picked,2026-06-04T18:16:03+00:00,2,,5,Utopia Planitia,,7066.92,credits
ORD-100814,CUST-00364,delivered,2026-05-07T10:46:29+00:00,13,,8,Starbase 11,,37321.36,credits
ORD-100815,CUST-00154,dispatched,2026-07-27T01:49:11+00:00,13,,8,Starbase 11,,62117.62,credits
ORD-100816,CUST-00136,delivered,2026-03-02T07:13:12+00:00,8,,7,Jupiter Station,3,211364.46,credits
ORD-100817,CUST-00149,dispatched,2026-03-11T14:24:39+00:00,9,,14,Atlantis,,3899.13,credits
ORD-100818,CUST-00122,dispatched,2026-08-29T06:14:48+00:00,20,,20,Triton Relay,,10856.32,credits
ORD-100819,CUST-00153,picked,2026-08-16T15:21:52+00:00,16,,11,New Horizons,,37797.87,credits
ORD-100820,CUST-00165,delivered,2026-05-24T14:20:27+00:00,3,,5,Utopia Planitia,,1654.45,credits
ORD-100821,CUST-00202,dispatched,2026-05-02T00:59:51+00:00,10,,15,Medina Station,7,239416.75,credits
ORD-100822,CUST-00122,delivered,2026-03-09T15:17:01+00:00,13,,8,Starbase 11,,50901.23,credits
ORD-100823,CUST-00216,delivered,2026-06-04T09:36:28+00:00,5,,4,Deep Space Nine,7,76527.56,credits
ORD-100824,CUST-00112,delivered,2026-08-26T23:39:56+00:00,19,,9,K-7 Station,,77589.58,credits
ORD-100825,CUST-00397,dispatched,2026-05-15T00:00:44+00:00,14,,7,Jupiter Station,4,54766.59,credits
ORD-100826,CUST-00084,delivered,2026-04-19T16:49:32+00:00,5,,4,Deep Space Nine,,303173.49,credits
ORD-100827,CUST-00169,picked,2026-05-14T14:47:36+00:00,18,,12,Tycho Station,,48435.66,credits
ORD-100828,CUST-00307,delivered,2026-05-09T21:34:15+00:00,18,,12,Tycho Station,,2309.61,credits
ORD-100829,CUST-00073,delivered,2026-03-22T10:31:42+00:00,14,,7,Jupiter Station,2,19362.33,credits
ORD-100830,CUST-00131,dispatched,2026-06-19T11:04:26+00:00,16,,11,New Horizons,7,35763.29,credits
ORD-100831,CUST-00090,dispatched,2026-05-17T07:53:20+00:00,9,,14,Atlantis,,44933.93,credits
ORD-100832,CUST-00210,delivered,2026-03-12T06:17:42+00:00,7,,22,Vesta Prime,,196761.05,credits
ORD-100833,CUST-00295,delivered,2026-04-04T12:39:17+00:00,16,,11,New Horizons,,13082.50,credits
ORD-100834,CUST-00395,delivered,2026-08-24T19:16:17+00:00,13,,8,Starbase 11,,31248.79,credits
ORD-100835,CUST-00144,delivered,2026-03-05T14:42:29+00:00,20,,20,Triton Relay,,2478.50,credits
ORD-100836,CUST-00159,delivered,2026-07-10T07:10:57+00:00,3,,5,Utopia Planitia,,240490.28,credits
ORD-100837,CUST-00144,delivered,2026-06-26T20:58:43+00:00,6,,12,Tycho Station,,147789.50,credits
ORD-100838,CUST-00151,delivered,2026-06-06T23:09:14+00:00,5,,4,Deep Space Nine,,1411.01,credits
ORD-100839,CUST-00088,delivered,2026-06-29T22:34:40+00:00,8,,7,Jupiter Station,,1171.56,credits
ORD-100840,CUST-00166,delivered,2026-03-19T23:13:29+00:00,9,,14,Atlantis,,20655.52,credits
ORD-100841,CUST-00298,delivered,2026-06-03T16:01:55+00:00,10,,15,Medina Station,,16001.42,credits
ORD-100842,CUST-00349,picked,2026-04-16T03:32:49+00:00,4,,5,Utopia Planitia,,18736.62,credits
ORD-100843,CUST-00069,delivered,2026-08-14T07:30:49+00:00,1,,13,Polaris,7,64864.57,credits
ORD-100844,CUST-00262,delivered,2026-08-17T22:28:00+00:00,14,,7,Jupiter Station,,284240.35,credits
ORD-100845,CUST-00175,delivered,2026-08-22T08:16:02+00:00,2,,5,Utopia Planitia,,39552.16,credits
ORD-100846,CUST-00248,delivered,2026-08-14T14:39:28+00:00,2,,5,Utopia Planitia,3,120820.02,credits
ORD-100847,CUST-00150,cancelled,2026-06-14T02:27:13+00:00,9,,14,Atlantis,,9921.65,credits
ORD-100848,CUST-00069,delivered,2026-05-21T05:38:58+00:00,20,,20,Triton Relay,,22001.28,credits
ORD-100849,CUST-00381,placed,2026-08-29T21:19:41+00:00,7,,22,Vesta Prime,,6294.84,credits
ORD-100850,CUST-00084,dispatched,2026-04-28T18:27:51+00:00,8,,7,Jupiter Station,6,11302.60,credits
ORD-100851,CUST-00197,dispatched,2026-08-29T15:17:47+00:00,16,,11,New Horizons,2,377.18,credits
ORD-100852,CUST-00173,delivered,2026-04-11T09:53:17+00:00,1,,13,Polaris,2,25167.34,credits
ORD-100853,CUST-00105,delivered,2026-06-24T20:15:12+00:00,16,,11,New Horizons,,2190.09,credits
ORD-100854,CUST-00300,delivered,2026-08-29T02:00:08+00:00,13,,8,Starbase 11,4,222124.64,credits
ORD-100855,CUST-00358,delivered,2026-05-08T17:14:57+00:00,8,,7,Jupiter Station,,75778.48,credits
ORD-100856,CUST-00315,dispatched,2026-05-23T09:08:55+00:00,3,,5,Utopia Planitia,,116751.92,credits
ORD-100857,CUST-00251,dispatched,2026-06-06T14:24:54+00:00,5,,4,Deep Space Nine,,154509.13,credits
ORD-100858,CUST-00111,placed,2026-05-22T05:34:58+00:00,18,,12,Tycho Station,6,94097.82,credits
ORD-100859,CUST-00275,placed,2026-07-25T11:17:24+00:00,8,,7,Jupiter Station,,2329.30,credits
ORD-100860,CUST-00375,delivered,2026-06-04T18:20:18+00:00,3,,5,Utopia Planitia,,219624.57,credits
ORD-100861,CUST-00358,delivered,2026-06-04T02:16:14+00:00,17,,23,Pallas Shipyard,9,2594.14,credits
ORD-100862,CUST-00040,picked,2026-06-25T01:26:41+00:00,18,,12,Tycho Station,,6157.56,credits
ORD-100863,CUST-00281,delivered,2026-04-06T01:11:12+00:00,1,,13,Polaris,,32545.37,credits
ORD-100864,CUST-00168,delivered,2026-04-13T18:09:01+00:00,5,,4,Deep Space Nine,5,67384.71,credits
ORD-100865,CUST-00070,placed,2026-03-10T03:48:13+00:00,9,,14,Atlantis,,83549.27,credits
ORD-100866,CUST-00132,dispatched,2026-05-18T16:24:07+00:00,18,,12,Tycho Station,,134.01,credits
ORD-100867,CUST-00172,delivered,2026-08-21T09:39:28+00:00,14,,7,Jupiter Station,5,8058.75,credits
ORD-100868,CUST-00090,cancelled,2026-07-28T15:53:14+00:00,2,,5,Utopia Planitia,,12136.69,credits
ORD-100869,CUST-00183,delivered,2026-03-24T08:30:50+00:00,13,,8,Starbase 11,7,16939.29,credits
ORD-100870,CUST-00227,delivered,2026-06-09T20:56:49+00:00,9,,14,Atlantis,,56254.66,credits
ORD-100871,CUST-00253,delivered,2026-04-08T22:59:26+00:00,19,,9,K-7 Station,,393.36,credits
ORD-100872,CUST-00384,delivered,2026-05-03T17:50:42+00:00,14,,7,Jupiter Station,2,6337.55,credits
ORD-100873,CUST-00264,delivered,2026-08-25T00:06:17+00:00,7,,22,Vesta Prime,1,91429.52,credits
ORD-100874,CUST-00141,picked,2026-04-23T06:58:52+00:00,19,,9,K-7 Station,,204051.47,credits
ORD-100875,CUST-00098,delivered,2026-03-28T13:44:58+00:00,20,,20,Triton Relay,,11654.50,credits
ORD-100876,CUST-00211,dispatched,2026-04-27T11:50:49+00:00,18,,12,Tycho Station,,2965.69,credits
ORD-100877,CUST-00127,dispatched,2026-08-02T06:43:17+00:00,19,,9,K-7 Station,,41208.96,credits
ORD-100878,CUST-00280,delivered,2026-03-23T01:54:19+00:00,9,,14,Atlantis,,29151.47,credits
ORD-100879,CUST-00207,delivered,2026-03-09T04:03:13+00:00,18,,12,Tycho Station,10,72250.65,credits
ORD-100880,CUST-00303,delivered,2026-04-22T02:50:31+00:00,4,,5,Utopia Planitia,,1854.78,credits
ORD-100881,CUST-00009,delivered,2026-05-17T03:08:53+00:00,5,,4,Deep Space Nine,,1329.90,credits
ORD-100882,CUST-00312,delivered,2026-06-20T02:02:58+00:00,7,,22,Vesta Prime,,87852.27,credits
ORD-100883,CUST-00128,delivered,2026-03-31T06:21:03+00:00,5,,4,Deep Space Nine,,2649.64,credits
ORD-100884,CUST-00177,cancelled,2026-04-12T19:45:39+00:00,11,,17,Titan Base Alpha,8,27825.67,credits
ORD-100885,CUST-00142,delivered,2026-07-13T20:44:46+00:00,17,,23,Pallas Shipyard,,67697.04,credits
ORD-100886,CUST-00259,delivered,2026-04-07T08:24:55+00:00,10,,15,Medina Station,,33820.05,credits
ORD-100887,CUST-00057,cancelled,2026-03-02T20:52:26+00:00,8,,7,Jupiter Station,,6790.53,credits
ORD-100888,CUST-00210,placed,2026-08-01T17:09:11+00:00,18,,12,Tycho Station,,318672.45,credits
ORD-100889,CUST-00090,delivered,2026-04-09T08:05:02+00:00,18,,12,Tycho Station,,163387.49,credits
ORD-100890,CUST-00053,delivered,2026-05-03T20:33:37+00:00,4,,5,Utopia Planitia,6,80047.50,credits
ORD-100891,CUST-00389,dispatched,2026-07-13T03:39:18+00:00,15,,10,Starbase 375,9,1978.18,credits
ORD-100892,CUST-00171,delivered,2026-07-09T05:05:41+00:00,5,,4,Deep Space Nine,5,44266.14,credits
ORD-100893,CUST-00013,delivered,2026-06-27T00:20:52+00:00,8,,7,Jupiter Station,,282314.86,credits
ORD-100894,CUST-00394,delivered,2026-07-18T02:46:03+00:00,1,,13,Polaris,,31295.84,credits
ORD-100895,CUST-00023,delivered,2026-06-11T02:19:37+00:00,3,,5,Utopia Planitia,,8843.31,credits
ORD-100896,CUST-00371,delivered,2026-08-05T05:13:19+00:00,13,,8,Starbase 11,,78475.33,credits
ORD-100897,CUST-00170,cancelled,2026-05-03T09:54:37+00:00,11,,17,Titan Base Alpha,,5603.46,credits
ORD-100898,CUST-00015,delivered,2026-04-14T06:14:42+00:00,13,,8,Starbase 11,,241503.71,credits
ORD-100899,CUST-00165,delivered,2026-04-05T22:39:38+00:00,18,,12,Tycho Station,,2236.57,credits
ORD-100900,CUST-00068,picked,2026-05-17T04:52:22+00:00,1,,13,Polaris,,116189.51,credits
ORD-100901,CUST-00385,picked,2026-04-25T11:00:11+00:00,2,,5,Utopia Planitia,,16421.25,credits
ORD-100902,CUST-00078,picked,2026-06-16T19:14:31+00:00,2,,5,Utopia Planitia,,4619.20,credits
ORD-100903,CUST-00310,delivered,2026-03-22T12:09:11+00:00,16,,11,New Horizons,1,724.38,credits
ORD-100904,CUST-00189,delivered,2026-08-01T06:08:47+00:00,12,,18,Enceladus Outpost,,178073.19,credits
ORD-100905,CUST-00146,delivered,2026-06-05T15:27:26+00:00,11,,17,Titan Base Alpha,,42873.87,credits
ORD-100906,CUST-00215,placed,2026-04-02T23:39:03+00:00,3,,5,Utopia Planitia,,23848.74,credits
ORD-100907,CUST-00080,picked,2026-05-02T21:31:07+00:00,5,,4,Deep Space Nine,8,37061.90,credits
ORD-100908,CUST-00277,dispatched,2026-07-28T15:05:05+00:00,12,,18,Enceladus Outpost,,15083.73,credits
ORD-100909,CUST-00021,delivered,2026-05-02T06:08:30+00:00,1,,13,Polaris,,8661.13,credits
ORD-100910,CUST-00176,delivered,2026-03-19T03:49:17+00:00,19,,9,K-7 Station,,1893.63,credits
ORD-100911,CUST-00221,delivered,2026-04-26T12:39:30+00:00,15,,10,Starbase 375,,54675.45,credits
ORD-100912,CUST-00143,delivered,2026-05-13T13:37:08+00:00,19,,9,K-7 Station,,530.82,credits
ORD-100913,CUST-00028,delivered,2026-04-02T08:55:08+00:00,14,,7,Jupiter Station,,257887.19,credits
ORD-100914,CUST-00101,delivered,2026-07-05T16:18:44+00:00,10,,15,Medina Station,,23010.59,credits
ORD-100915,CUST-00150,delivered,2026-07-21T13:40:14+00:00,15,,10,Starbase 375,,41934.82,credits
ORD-100916,CUST-00078,delivered,2026-03-13T06:27:54+00:00,1,,13,Polaris,,29351.00,credits
ORD-100917,CUST-00371,dispatched,2026-08-26T22:53:03+00:00,3,,5,Utopia Planitia,6,149471.21,credits
ORD-100918,CUST-00391,delivered,2026-07-23T01:13:33+00:00,3,,5,Utopia Planitia,,33363.99,credits
ORD-100919,CUST-00124,delivered,2026-05-29T20:13:30+00:00,3,,5,Utopia Planitia,,48955.22,credits
ORD-100920,CUST-00007,delivered,2026-06-12T19:02:09+00:00,4,,5,Utopia Planitia,,133727.91,credits
ORD-100921,CUST-00248,picked,2026-06-20T05:26:04+00:00,4,,5,Utopia Planitia,,16988.10,credits
ORD-100922,CUST-00244,delivered,2026-05-22T18:49:48+00:00,2,,5,Utopia Planitia,,61340.50,credits
ORD-100923,CUST-00398,delivered,2026-05-25T06:00:09+00:00,16,,11,New Horizons,6,50995.17,credits
ORD-100924,CUST-00221,delivered,2026-07-22T16:23:19+00:00,19,,9,K-7 Station,,9738.48,credits
ORD-100925,CUST-00275,picked,2026-06-29T22:54:10+00:00,19,,9,K-7 Station,,115484.76,credits
ORD-100926,CUST-00248,delivered,2026-06-29T19:03:00+00:00,16,,11,New Horizons,,10343.70,credits
ORD-100927,CUST-00346,dispatched,2026-07-04T03:48:39+00:00,10,,15,Medina Station,,7596.24,credits
ORD-100928,CUST-00324,delivered,2026-03-28T19:46:43+00:00,16,,11,New Horizons,,12111.60,credits
ORD-100929,CUST-00188,delivered,2026-04-11T11:44:18+00:00,5,,4,Deep Space Nine,,281405.96,credits
ORD-100930,CUST-00301,delivered,2026-03-22T11:35:36+00:00,4,,5,Utopia Planitia,,3128.92,credits
ORD-100931,CUST-00285,delivered,2026-04-26T02:52:16+00:00,7,,22,Vesta Prime,,119056.25,credits
ORD-100932,CUST-00123,delivered,2026-03-06T18:57:10+00:00,5,,4,Deep Space Nine,8,8799.45,credits
ORD-100933,CUST-00377,delivered,2026-03-06T18:01:35+00:00,5,,4,Deep Space Nine,,1475.89,credits
ORD-100934,CUST-00374,delivered,2026-08-13T22:48:53+00:00,2,,5,Utopia Planitia,,717.32,credits
ORD-100935,CUST-00305,picked,2026-04-30T17:02:11+00:00,19,,9,K-7 Station,,13634.00,credits
ORD-100936,CUST-00270,delivered,2026-05-25T08:45:14+00:00,8,,7,Jupiter Station,,121627.25,credits
ORD-100937,CUST-00330,delivered,2026-07-10T11:58:45+00:00,1,,13,Polaris,3,60263.12,credits
ORD-100938,CUST-00126,delivered,2026-08-04T15:26:46+00:00,1,,13,Polaris,,198550.53,credits
ORD-100939,CUST-00051,delivered,2026-07-05T07:27:34+00:00,17,,23,Pallas Shipyard,,2725.00,credits
ORD-100940,CUST-00089,dispatched,2026-04-10T02:25:52+00:00,19,,9,K-7 Station,,72015.82,credits
ORD-100941,CUST-00309,placed,2026-08-03T19:53:31+00:00,18,,12,Tycho Station,,47307.39,credits
ORD-100942,CUST-00195,delivered,2026-03-07T14:06:57+00:00,10,,15,Medina Station,,9438.90,credits
ORD-100943,CUST-00303,delivered,2026-06-10T20:23:49+00:00,12,,18,Enceladus Outpost,9,78039.51,credits
ORD-100944,CUST-00093,delivered,2026-06-23T18:12:01+00:00,17,,23,Pallas Shipyard,,29316.54,credits
ORD-100945,CUST-00201,dispatched,2026-07-05T15:40:12+00:00,2,,5,Utopia Planitia,,204708.95,credits
ORD-100946,CUST-00334,dispatched,2026-04-05T22:51:20+00:00,14,,7,Jupiter Station,,10898.55,credits
ORD-100947,CUST-00306,delivered,2026-06-13T11:41:19+00:00,12,,18,Enceladus Outpost,,12933.60,credits
ORD-100948,CUST-00282,delivered,2026-08-17T12:53:19+00:00,18,,12,Tycho Station,,111411.00,credits
ORD-100949,CUST-00003,delivered,2026-08-03T01:22:01+00:00,17,,23,Pallas Shipyard,7,148594.13,credits
ORD-100950,CUST-00138,dispatched,2026-06-27T19:48:12+00:00,13,,8,Starbase 11,,40563.85,credits
ORD-100951,CUST-00379,delivered,2026-04-06T00:04:26+00:00,16,,11,New Horizons,,2130.34,credits
ORD-100952,CUST-00357,cancelled,2026-05-16T23:46:57+00:00,1,,13,Polaris,3,361085.33,credits
ORD-100953,CUST-00052,dispatched,2026-04-06T14:52:16+00:00,4,,5,Utopia Planitia,,312352.11,credits
ORD-100954,CUST-00094,delivered,2026-03-29T02:16:40+00:00,12,,18,Enceladus Outpost,,15720.08,credits
ORD-100955,CUST-00041,delivered,2026-08-18T12:06:53+00:00,16,,11,New Horizons,,164825.70,credits
ORD-100956,CUST-00391,dispatched,2026-06-17T20:28:25+00:00,6,,12,Tycho Station,7,13902.36,credits
ORD-100957,CUST-00218,picked,2026-04-29T13:47:31+00:00,19,,9,K-7 Station,,7991.76,credits
ORD-100958,CUST-00031,placed,2026-05-25T06:17:50+00:00,10,,15,Medina Station,,4154.63,credits
ORD-100959,CUST-00118,delivered,2026-07-21T07:25:19+00:00,17,,23,Pallas Shipyard,9,18991.45,credits
ORD-100960,CUST-00068,delivered,2026-06-01T23:18:40+00:00,16,,11,New Horizons,,89299.88,credits
ORD-100961,CUST-00315,delivered,2026-04-27T03:43:59+00:00,12,,18,Enceladus Outpost,1,366681.58,credits
ORD-100962,CUST-00083,delivered,2026-03-29T19:09:10+00:00,17,,23,Pallas Shipyard,10,24722.40,credits
ORD-100963,CUST-00236,picked,2026-07-02T19:47:39+00:00,14,,7,Jupiter Station,3,206346.44,credits
ORD-100964,CUST-00374,delivered,2026-06-04T16:15:35+00:00,3,,5,Utopia Planitia,5,7245.38,credits
ORD-100965,CUST-00258,delivered,2026-06-24T21:44:29+00:00,13,,8,Starbase 11,1,136448.00,credits
ORD-100966,CUST-00278,placed,2026-03-25T00:06:15+00:00,17,,23,Pallas Shipyard,,28604.20,credits
ORD-100967,CUST-00275,delivered,2026-04-13T02:56:48+00:00,18,,12,Tycho Station,,4016.72,credits
ORD-100968,CUST-00122,delivered,2026-07-23T13:30:11+00:00,18,,12,Tycho Station,,42659.69,credits
ORD-100969,CUST-00400,delivered,2026-06-30T06:29:00+00:00,2,,5,Utopia Planitia,,58758.90,credits
ORD-100970,CUST-00330,dispatched,2026-06-01T07:28:28+00:00,10,,15,Medina Station,,205196.79,credits
ORD-100971,CUST-00073,delivered,2026-05-01T14:34:14+00:00,14,,7,Jupiter Station,,11599.70,credits
ORD-100972,CUST-00269,delivered,2026-05-13T02:19:19+00:00,16,,11,New Horizons,3,237.00,credits
ORD-100973,CUST-00057,delivered,2026-06-26T16:14:07+00:00,3,,5,Utopia Planitia,5,2584.20,credits
ORD-100974,CUST-00129,delivered,2026-05-20T07:00:01+00:00,13,,8,Starbase 11,,67312.71,credits
ORD-100975,CUST-00041,cancelled,2026-07-26T05:30:59+00:00,12,,18,Enceladus Outpost,,73658.48,credits
ORD-100976,CUST-00030,delivered,2026-05-24T21:09:37+00:00,13,,8,Starbase 11,,6768.88,credits
ORD-100977,CUST-00064,placed,2026-04-19T16:39:46+00:00,17,,23,Pallas Shipyard,,6265.01,credits
ORD-100978,CUST-00373,dispatched,2026-08-15T13:50:21+00:00,17,,23,Pallas Shipyard,,22253.59,credits
ORD-100979,CUST-00318,picked,2026-08-17T14:52:11+00:00,18,,12,Tycho Station,,202075.70,credits
ORD-100980,CUST-00382,delivered,2026-03-27T05:44:03+00:00,14,,7,Jupiter Station,,10080.50,credits
ORD-100981,CUST-00097,delivered,2026-03-30T01:48:54+00:00,6,,12,Tycho Station,,6794.78,credits
ORD-100982,CUST-00308,delivered,2026-05-15T08:46:13+00:00,12,,18,Enceladus Outpost,,36955.46,credits
ORD-100983,CUST-00036,delivered,2026-08-27T17:25:14+00:00,20,,20,Triton Relay,,13221.51,credits
ORD-100984,CUST-00049,dispatched,2026-06-08T23:21:49+00:00,11,,17,Titan Base Alpha,4,6094.34,credits
ORD-100985,CUST-00157,delivered,2026-07-27T02:04:56+00:00,12,,18,Enceladus Outpost,5,310916.05,credits
ORD-100986,CUST-00070,delivered,2026-07-01T07:11:46+00:00,4,,5,Utopia Planitia,,397965.47,credits
ORD-100987,CUST-00159,dispatched,2026-05-08T07:51:53+00:00,10,,15,Medina Station,,29438.85,credits
ORD-100988,CUST-00180,delivered,2026-03-31T17:39:45+00:00,3,,5,Utopia Planitia,,51860.95,credits
ORD-100989,CUST-00048,delivered,2026-03-15T19:17:11+00:00,20,,20,Triton Relay,,54161.52,credits
ORD-100990,CUST-00222,delivered,2026-08-17T17:24:05+00:00,19,,9,K-7 Station,,261021.30,credits
ORD-100991,CUST-00319,picked,2026-05-18T08:13:30+00:00,8,,7,Jupiter Station,,227055.15,credits
ORD-100992,CUST-00190,delivered,2026-07-13T11:51:18+00:00,4,,5,Utopia Planitia,,24084.69,credits
ORD-100993,CUST-00169,delivered,2026-03-06T06:20:38+00:00,11,,17,Titan Base Alpha,,22282.15,credits
ORD-100994,CUST-00268,placed,2026-03-02T16:27:27+00:00,7,,22,Vesta Prime,,233473.08,credits
ORD-100995,CUST-00231,delivered,2026-07-16T20:01:55+00:00,19,,9,K-7 Station,,3816.24,credits
ORD-100996,CUST-00389,dispatched,2026-07-13T02:34:46+00:00,7,,22,Vesta Prime,,65137.86,credits
ORD-100997,CUST-00252,delivered,2026-05-06T11:39:56+00:00,10,,15,Medina Station,,53468.72,credits
ORD-100998,CUST-00009,delivered,2026-06-13T13:04:30+00:00,11,,17,Titan Base Alpha,,41919.80,credits
ORD-100999,CUST-00170,delivered,2026-08-22T23:26:55+00:00,2,,5,Utopia Planitia,,33747.53,credits
ORD-101000,CUST-00369,delivered,2026-03-06T02:51:39+00:00,3,,5,Utopia Planitia,,6917.47,credits
ORD-101001,CUST-00363,delivered,2026-06-26T23:27:13+00:00,16,,11,New Horizons,,58992.71,credits
ORD-101002,CUST-00307,dispatched,2026-08-31T03:56:28+00:00,13,,8,Starbase 11,2,213106.49,credits
ORD-101003,CUST-00220,delivered,2026-08-20T16:45:21+00:00,6,,12,Tycho Station,4,256241.32,credits
ORD-101004,CUST-00123,delivered,2026-06-08T02:19:38+00:00,16,,11,New Horizons,,24889.93,credits
ORD-101005,CUST-00334,delivered,2026-03-16T09:46:16+00:00,7,,22,Vesta Prime,1,20138.33,credits
ORD-101006,CUST-00103,delivered,2026-06-14T19:44:48+00:00,5,,4,Deep Space Nine,1,37066.22,credits
ORD-101007,CUST-00258,delivered,2026-06-23T20:26:32+00:00,7,,22,Vesta Prime,,61212.58,credits
ORD-101008,CUST-00197,delivered,2026-04-07T05:44:14+00:00,18,,12,Tycho Station,6,209217.08,credits
ORD-101009,CUST-00147,dispatched,2026-05-20T04:04:16+00:00,1,,13,Polaris,,6350.40,credits
ORD-101010,CUST-00273,placed,2026-06-05T23:32:21+00:00,13,,8,Starbase 11,,14042.48,credits
ORD-101011,CUST-00086,delivered,2026-06-25T09:06:01+00:00,9,,14,Atlantis,,53098.20,credits
ORD-101012,CUST-00183,delivered,2026-07-16T11:04:32+00:00,3,,5,Utopia Planitia,,26840.56,credits
ORD-101013,CUST-00215,delivered,2026-07-15T21:50:04+00:00,11,,17,Titan Base Alpha,,79026.98,credits
ORD-101014,CUST-00389,dispatched,2026-04-15T12:12:16+00:00,20,,20,Triton Relay,,6357.20,credits
ORD-101015,CUST-00053,delivered,2026-06-03T16:20:09+00:00,20,,20,Triton Relay,,6109.94,credits
ORD-101016,CUST-00043,delivered,2026-08-12T06:03:51+00:00,11,,17,Titan Base Alpha,,10418.64,credits
ORD-101017,CUST-00025,delivered,2026-06-13T09:07:50+00:00,20,,20,Triton Relay,,108542.62,credits
ORD-101018,CUST-00307,dispatched,2026-05-27T22:46:33+00:00,9,,14,Atlantis,,71007.86,credits
ORD-101019,CUST-00379,delivered,2026-06-12T20:25:10+00:00,4,,5,Utopia Planitia,,1371.91,credits
ORD-101020,CUST-00324,delivered,2026-07-06T07:08:42+00:00,9,,14,Atlantis,,2472.63,credits
ORD-101021,CUST-00361,dispatched,2026-04-10T10:11:57+00:00,7,,22,Vesta Prime,8,54509.62,credits
ORD-101022,CUST-00329,delivered,2026-08-28T12:44:38+00:00,1,,13,Polaris,,154857.64,credits
ORD-101023,CUST-00300,delivered,2026-05-24T10:40:53+00:00,17,,23,Pallas Shipyard,,7040.74,credits
ORD-101024,CUST-00262,delivered,2026-06-06T23:55:12+00:00,15,,10,Starbase 375,,139016.34,credits
ORD-101025,CUST-00229,delivered,2026-07-26T23:16:54+00:00,3,,5,Utopia Planitia,,9647.88,credits
ORD-101026,CUST-00302,delivered,2026-05-06T04:35:15+00:00,4,,5,Utopia Planitia,,8637.44,credits
ORD-101027,CUST-00289,picked,2026-04-26T16:47:49+00:00,11,,17,Titan Base Alpha,,10346.10,credits
ORD-101028,CUST-00212,delivered,2026-06-06T00:48:48+00:00,11,,17,Titan Base Alpha,3,146675.82,credits
ORD-101029,CUST-00264,delivered,2026-06-18T18:30:21+00:00,11,,17,Titan Base Alpha,,280049.13,credits
ORD-101030,CUST-00177,delivered,2026-08-01T12:43:56+00:00,11,,17,Titan Base Alpha,,145629.75,credits
ORD-101031,CUST-00218,dispatched,2026-05-25T03:39:25+00:00,9,,14,Atlantis,,9970.90,credits
ORD-101032,CUST-00370,delivered,2026-03-13T20:40:09+00:00,1,,13,Polaris,,66619.51,credits
ORD-101033,CUST-00396,delivered,2026-04-12T22:03:05+00:00,20,,20,Triton Relay,,226.60,credits
ORD-101034,CUST-00037,delivered,2026-04-26T00:22:15+00:00,11,,17,Titan Base Alpha,,28566.46,credits
ORD-101035,CUST-00207,picked,2026-07-05T23:40:59+00:00,5,,4,Deep Space Nine,,13502.96,credits
ORD-101036,CUST-00350,delivered,2026-07-07T05:24:11+00:00,5,,4,Deep Space Nine,2,47114.61,credits
ORD-101037,CUST-00148,delivered,2026-03-01T21:44:17+00:00,13,,8,Starbase 11,,23848.40,credits
ORD-101038,CUST-00220,delivered,2026-08-06T10:37:57+00:00,9,,14,Atlantis,,12938.16,credits
ORD-101039,CUST-00363,delivered,2026-08-11T23:00:53+00:00,7,,22,Vesta Prime,,11338.98,credits
ORD-101040,CUST-00153,dispatched,2026-05-28T07:49:18+00:00,4,,5,Utopia Planitia,,25794.82,credits
ORD-101041,CUST-00338,delivered,2026-08-25T21:20:09+00:00,9,,14,Atlantis,6,196977.38,credits
ORD-101042,CUST-00346,delivered,2026-05-28T07:13:47+00:00,19,,9,K-7 Station,,11408.70,credits
ORD-101043,CUST-00304,delivered,2026-08-10T12:02:07+00:00,15,,10,Starbase 375,,109918.92,credits
ORD-101044,CUST-00179,placed,2026-08-21T05:33:20+00:00,20,,20,Triton Relay,,182221.95,credits
ORD-101045,CUST-00161,delivered,2026-06-10T13:31:15+00:00,4,,5,Utopia Planitia,6,16537.30,credits
ORD-101046,CUST-00066,delivered,2026-07-15T03:48:12+00:00,5,,4,Deep Space Nine,,36725.76,credits
ORD-101047,CUST-00159,delivered,2026-07-05T22:49:46+00:00,6,,12,Tycho Station,,5896.36,credits
ORD-101048,CUST-00361,placed,2026-08-18T10:11:42+00:00,1,,13,Polaris,,27971.57,credits
ORD-101049,CUST-00213,delivered,2026-06-29T04:43:08+00:00,8,,7,Jupiter Station,,10938.10,credits
ORD-101050,CUST-00043,delivered,2026-07-28T10:28:16+00:00,4,,5,Utopia Planitia,,95766.77,credits
ORD-101051,CUST-00163,delivered,2026-05-13T06:35:52+00:00,9,,14,Atlantis,2,31064.56,credits
ORD-101052,CUST-00052,delivered,2026-05-11T02:16:42+00:00,18,,12,Tycho Station,,888.57,credits
ORD-101053,CUST-00227,dispatched,2026-07-17T12:58:18+00:00,6,,12,Tycho Station,,5960.56,credits
ORD-101054,CUST-00216,picked,2026-06-20T02:40:26+00:00,16,,11,New Horizons,,7423.82,credits
ORD-101055,CUST-00095,dispatched,2026-07-06T18:14:02+00:00,4,,5,Utopia Planitia,,29397.98,credits
ORD-101056,CUST-00206,delivered,2026-08-05T23:45:48+00:00,9,,14,Atlantis,,20450.85,credits
ORD-101057,CUST-00350,delivered,2026-04-01T14:00:29+00:00,2,,5,Utopia Planitia,,3182.18,credits
ORD-101058,CUST-00204,cancelled,2026-05-27T23:59:48+00:00,5,,4,Deep Space Nine,,90421.98,credits
ORD-101059,CUST-00013,delivered,2026-08-29T19:14:12+00:00,18,,12,Tycho Station,,8197.26,credits
ORD-101060,CUST-00210,dispatched,2026-06-23T02:09:58+00:00,12,,18,Enceladus Outpost,,145800.51,credits
ORD-101061,CUST-00189,delivered,2026-08-10T15:05:54+00:00,17,,23,Pallas Shipyard,,270985.66,credits
ORD-101062,CUST-00294,picked,2026-03-19T14:24:35+00:00,10,,15,Medina Station,,28715.68,credits
ORD-101063,CUST-00133,delivered,2026-07-21T20:53:45+00:00,4,,5,Utopia Planitia,,26877.22,credits
ORD-101064,CUST-00390,dispatched,2026-03-12T09:34:17+00:00,8,,7,Jupiter Station,10,199655.35,credits
ORD-101065,CUST-00225,delivered,2026-03-30T18:57:23+00:00,7,,22,Vesta Prime,,48024.94,credits
ORD-101066,CUST-00295,delivered,2026-06-09T12:43:36+00:00,16,,11,New Horizons,,17652.49,credits
ORD-101067,CUST-00260,delivered,2026-08-23T16:08:59+00:00,9,,14,Atlantis,,18118.02,credits
ORD-101068,CUST-00192,delivered,2026-03-11T23:51:48+00:00,15,,10,Starbase 375,,7594.78,credits
ORD-101069,CUST-00067,delivered,2026-07-31T06:39:37+00:00,18,,12,Tycho Station,,174354.24,credits
ORD-101070,CUST-00363,delivered,2026-08-22T04:38:19+00:00,8,,7,Jupiter Station,,7812.65,credits
ORD-101071,CUST-00136,delivered,2026-07-14T11:22:19+00:00,9,,14,Atlantis,,5379.35,credits
ORD-101072,CUST-00016,delivered,2026-07-21T23:37:08+00:00,16,,11,New Horizons,,7333.46,credits
ORD-101073,CUST-00167,cancelled,2026-06-11T05:36:52+00:00,18,,12,Tycho Station,,99510.98,credits
ORD-101074,CUST-00058,delivered,2026-08-18T05:34:35+00:00,16,,11,New Horizons,,9589.40,credits
ORD-101075,CUST-00270,delivered,2026-05-19T15:23:19+00:00,16,,11,New Horizons,1,42140.42,credits
ORD-101076,CUST-00357,delivered,2026-03-15T12:43:43+00:00,3,,5,Utopia Planitia,,181363.38,credits
ORD-101077,CUST-00247,delivered,2026-05-27T19:09:14+00:00,18,,12,Tycho Station,,61789.33,credits
ORD-101078,CUST-00318,picked,2026-03-02T18:08:02+00:00,15,,10,Starbase 375,2,14591.84,credits
ORD-101079,CUST-00062,delivered,2026-04-09T14:53:00+00:00,18,,12,Tycho Station,,4010.07,credits
ORD-101080,CUST-00176,delivered,2026-08-09T14:19:44+00:00,18,,12,Tycho Station,,575488.32,credits
ORD-101081,CUST-00198,delivered,2026-05-28T07:48:59+00:00,5,,4,Deep Space Nine,,6315.30,credits
ORD-101082,CUST-00326,delivered,2026-04-20T10:57:25+00:00,10,,15,Medina Station,,222600.46,credits
ORD-101083,CUST-00025,delivered,2026-05-09T02:26:44+00:00,8,,7,Jupiter Station,,16561.20,credits
ORD-101084,CUST-00356,delivered,2026-04-02T21:21:09+00:00,5,,4,Deep Space Nine,,20279.36,credits
ORD-101085,CUST-00034,cancelled,2026-07-04T19:51:14+00:00,9,,14,Atlantis,,5830.67,credits
ORD-101086,CUST-00112,delivered,2026-08-04T20:48:20+00:00,11,,17,Titan Base Alpha,,38386.88,credits
ORD-101087,CUST-00305,dispatched,2026-04-13T07:25:20+00:00,1,,13,Polaris,,102309.04,credits
ORD-101088,CUST-00009,delivered,2026-03-10T14:32:31+00:00,19,,9,K-7 Station,,183188.65,credits
ORD-101089,CUST-00064,delivered,2026-08-06T12:37:01+00:00,13,,8,Starbase 11,1,260956.92,credits
ORD-101090,CUST-00263,delivered,2026-07-21T07:01:59+00:00,16,,11,New Horizons,,1493.80,credits
ORD-101091,CUST-00159,dispatched,2026-04-15T00:31:45+00:00,4,,5,Utopia Planitia,,114525.25,credits
ORD-101092,CUST-00256,cancelled,2026-07-29T07:32:51+00:00,2,,5,Utopia Planitia,,26984.18,credits
ORD-101093,CUST-00019,picked,2026-07-11T15:54:48+00:00,16,,11,New Horizons,4,24297.27,credits
ORD-101094,CUST-00161,cancelled,2026-07-06T13:15:01+00:00,12,,18,Enceladus Outpost,,4153.02,credits
ORD-101095,CUST-00221,picked,2026-06-14T02:20:02+00:00,4,,5,Utopia Planitia,,9497.62,credits
ORD-101096,CUST-00149,delivered,2026-03-15T21:13:44+00:00,5,,4,Deep Space Nine,,70950.56,credits
ORD-101097,CUST-00146,delivered,2026-03-25T07:35:33+00:00,14,,7,Jupiter Station,,13036.20,credits
ORD-101098,CUST-00351,delivered,2026-06-16T04:45:31+00:00,12,,18,Enceladus Outpost,6,46819.40,credits
ORD-101099,CUST-00099,delivered,2026-04-23T19:28:56+00:00,15,,10,Starbase 375,,2622.74,credits
ORD-101100,CUST-00211,dispatched,2026-03-21T17:21:48+00:00,15,,10,Starbase 375,,2724.07,credits
ORD-101101,CUST-00221,delivered,2026-05-29T04:22:33+00:00,2,,5,Utopia Planitia,,43888.58,credits
ORD-101102,CUST-00247,delivered,2026-03-05T00:54:06+00:00,8,,7,Jupiter Station,8,399599.58,credits
ORD-101103,CUST-00337,delivered,2026-05-27T07:33:32+00:00,2,,5,Utopia Planitia,,19455.19,credits
ORD-101104,CUST-00396,delivered,2026-05-03T10:10:39+00:00,10,,15,Medina Station,,4891.04,credits
ORD-101105,CUST-00330,cancelled,2026-05-20T12:10:09+00:00,14,,7,Jupiter Station,,10266.20,credits
ORD-101106,CUST-00173,delivered,2026-06-24T04:14:57+00:00,5,,4,Deep Space Nine,,130944.93,credits
ORD-101107,CUST-00041,delivered,2026-07-11T16:56:58+00:00,12,,18,Enceladus Outpost,5,2191.86,credits
ORD-101108,CUST-00059,delivered,2026-04-25T13:05:20+00:00,6,,12,Tycho Station,,81145.98,credits
ORD-101109,CUST-00008,delivered,2026-04-10T07:29:04+00:00,5,,4,Deep Space Nine,,53488.39,credits
ORD-101110,CUST-00195,delivered,2026-08-09T02:55:32+00:00,13,,8,Starbase 11,5,160361.90,credits
ORD-101111,CUST-00194,delivered,2026-04-06T08:05:12+00:00,20,,20,Triton Relay,,16162.28,credits
ORD-101112,CUST-00044,delivered,2026-04-10T12:29:06+00:00,8,,7,Jupiter Station,10,65343.81,credits
ORD-101113,CUST-00182,delivered,2026-05-09T06:54:59+00:00,13,,8,Starbase 11,3,134147.00,credits
ORD-101114,CUST-00310,delivered,2026-05-03T02:00:53+00:00,8,,7,Jupiter Station,,164464.14,credits
ORD-101115,CUST-00331,delivered,2026-03-12T09:26:50+00:00,18,,12,Tycho Station,,8659.76,credits
ORD-101116,CUST-00144,cancelled,2026-05-14T20:15:25+00:00,15,,10,Starbase 375,,8756.81,credits
ORD-101117,CUST-00055,delivered,2026-03-14T09:38:12+00:00,1,,13,Polaris,,24081.84,credits
ORD-101118,CUST-00361,cancelled,2026-03-14T02:51:22+00:00,14,,7,Jupiter Station,,8795.90,credits
ORD-101119,CUST-00172,delivered,2026-06-17T23:26:44+00:00,19,,9,K-7 Station,,3579.25,credits
ORD-101120,CUST-00109,dispatched,2026-06-01T12:45:07+00:00,8,,7,Jupiter Station,1,9024.87,credits
ORD-101121,CUST-00121,dispatched,2026-06-25T06:50:47+00:00,4,,5,Utopia Planitia,,3346.14,credits
ORD-101122,CUST-00339,dispatched,2026-08-07T12:28:59+00:00,8,,7,Jupiter Station,,33392.92,credits
ORD-101123,CUST-00329,delivered,2026-07-01T00:25:44+00:00,4,,5,Utopia Planitia,,3685.36,credits
ORD-101124,CUST-00304,delivered,2026-08-25T15:44:53+00:00,18,,12,Tycho Station,5,16980.20,credits
ORD-101125,CUST-00333,placed,2026-05-24T23:03:05+00:00,2,,5,Utopia Planitia,,6767.06,credits
ORD-101126,CUST-00168,delivered,2026-03-19T02:54:14+00:00,14,,7,Jupiter Station,,71468.82,credits
ORD-101127,CUST-00272,cancelled,2026-08-18T15:43:56+00:00,10,,15,Medina Station,,73412.88,credits
ORD-101128,CUST-00239,cancelled,2026-08-08T03:30:24+00:00,8,,7,Jupiter Station,,63240.44,credits
ORD-101129,CUST-00033,dispatched,2026-03-08T14:27:17+00:00,8,,7,Jupiter Station,,1126.37,credits
ORD-101130,CUST-00342,delivered,2026-08-30T17:09:56+00:00,3,,5,Utopia Planitia,,14548.65,credits
ORD-101131,CUST-00299,delivered,2026-08-02T23:40:27+00:00,9,,14,Atlantis,,460684.06,credits
ORD-101132,CUST-00114,dispatched,2026-06-18T19:43:42+00:00,2,,5,Utopia Planitia,,65201.46,credits
ORD-101133,CUST-00400,delivered,2026-07-14T00:45:46+00:00,16,,11,New Horizons,,4653.52,credits
ORD-101134,CUST-00204,dispatched,2026-03-06T18:36:31+00:00,13,,8,Starbase 11,,30111.68,credits
ORD-101135,CUST-00184,delivered,2026-07-27T02:04:30+00:00,16,,11,New Horizons,,148032.37,credits
ORD-101136,CUST-00076,cancelled,2026-06-09T05:13:13+00:00,12,,18,Enceladus Outpost,,6404.24,credits
ORD-101137,CUST-00016,placed,2026-07-18T05:40:16+00:00,1,,13,Polaris,,2112.63,credits
ORD-101138,CUST-00327,delivered,2026-04-05T09:34:22+00:00,18,,12,Tycho Station,,88198.34,credits
ORD-101139,CUST-00012,picked,2026-05-15T23:46:20+00:00,18,,12,Tycho Station,,397967.18,credits
ORD-101140,CUST-00181,delivered,2026-03-24T13:00:28+00:00,11,,17,Titan Base Alpha,6,22019.75,credits
ORD-101141,CUST-00098,dispatched,2026-08-22T18:07:27+00:00,9,,14,Atlantis,,181671.12,credits
ORD-101142,CUST-00058,delivered,2026-08-29T08:04:01+00:00,14,,7,Jupiter Station,7,32168.38,credits
ORD-101143,CUST-00280,delivered,2026-05-14T09:09:37+00:00,10,,15,Medina Station,,9161.64,credits
ORD-101144,CUST-00004,delivered,2026-03-05T05:45:21+00:00,11,,17,Titan Base Alpha,,17551.03,credits
ORD-101145,CUST-00025,delivered,2026-07-07T22:19:31+00:00,11,,17,Titan Base Alpha,,142934.67,credits
ORD-101146,CUST-00055,delivered,2026-03-30T08:34:37+00:00,3,,5,Utopia Planitia,,277395.15,credits
ORD-101147,CUST-00389,picked,2026-06-29T07:23:44+00:00,19,,9,K-7 Station,,34402.26,credits
ORD-101148,CUST-00169,delivered,2026-08-17T14:20:28+00:00,10,,15,Medina Station,,27883.08,credits
ORD-101149,CUST-00363,delivered,2026-05-24T00:35:36+00:00,10,,15,Medina Station,,44802.66,credits
ORD-101150,CUST-00093,dispatched,2026-04-22T16:40:36+00:00,4,,5,Utopia Planitia,,4373.41,credits
ORD-101151,CUST-00352,delivered,2026-05-11T01:58:50+00:00,16,,11,New Horizons,2,107677.44,credits
ORD-101152,CUST-00075,delivered,2026-06-02T18:29:25+00:00,17,,23,Pallas Shipyard,,252933.12,credits
ORD-101153,CUST-00122,delivered,2026-07-29T09:17:07+00:00,16,,11,New Horizons,,38533.07,credits
ORD-101154,CUST-00395,delivered,2026-05-12T18:41:58+00:00,11,,17,Titan Base Alpha,,16778.34,credits
ORD-101155,CUST-00361,delivered,2026-06-18T16:19:52+00:00,19,,9,K-7 Station,,11357.16,credits
ORD-101156,CUST-00051,cancelled,2026-06-28T05:09:12+00:00,15,,10,Starbase 375,4,6336.76,credits
ORD-101157,CUST-00102,delivered,2026-05-22T17:21:43+00:00,17,,23,Pallas Shipyard,,681.12,credits
ORD-101158,CUST-00235,delivered,2026-05-20T19:21:56+00:00,8,,7,Jupiter Station,,127740.86,credits
ORD-101159,CUST-00077,delivered,2026-03-11T11:36:17+00:00,2,,5,Utopia Planitia,,875.80,credits
ORD-101160,CUST-00340,cancelled,2026-03-24T20:01:23+00:00,20,,20,Triton Relay,1,160503.75,credits
ORD-101161,CUST-00198,delivered,2026-05-12T10:51:21+00:00,10,,15,Medina Station,,12427.45,credits
ORD-101162,CUST-00256,delivered,2026-07-16T05:44:47+00:00,16,,11,New Horizons,,50602.23,credits
ORD-101163,CUST-00352,picked,2026-04-08T18:54:13+00:00,6,,12,Tycho Station,,135888.65,credits
ORD-101164,CUST-00130,placed,2026-08-04T21:52:14+00:00,10,,15,Medina Station,,97294.70,credits
ORD-101165,CUST-00302,dispatched,2026-07-31T13:02:55+00:00,3,,5,Utopia Planitia,,120766.76,credits
ORD-101166,CUST-00335,delivered,2026-06-22T17:59:09+00:00,15,,10,Starbase 375,,70098.08,credits
ORD-101167,CUST-00296,delivered,2026-03-14T00:41:27+00:00,18,,12,Tycho Station,,67907.80,credits
ORD-101168,CUST-00112,delivered,2026-07-19T15:29:29+00:00,15,,10,Starbase 375,,16924.85,credits
ORD-101169,CUST-00079,dispatched,2026-05-18T06:55:31+00:00,18,,12,Tycho Station,,39062.16,credits
ORD-101170,CUST-00374,delivered,2026-07-17T15:55:36+00:00,13,,8,Starbase 11,,313.60,credits
ORD-101171,CUST-00390,delivered,2026-04-04T16:49:46+00:00,9,,14,Atlantis,,37571.22,credits
ORD-101172,CUST-00240,delivered,2026-03-15T19:24:28+00:00,4,,5,Utopia Planitia,,10133.89,credits
ORD-101173,CUST-00035,delivered,2026-03-09T15:35:47+00:00,3,,5,Utopia Planitia,,920.59,credits
ORD-101174,CUST-00148,dispatched,2026-06-30T19:30:17+00:00,19,,9,K-7 Station,,110732.91,credits
ORD-101175,CUST-00307,delivered,2026-05-22T21:43:43+00:00,14,,7,Jupiter Station,,321749.78,credits
ORD-101176,CUST-00058,delivered,2026-04-24T19:49:14+00:00,12,,18,Enceladus Outpost,6,34398.40,credits
ORD-101177,CUST-00381,delivered,2026-03-02T19:46:25+00:00,13,,8,Starbase 11,,33779.88,credits
ORD-101178,CUST-00173,dispatched,2026-06-11T10:09:28+00:00,17,,23,Pallas Shipyard,,196844.00,credits
ORD-101179,CUST-00047,delivered,2026-08-27T21:13:03+00:00,2,,5,Utopia Planitia,,93844.62,credits
ORD-101180,CUST-00021,delivered,2026-04-07T04:00:21+00:00,5,,4,Deep Space Nine,,294711.04,credits
ORD-101181,CUST-00281,delivered,2026-08-31T03:30:46+00:00,4,,5,Utopia Planitia,,143295.85,credits
ORD-101182,CUST-00235,delivered,2026-07-06T17:33:29+00:00,6,,12,Tycho Station,5,2459.20,credits
ORD-101183,CUST-00036,placed,2026-05-11T18:13:16+00:00,8,,7,Jupiter Station,,28601.81,credits
ORD-101184,CUST-00193,delivered,2026-07-11T12:08:45+00:00,8,,7,Jupiter Station,5,32433.18,credits
ORD-101185,CUST-00266,cancelled,2026-05-20T09:15:15+00:00,1,,13,Polaris,1,2680.64,credits
ORD-101186,CUST-00028,cancelled,2026-06-21T14:55:55+00:00,7,,22,Vesta Prime,8,527.49,credits
ORD-101187,CUST-00181,delivered,2026-04-18T22:00:31+00:00,14,,7,Jupiter Station,,86.58,credits
ORD-101188,CUST-00164,delivered,2026-05-28T00:10:40+00:00,10,,15,Medina Station,,27003.91,credits
ORD-101189,CUST-00222,delivered,2026-03-11T07:05:42+00:00,19,,9,K-7 Station,,241883.02,credits
ORD-101190,CUST-00086,delivered,2026-04-10T23:30:34+00:00,7,,22,Vesta Prime,,14549.47,credits
ORD-101191,CUST-00237,delivered,2026-03-08T20:45:23+00:00,13,,8,Starbase 11,9,132651.48,credits
ORD-101192,CUST-00232,delivered,2026-08-12T04:49:29+00:00,16,,11,New Horizons,5,31820.30,credits
ORD-101193,CUST-00131,delivered,2026-04-09T18:26:40+00:00,2,,5,Utopia Planitia,,262467.54,credits
ORD-101194,CUST-00006,delivered,2026-05-11T06:11:45+00:00,10,,15,Medina Station,,1539.68,credits
ORD-101195,CUST-00239,placed,2026-03-08T19:20:13+00:00,15,,10,Starbase 375,,8337.25,credits
ORD-101196,CUST-00031,cancelled,2026-04-02T12:09:34+00:00,3,,5,Utopia Planitia,4,9945.24,credits
ORD-101197,CUST-00115,delivered,2026-05-31T06:13:29+00:00,8,,7,Jupiter Station,,6728.50,credits
ORD-101198,CUST-00252,delivered,2026-07-09T19:36:23+00:00,6,,12,Tycho Station,6,40711.94,credits
ORD-101199,CUST-00324,picked,2026-06-22T01:29:57+00:00,3,,5,Utopia Planitia,,279085.80,credits
ORD-101200,CUST-00343,cancelled,2026-08-13T11:31:18+00:00,17,,23,Pallas Shipyard,2,108395.76,credits
ORD-101201,CUST-00364,dispatched,2026-05-21T19:56:16+00:00,10,,15,Medina Station,,2678.08,credits
ORD-101202,CUST-00281,cancelled,2026-05-16T22:11:37+00:00,5,,4,Deep Space Nine,,64913.08,credits
ORD-101203,CUST-00103,delivered,2026-04-29T10:37:36+00:00,14,,7,Jupiter Station,,276571.62,credits
ORD-101204,CUST-00336,delivered,2026-04-09T03:13:51+00:00,8,,7,Jupiter Station,,77767.36,credits
ORD-101205,CUST-00308,delivered,2026-06-19T03:49:07+00:00,20,,20,Triton Relay,,6847.81,credits
ORD-101206,CUST-00048,delivered,2026-07-30T20:33:45+00:00,10,,15,Medina Station,,701.22,credits
ORD-101207,CUST-00294,delivered,2026-08-21T04:14:48+00:00,4,,5,Utopia Planitia,,12533.68,credits
ORD-101208,CUST-00336,delivered,2026-08-24T07:17:51+00:00,7,,22,Vesta Prime,,33138.68,credits
ORD-101209,CUST-00201,delivered,2026-03-15T02:52:24+00:00,12,,18,Enceladus Outpost,,2380.24,credits
ORD-101210,CUST-00040,cancelled,2026-08-14T19:38:17+00:00,3,,5,Utopia Planitia,,87021.32,credits
ORD-101211,CUST-00207,delivered,2026-06-10T02:17:41+00:00,20,,20,Triton Relay,,32513.76,credits
ORD-101212,CUST-00386,delivered,2026-05-26T10:38:46+00:00,13,,8,Starbase 11,,4100.29,credits
ORD-101213,CUST-00192,delivered,2026-05-26T15:12:25+00:00,18,,12,Tycho Station,,233718.03,credits
ORD-101214,CUST-00211,delivered,2026-06-21T15:49:05+00:00,9,,14,Atlantis,,64398.93,credits
ORD-101215,CUST-00295,delivered,2026-07-02T11:28:11+00:00,15,,10,Starbase 375,6,41425.80,credits
ORD-101216,CUST-00276,picked,2026-03-31T16:38:10+00:00,13,,8,Starbase 11,,55645.94,credits
ORD-101217,CUST-00205,delivered,2026-05-25T12:32:15+00:00,1,,13,Polaris,,10506.00,credits
ORD-101218,CUST-00347,delivered,2026-08-09T00:54:05+00:00,9,,14,Atlantis,,925.46,credits
ORD-101219,CUST-00301,delivered,2026-05-08T20:28:01+00:00,16,,11,New Horizons,,135463.34,credits
ORD-101220,CUST-00185,picked,2026-07-18T05:51:31+00:00,2,,5,Utopia Planitia,,87095.72,credits
ORD-101221,CUST-00293,delivered,2026-08-30T09:08:53+00:00,11,,17,Titan Base Alpha,,59013.14,credits
ORD-101222,CUST-00257,picked,2026-03-04T07:20:43+00:00,1,,13,Polaris,,187957.80,credits
ORD-101223,CUST-00061,dispatched,2026-08-30T21:43:54+00:00,14,,7,Jupiter Station,,57864.56,credits
ORD-101224,CUST-00285,delivered,2026-04-02T02:44:58+00:00,4,,5,Utopia Planitia,,77803.35,credits
ORD-101225,CUST-00077,delivered,2026-04-21T10:24:17+00:00,18,,12,Tycho Station,,16984.86,credits
ORD-101226,CUST-00374,delivered,2026-07-13T22:41:05+00:00,3,,5,Utopia Planitia,,33658.50,credits
ORD-101227,CUST-00393,dispatched,2026-07-04T23:31:29+00:00,10,,15,Medina Station,,192424.35,credits
ORD-101228,CUST-00062,dispatched,2026-05-27T05:48:10+00:00,5,,4,Deep Space Nine,,1854.22,credits
ORD-101229,CUST-00210,delivered,2026-06-14T13:19:25+00:00,13,,8,Starbase 11,7,37190.02,credits
ORD-101230,CUST-00242,delivered,2026-07-30T16:15:17+00:00,1,,13,Polaris,1,7690.89,credits
ORD-101231,CUST-00226,dispatched,2026-08-23T08:51:21+00:00,14,,7,Jupiter Station,,4482.20,credits
ORD-101232,CUST-00203,dispatched,2026-08-21T18:22:00+00:00,12,,18,Enceladus Outpost,,1984.52,credits
ORD-101233,CUST-00387,dispatched,2026-03-16T11:28:14+00:00,5,,4,Deep Space Nine,,8573.96,credits
ORD-101234,CUST-00237,delivered,2026-03-11T04:17:29+00:00,9,,14,Atlantis,,3873.24,credits
ORD-101235,CUST-00325,cancelled,2026-07-30T11:44:25+00:00,19,,9,K-7 Station,6,89164.06,credits
ORD-101236,CUST-00082,delivered,2026-04-29T23:44:45+00:00,17,,23,Pallas Shipyard,,325251.14,credits
ORD-101237,CUST-00018,placed,2026-06-23T17:56:51+00:00,7,,22,Vesta Prime,,17789.66,credits
ORD-101238,CUST-00264,delivered,2026-07-15T16:51:45+00:00,7,,22,Vesta Prime,,15210.65,credits
ORD-101239,CUST-00277,delivered,2026-08-15T10:13:45+00:00,1,,13,Polaris,,323299.61,credits
ORD-101240,CUST-00105,delivered,2026-04-03T02:44:23+00:00,9,,14,Atlantis,,250000.78,credits
ORD-101241,CUST-00216,delivered,2026-06-01T01:25:41+00:00,12,,18,Enceladus Outpost,,3481.07,credits
ORD-101242,CUST-00296,dispatched,2026-06-18T05:19:09+00:00,18,,12,Tycho Station,,87123.56,credits
ORD-101243,CUST-00181,dispatched,2026-06-11T19:18:00+00:00,19,,9,K-7 Station,,183339.14,credits
ORD-101244,CUST-00381,delivered,2026-06-15T02:01:42+00:00,10,,15,Medina Station,,32728.47,credits
ORD-101245,CUST-00180,delivered,2026-08-16T19:04:27+00:00,13,,8,Starbase 11,,341274.88,credits
ORD-101246,CUST-00155,delivered,2026-07-11T16:22:39+00:00,18,,12,Tycho Station,,245029.71,credits
ORD-101247,CUST-00102,delivered,2026-03-25T07:34:28+00:00,16,,11,New Horizons,,75235.41,credits
ORD-101248,CUST-00338,delivered,2026-06-08T09:47:28+00:00,11,,17,Titan Base Alpha,,69935.52,credits
ORD-101249,CUST-00126,placed,2026-05-30T01:09:15+00:00,9,,14,Atlantis,,147706.41,credits
ORD-101250,CUST-00024,delivered,2026-07-25T07:22:16+00:00,17,,23,Pallas Shipyard,,10828.16,credits
ORD-101251,CUST-00200,delivered,2026-04-30T00:57:19+00:00,2,,5,Utopia Planitia,9,56668.08,credits
ORD-101252,CUST-00377,delivered,2026-04-01T07:46:36+00:00,19,,9,K-7 Station,,132352.90,credits
ORD-101253,CUST-00360,delivered,2026-08-11T19:14:13+00:00,3,,5,Utopia Planitia,,23586.50,credits
ORD-101254,CUST-00115,delivered,2026-05-20T16:00:06+00:00,17,,23,Pallas Shipyard,1,34509.76,credits
ORD-101255,CUST-00192,delivered,2026-03-15T03:42:52+00:00,18,,12,Tycho Station,,203303.46,credits
ORD-101256,CUST-00339,delivered,2026-03-20T22:06:38+00:00,16,,11,New Horizons,,141701.22,credits
ORD-101257,CUST-00144,dispatched,2026-05-30T22:28:16+00:00,19,,9,K-7 Station,10,100335.85,credits
ORD-101258,CUST-00354,delivered,2026-06-15T02:10:07+00:00,6,,12,Tycho Station,,11275.86,credits
ORD-101259,CUST-00342,delivered,2026-08-19T04:14:07+00:00,5,,4,Deep Space Nine,,407924.87,credits
ORD-101260,CUST-00299,picked,2026-08-10T12:50:17+00:00,13,,8,Starbase 11,,22591.94,credits
ORD-101261,CUST-00398,delivered,2026-08-24T22:04:44+00:00,4,,5,Utopia Planitia,,197.15,credits
ORD-101262,CUST-00167,delivered,2026-05-11T07:43:39+00:00,9,,14,Atlantis,,30365.02,credits
ORD-101263,CUST-00041,delivered,2026-04-06T05:20:54+00:00,10,,15,Medina Station,,19861.84,credits
ORD-101264,CUST-00177,picked,2026-03-12T14:24:05+00:00,7,,22,Vesta Prime,,104094.50,credits
ORD-101265,CUST-00062,picked,2026-06-08T12:56:35+00:00,13,,8,Starbase 11,,11803.87,credits
ORD-101266,CUST-00305,delivered,2026-07-02T11:52:59+00:00,14,,7,Jupiter Station,6,18792.81,credits
ORD-101267,CUST-00104,delivered,2026-04-08T04:00:40+00:00,11,,17,Titan Base Alpha,,35510.56,credits
ORD-101268,CUST-00140,placed,2026-06-14T23:14:46+00:00,12,,18,Enceladus Outpost,,11953.66,credits
ORD-101269,CUST-00056,delivered,2026-08-26T09:02:48+00:00,9,,14,Atlantis,1,39590.12,credits
ORD-101270,CUST-00252,delivered,2026-07-23T09:10:26+00:00,20,,20,Triton Relay,,22711.59,credits
ORD-101271,CUST-00259,cancelled,2026-06-24T10:12:20+00:00,16,,11,New Horizons,,73233.31,credits
ORD-101272,CUST-00060,cancelled,2026-06-28T15:10:00+00:00,3,,5,Utopia Planitia,,10540.38,credits
ORD-101273,CUST-00135,delivered,2026-06-10T22:52:32+00:00,15,,10,Starbase 375,,14052.23,credits
ORD-101274,CUST-00351,delivered,2026-08-31T09:45:57+00:00,7,,22,Vesta Prime,,5067.71,credits
ORD-101275,CUST-00147,delivered,2026-04-06T06:04:38+00:00,12,,18,Enceladus Outpost,,142811.64,credits
ORD-101276,CUST-00142,dispatched,2026-06-24T19:38:31+00:00,19,,9,K-7 Station,,65415.36,credits
ORD-101277,CUST-00321,delivered,2026-07-14T08:13:29+00:00,3,,5,Utopia Planitia,8,9421.11,credits
ORD-101278,CUST-00110,dispatched,2026-04-11T23:56:47+00:00,4,,5,Utopia Planitia,,53876.95,credits
ORD-101279,CUST-00236,dispatched,2026-07-06T11:25:00+00:00,16,,11,New Horizons,,11465.23,credits
ORD-101280,CUST-00282,delivered,2026-03-31T08:48:28+00:00,5,,4,Deep Space Nine,,70622.98,credits
ORD-101281,CUST-00006,delivered,2026-06-01T08:34:22+00:00,10,,15,Medina Station,,59229.39,credits
ORD-101282,CUST-00373,delivered,2026-07-27T13:22:06+00:00,9,,14,Atlantis,,3795.40,credits
ORD-101283,CUST-00046,placed,2026-08-29T11:47:52+00:00,16,,11,New Horizons,,10544.64,credits
ORD-101284,CUST-00283,delivered,2026-07-25T06:48:54+00:00,12,,18,Enceladus Outpost,10,530.04,credits
ORD-101285,CUST-00237,delivered,2026-07-12T19:04:37+00:00,14,,7,Jupiter Station,,38800.00,credits
ORD-101286,CUST-00252,dispatched,2026-04-19T10:19:33+00:00,5,,4,Deep Space Nine,,15459.92,credits
ORD-101287,CUST-00212,delivered,2026-07-06T23:33:25+00:00,9,,14,Atlantis,,112.49,credits
ORD-101288,CUST-00338,cancelled,2026-07-25T05:48:12+00:00,20,,20,Triton Relay,,278848.16,credits
ORD-101289,CUST-00235,delivered,2026-06-19T14:10:57+00:00,6,,12,Tycho Station,,4919.60,credits
ORD-101290,CUST-00101,delivered,2026-07-04T05:46:53+00:00,6,,12,Tycho Station,6,291360.48,credits
ORD-101291,CUST-00275,delivered,2026-06-16T15:55:53+00:00,18,,12,Tycho Station,9,286032.02,credits
ORD-101292,CUST-00255,delivered,2026-04-13T23:05:22+00:00,2,,5,Utopia Planitia,7,81093.60,credits
ORD-101293,CUST-00327,placed,2026-05-04T07:41:39+00:00,5,,4,Deep Space Nine,,93221.54,credits
ORD-101294,CUST-00133,dispatched,2026-03-07T17:13:12+00:00,11,,17,Titan Base Alpha,,1866.52,credits
ORD-101295,CUST-00096,dispatched,2026-03-31T14:13:03+00:00,20,,20,Triton Relay,,7621.96,credits
ORD-101296,CUST-00198,delivered,2026-04-15T09:59:25+00:00,7,,22,Vesta Prime,,21321.34,credits
ORD-101297,CUST-00112,dispatched,2026-07-03T02:03:56+00:00,5,,4,Deep Space Nine,,14415.00,credits
ORD-101298,CUST-00023,picked,2026-07-15T20:30:12+00:00,16,,11,New Horizons,,63589.63,credits
ORD-101299,CUST-00266,delivered,2026-04-30T20:23:17+00:00,7,,22,Vesta Prime,2,51481.32,credits
ORD-101300,CUST-00394,placed,2026-06-13T15:03:30+00:00,6,,12,Tycho Station,,11841.92,credits
ORD-101301,CUST-00044,cancelled,2026-08-22T19:41:37+00:00,18,,12,Tycho Station,,31951.61,credits
ORD-101302,CUST-00267,picked,2026-08-20T16:28:00+00:00,10,,15,Medina Station,,9621.52,credits
ORD-101303,CUST-00172,delivered,2026-03-03T16:13:48+00:00,17,,23,Pallas Shipyard,1,26476.16,credits
ORD-101304,CUST-00117,delivered,2026-07-11T00:55:18+00:00,9,,14,Atlantis,,23805.45,credits
ORD-101305,CUST-00232,dispatched,2026-07-08T16:20:47+00:00,18,,12,Tycho Station,,41879.08,credits
ORD-101306,CUST-00022,delivered,2026-07-22T11:10:13+00:00,18,,12,Tycho Station,,106810.36,credits
ORD-101307,CUST-00011,delivered,2026-04-12T00:07:09+00:00,20,,20,Triton Relay,,144655.02,credits
ORD-101308,CUST-00103,cancelled,2026-08-18T01:58:22+00:00,3,,5,Utopia Planitia,1,21742.66,credits
ORD-101309,CUST-00153,delivered,2026-05-13T22:21:40+00:00,17,,23,Pallas Shipyard,,257801.72,credits
ORD-101310,CUST-00249,dispatched,2026-08-21T03:32:21+00:00,5,,4,Deep Space Nine,,21162.48,credits
ORD-101311,CUST-00215,delivered,2026-07-13T08:47:32+00:00,17,,23,Pallas Shipyard,6,233373.98,credits
ORD-101312,CUST-00263,delivered,2026-05-12T00:28:59+00:00,18,,12,Tycho Station,6,105507.49,credits
ORD-101313,CUST-00261,delivered,2026-03-20T08:23:36+00:00,17,,23,Pallas Shipyard,,273204.37,credits
ORD-101314,CUST-00076,delivered,2026-07-29T09:36:44+00:00,10,,15,Medina Station,,61160.84,credits
ORD-101315,CUST-00348,delivered,2026-05-27T05:49:28+00:00,19,,9,K-7 Station,,9828.54,credits
ORD-101316,CUST-00080,dispatched,2026-07-04T15:58:59+00:00,5,,4,Deep Space Nine,,11506.13,credits
ORD-101317,CUST-00173,delivered,2026-05-01T21:30:44+00:00,18,,12,Tycho Station,,123909.62,credits
ORD-101318,CUST-00381,placed,2026-03-24T02:40:45+00:00,19,,9,K-7 Station,,62299.22,credits
ORD-101319,CUST-00297,dispatched,2026-07-28T16:32:34+00:00,15,,10,Starbase 375,,14188.53,credits
ORD-101320,CUST-00391,delivered,2026-04-20T18:02:11+00:00,18,,12,Tycho Station,6,90880.43,credits
ORD-101321,CUST-00287,dispatched,2026-08-05T05:47:49+00:00,18,,12,Tycho Station,,91276.28,credits
ORD-101322,CUST-00373,dispatched,2026-05-18T21:44:35+00:00,14,,7,Jupiter Station,8,444635.44,credits
ORD-101323,CUST-00087,delivered,2026-06-08T10:21:51+00:00,10,,15,Medina Station,,101018.17,credits
ORD-101324,CUST-00321,delivered,2026-07-28T20:40:56+00:00,13,,8,Starbase 11,,12216.30,credits
ORD-101325,CUST-00116,dispatched,2026-04-23T16:20:31+00:00,15,,10,Starbase 375,,35510.13,credits
ORD-101326,CUST-00168,delivered,2026-06-07T17:43:00+00:00,19,,9,K-7 Station,,223828.17,credits
ORD-101327,CUST-00334,delivered,2026-05-06T01:23:26+00:00,14,,7,Jupiter Station,,686.24,credits
ORD-101328,CUST-00150,cancelled,2026-03-23T02:40:36+00:00,5,,4,Deep Space Nine,,61523.51,credits
ORD-101329,CUST-00048,delivered,2026-07-14T03:15:14+00:00,19,,9,K-7 Station,,31336.62,credits
ORD-101330,CUST-00364,delivered,2026-07-07T04:13:13+00:00,19,,9,K-7 Station,,27945.56,credits
ORD-101331,CUST-00252,delivered,2026-03-10T13:23:39+00:00,2,,5,Utopia Planitia,2,19593.74,credits
ORD-101332,CUST-00316,picked,2026-06-18T00:40:30+00:00,20,,20,Triton Relay,5,2526.76,credits
ORD-101333,CUST-00246,dispatched,2026-04-01T17:37:29+00:00,12,,18,Enceladus Outpost,,904.08,credits
ORD-101334,CUST-00229,placed,2026-04-09T01:11:14+00:00,8,,7,Jupiter Station,,142263.96,credits
ORD-101335,CUST-00104,delivered,2026-03-23T10:09:26+00:00,13,,8,Starbase 11,,72363.30,credits
ORD-101336,CUST-00233,placed,2026-03-29T02:49:04+00:00,11,,17,Titan Base Alpha,,1454.86,credits
ORD-101337,CUST-00092,delivered,2026-08-26T06:36:51+00:00,3,,5,Utopia Planitia,,159260.62,credits
ORD-101338,CUST-00299,delivered,2026-03-21T22:33:14+00:00,11,,17,Titan Base Alpha,,54379.75,credits
ORD-101339,CUST-00172,delivered,2026-03-29T03:03:38+00:00,11,,17,Titan Base Alpha,1,12998.36,credits
ORD-101340,CUST-00392,delivered,2026-03-02T17:57:18+00:00,8,,7,Jupiter Station,,51942.13,credits
ORD-101341,CUST-00050,delivered,2026-03-03T21:53:51+00:00,15,,10,Starbase 375,,109521.87,credits
ORD-101342,CUST-00277,delivered,2026-06-06T22:04:03+00:00,12,,18,Enceladus Outpost,,10622.71,credits
ORD-101343,CUST-00281,delivered,2026-05-03T00:33:38+00:00,7,,22,Vesta Prime,10,7865.35,credits
ORD-101344,CUST-00323,delivered,2026-05-30T00:36:16+00:00,10,,15,Medina Station,,58187.59,credits
ORD-101345,CUST-00094,delivered,2026-03-29T16:55:55+00:00,15,,10,Starbase 375,,6129.67,credits
ORD-101346,CUST-00035,delivered,2026-05-11T06:08:31+00:00,19,,9,K-7 Station,9,26034.34,credits
ORD-101347,CUST-00269,delivered,2026-06-28T03:06:36+00:00,15,,10,Starbase 375,,100724.78,credits
ORD-101348,CUST-00252,delivered,2026-04-21T03:13:23+00:00,15,,10,Starbase 375,,125465.15,credits
ORD-101349,CUST-00344,delivered,2026-04-14T23:33:26+00:00,20,,20,Triton Relay,6,153419.85,credits
ORD-101350,CUST-00251,delivered,2026-05-07T09:13:34+00:00,16,,11,New Horizons,,332106.92,credits
ORD-101351,CUST-00075,delivered,2026-03-21T07:43:02+00:00,2,,5,Utopia Planitia,7,3498.47,credits
ORD-101352,CUST-00329,picked,2026-07-14T21:17:49+00:00,13,,8,Starbase 11,,73351.36,credits
ORD-101353,CUST-00282,delivered,2026-05-04T18:10:51+00:00,16,,11,New Horizons,3,10314.26,credits
ORD-101354,CUST-00005,delivered,2026-07-24T06:04:58+00:00,8,,7,Jupiter Station,,190195.09,credits
ORD-101355,CUST-00357,delivered,2026-03-18T14:10:03+00:00,3,,5,Utopia Planitia,,396.00,credits
ORD-101356,CUST-00192,delivered,2026-08-12T12:36:48+00:00,15,,10,Starbase 375,,65235.57,credits
ORD-101357,CUST-00368,delivered,2026-03-05T00:06:54+00:00,3,,5,Utopia Planitia,,51032.39,credits
ORD-101358,CUST-00329,cancelled,2026-04-24T06:19:29+00:00,4,,5,Utopia Planitia,,53609.52,credits
ORD-101359,CUST-00190,delivered,2026-03-14T07:21:45+00:00,13,,8,Starbase 11,,217450.90,credits
ORD-101360,CUST-00146,delivered,2026-07-04T12:58:03+00:00,1,,13,Polaris,8,46811.48,credits
ORD-101361,CUST-00128,delivered,2026-07-13T20:48:47+00:00,19,,9,K-7 Station,8,17013.54,credits
ORD-101362,CUST-00174,delivered,2026-03-18T06:43:12+00:00,13,,8,Starbase 11,10,35198.58,credits
ORD-101363,CUST-00035,delivered,2026-06-19T22:21:11+00:00,11,,17,Titan Base Alpha,,61624.77,credits
ORD-101364,CUST-00053,delivered,2026-04-10T00:48:05+00:00,10,,15,Medina Station,,2119.55,credits
ORD-101365,CUST-00146,delivered,2026-06-14T19:19:34+00:00,6,,12,Tycho Station,2,18847.46,credits
ORD-101366,CUST-00235,cancelled,2026-08-03T23:07:35+00:00,11,,17,Titan Base Alpha,,34646.76,credits
ORD-101367,CUST-00336,picked,2026-03-25T04:56:46+00:00,1,,13,Polaris,6,32974.08,credits
ORD-101368,CUST-00377,dispatched,2026-06-10T13:28:51+00:00,9,,14,Atlantis,,90245.03,credits
ORD-101369,CUST-00396,delivered,2026-08-06T10:11:50+00:00,5,,4,Deep Space Nine,,25013.40,credits
ORD-101370,CUST-00010,delivered,2026-08-30T05:27:22+00:00,20,,20,Triton Relay,,83070.39,credits
ORD-101371,CUST-00092,delivered,2026-06-20T20:12:42+00:00,16,,11,New Horizons,,208507.50,credits
ORD-101372,CUST-00378,dispatched,2026-05-10T02:52:05+00:00,2,,5,Utopia Planitia,,322321.38,credits
ORD-101373,CUST-00042,dispatched,2026-05-21T17:58:49+00:00,7,,22,Vesta Prime,,4770.71,credits
ORD-101374,CUST-00314,delivered,2026-04-20T18:22:04+00:00,13,,8,Starbase 11,,1878.66,credits
ORD-101375,CUST-00190,delivered,2026-05-25T22:59:58+00:00,19,,9,K-7 Station,,86283.92,credits
ORD-101376,CUST-00220,delivered,2026-06-11T15:15:31+00:00,8,,7,Jupiter Station,,4366.63,credits
ORD-101377,CUST-00239,dispatched,2026-08-29T09:43:28+00:00,2,,5,Utopia Planitia,,32240.20,credits
ORD-101378,CUST-00083,cancelled,2026-05-21T16:25:10+00:00,15,,10,Starbase 375,,50130.11,credits
ORD-101379,CUST-00124,delivered,2026-06-19T16:09:19+00:00,2,,5,Utopia Planitia,,98410.25,credits
ORD-101380,CUST-00217,delivered,2026-06-17T18:30:55+00:00,3,,5,Utopia Planitia,,9474.35,credits
ORD-101381,CUST-00254,delivered,2026-04-24T01:51:01+00:00,9,,14,Atlantis,,22226.26,credits
ORD-101382,CUST-00173,cancelled,2026-05-25T19:22:27+00:00,12,,18,Enceladus Outpost,,28455.98,credits
ORD-101383,CUST-00387,delivered,2026-04-03T06:32:30+00:00,15,,10,Starbase 375,,423977.96,credits
ORD-101384,CUST-00115,delivered,2026-06-25T08:23:07+00:00,20,,20,Triton Relay,,5249.44,credits
ORD-101385,CUST-00044,delivered,2026-04-27T10:32:21+00:00,15,,10,Starbase 375,,39487.73,credits
ORD-101386,CUST-00369,delivered,2026-03-09T10:16:01+00:00,5,,4,Deep Space Nine,,94319.84,credits
ORD-101387,CUST-00379,picked,2026-08-10T11:46:21+00:00,15,,10,Starbase 375,,32938.71,credits
ORD-101388,CUST-00387,delivered,2026-08-20T23:08:51+00:00,8,,7,Jupiter Station,,34390.31,credits
ORD-101389,CUST-00388,delivered,2026-05-19T13:30:05+00:00,20,,20,Triton Relay,,431140.51,credits
ORD-101390,CUST-00255,dispatched,2026-08-26T00:14:15+00:00,2,,5,Utopia Planitia,,6014.17,credits
ORD-101391,CUST-00338,delivered,2026-04-27T18:39:55+00:00,10,,15,Medina Station,4,11282.60,credits
ORD-101392,CUST-00134,cancelled,2026-07-10T00:18:54+00:00,8,,7,Jupiter Station,,102435.18,credits
ORD-101393,CUST-00271,delivered,2026-03-27T09:15:08+00:00,4,,5,Utopia Planitia,,5110.14,credits
ORD-101394,CUST-00064,delivered,2026-06-27T14:17:12+00:00,6,,12,Tycho Station,8,5810.45,credits
ORD-101395,CUST-00353,delivered,2026-04-23T00:31:06+00:00,11,,17,Titan Base Alpha,,33080.48,credits
ORD-101396,CUST-00091,delivered,2026-08-20T03:07:53+00:00,3,,5,Utopia Planitia,7,130947.64,credits
ORD-101397,CUST-00139,delivered,2026-06-14T18:52:54+00:00,5,,4,Deep Space Nine,5,43718.77,credits
ORD-101398,CUST-00190,delivered,2026-04-28T15:45:42+00:00,19,,9,K-7 Station,,49458.75,credits
ORD-101399,CUST-00151,dispatched,2026-05-31T18:15:02+00:00,5,,4,Deep Space Nine,,52910.70,credits
ORD-101400,CUST-00005,delivered,2026-07-24T23:42:29+00:00,13,,8,Starbase 11,,79395.19,credits
ORD-101401,CUST-00334,delivered,2026-08-15T05:55:23+00:00,10,,15,Medina Station,2,11560.90,credits
ORD-101402,CUST-00031,delivered,2026-08-05T14:36:09+00:00,19,,9,K-7 Station,,228.10,credits
ORD-101403,CUST-00352,dispatched,2026-03-15T11:09:43+00:00,13,,8,Starbase 11,,8705.82,credits
ORD-101404,CUST-00136,delivered,2026-06-15T06:46:06+00:00,19,,9,K-7 Station,,243208.14,credits
ORD-101405,CUST-00118,delivered,2026-04-07T21:58:08+00:00,5,,4,Deep Space Nine,,33960.16,credits
ORD-101406,CUST-00143,delivered,2026-05-26T04:45:55+00:00,13,,8,Starbase 11,3,16486.98,credits
ORD-101407,CUST-00270,delivered,2026-06-22T06:58:48+00:00,5,,4,Deep Space Nine,,73661.58,credits
ORD-101408,CUST-00215,picked,2026-04-17T15:28:48+00:00,19,,9,K-7 Station,,7469.04,credits
ORD-101409,CUST-00085,dispatched,2026-05-05T18:42:50+00:00,3,,5,Utopia Planitia,,5289.69,credits
ORD-101410,CUST-00183,picked,2026-05-03T14:14:01+00:00,16,,11,New Horizons,3,447.88,credits
ORD-101411,CUST-00341,placed,2026-06-01T16:21:03+00:00,19,,9,K-7 Station,,574348.24,credits
ORD-101412,CUST-00393,delivered,2026-08-23T08:22:11+00:00,6,,12,Tycho Station,,171313.49,credits
ORD-101413,CUST-00168,delivered,2026-08-07T06:00:52+00:00,20,,20,Triton Relay,,203112.05,credits
ORD-101414,CUST-00007,picked,2026-05-11T11:33:44+00:00,6,,12,Tycho Station,,199670.10,credits
ORD-101415,CUST-00249,delivered,2026-05-27T05:32:27+00:00,11,,17,Titan Base Alpha,,182514.77,credits
ORD-101416,CUST-00116,delivered,2026-05-09T15:56:24+00:00,18,,12,Tycho Station,,45184.16,credits
ORD-101417,CUST-00367,dispatched,2026-06-23T13:29:41+00:00,13,,8,Starbase 11,9,99797.05,credits
ORD-101418,CUST-00320,delivered,2026-08-15T19:33:09+00:00,8,,7,Jupiter Station,,134414.29,credits
ORD-101419,CUST-00248,delivered,2026-04-21T06:21:49+00:00,19,,9,K-7 Station,9,367121.75,credits
ORD-101420,CUST-00128,delivered,2026-03-07T12:24:01+00:00,1,,13,Polaris,,38957.25,credits
ORD-101421,CUST-00024,dispatched,2026-03-08T06:08:37+00:00,7,,22,Vesta Prime,,8296.47,credits
ORD-101422,CUST-00137,delivered,2026-08-21T07:55:28+00:00,20,,20,Triton Relay,,57820.81,credits
ORD-101423,CUST-00101,delivered,2026-07-22T22:31:51+00:00,13,,8,Starbase 11,,205616.45,credits
ORD-101424,CUST-00269,delivered,2026-05-14T08:06:46+00:00,5,,4,Deep Space Nine,,29964.12,credits
ORD-101425,CUST-00083,delivered,2026-04-22T04:42:44+00:00,5,,4,Deep Space Nine,,4003.58,credits
ORD-101426,CUST-00248,delivered,2026-06-02T09:20:26+00:00,3,,5,Utopia Planitia,,195631.03,credits
ORD-101427,CUST-00159,delivered,2026-06-21T01:35:22+00:00,12,,18,Enceladus Outpost,,283425.30,credits
ORD-101428,CUST-00169,picked,2026-04-17T14:23:19+00:00,11,,17,Titan Base Alpha,,288310.80,credits
ORD-101429,CUST-00380,dispatched,2026-04-06T07:41:33+00:00,9,,14,Atlantis,,14777.42,credits
ORD-101430,CUST-00246,delivered,2026-05-18T02:16:15+00:00,5,,4,Deep Space Nine,,12191.32,credits
ORD-101431,CUST-00011,delivered,2026-03-28T15:20:23+00:00,3,,5,Utopia Planitia,,21371.36,credits
ORD-101432,CUST-00099,delivered,2026-08-03T14:45:59+00:00,14,,7,Jupiter Station,,120278.76,credits
ORD-101433,CUST-00337,delivered,2026-07-17T12:57:02+00:00,7,,22,Vesta Prime,,24260.24,credits
ORD-101434,CUST-00136,delivered,2026-08-02T15:37:29+00:00,14,,7,Jupiter Station,,188696.76,credits
ORD-101435,CUST-00003,cancelled,2026-08-15T23:43:55+00:00,5,,4,Deep Space Nine,,231055.26,credits
ORD-101436,CUST-00066,delivered,2026-04-18T11:40:04+00:00,1,,13,Polaris,,688.10,credits
ORD-101437,CUST-00371,delivered,2026-06-15T11:02:33+00:00,9,,14,Atlantis,2,6575.87,credits
ORD-101438,CUST-00276,placed,2026-05-10T09:33:19+00:00,3,,5,Utopia Planitia,8,182312.15,credits
ORD-101439,CUST-00098,delivered,2026-03-13T08:17:00+00:00,12,,18,Enceladus Outpost,,154021.12,credits
ORD-101440,CUST-00343,dispatched,2026-04-14T12:04:28+00:00,18,,12,Tycho Station,,15604.62,credits
ORD-101441,CUST-00165,delivered,2026-07-21T04:04:22+00:00,10,,15,Medina Station,,706080.73,credits
ORD-101442,CUST-00081,delivered,2026-08-06T19:55:38+00:00,16,,11,New Horizons,,229632.83,credits
ORD-101443,CUST-00307,delivered,2026-07-24T21:11:11+00:00,8,,7,Jupiter Station,,13339.07,credits
ORD-101444,CUST-00368,dispatched,2026-05-04T05:47:49+00:00,9,,14,Atlantis,,32986.65,credits
ORD-101445,CUST-00081,placed,2026-08-09T07:20:10+00:00,1,,13,Polaris,,208457.90,credits
ORD-101446,CUST-00237,delivered,2026-03-13T01:37:02+00:00,17,,23,Pallas Shipyard,,220615.18,credits
ORD-101447,CUST-00331,delivered,2026-06-23T20:01:15+00:00,16,,11,New Horizons,,5651.47,credits
ORD-101448,CUST-00194,delivered,2026-08-14T13:47:12+00:00,12,,18,Enceladus Outpost,,14342.91,credits
ORD-101449,CUST-00188,delivered,2026-07-06T00:02:50+00:00,4,,5,Utopia Planitia,,1957.92,credits
ORD-101450,CUST-00203,dispatched,2026-07-11T18:40:23+00:00,9,,14,Atlantis,1,173421.33,credits
ORD-101451,CUST-00249,placed,2026-06-14T06:23:40+00:00,13,,8,Starbase 11,3,314249.68,credits
ORD-101452,CUST-00388,delivered,2026-05-19T13:43:41+00:00,5,,4,Deep Space Nine,,346935.49,credits
ORD-101453,CUST-00338,delivered,2026-07-06T12:27:25+00:00,10,,15,Medina Station,,82499.82,credits
ORD-101454,CUST-00159,delivered,2026-07-11T04:13:51+00:00,7,,22,Vesta Prime,6,620029.97,credits
ORD-101455,CUST-00368,delivered,2026-07-17T06:49:43+00:00,14,,7,Jupiter Station,,16216.10,credits
ORD-101456,CUST-00181,delivered,2026-05-16T12:10:32+00:00,4,,5,Utopia Planitia,,24506.02,credits
ORD-101457,CUST-00129,delivered,2026-05-05T08:03:54+00:00,20,,20,Triton Relay,,8921.42,credits
ORD-101458,CUST-00063,delivered,2026-07-27T19:50:15+00:00,13,,8,Starbase 11,,81356.62,credits
ORD-101459,CUST-00111,delivered,2026-07-07T11:09:13+00:00,4,,5,Utopia Planitia,,1326.08,credits
ORD-101460,CUST-00394,delivered,2026-07-30T13:30:11+00:00,1,,13,Polaris,8,2471.64,credits
ORD-101461,CUST-00396,delivered,2026-07-03T12:55:21+00:00,15,,10,Starbase 375,,3648.80,credits
ORD-101462,CUST-00262,delivered,2026-03-30T15:09:34+00:00,16,,11,New Horizons,5,115298.22,credits
ORD-101463,CUST-00267,delivered,2026-07-18T19:55:45+00:00,1,,13,Polaris,,26754.33,credits
ORD-101464,CUST-00387,delivered,2026-04-17T13:29:36+00:00,12,,18,Enceladus Outpost,,6834.20,credits
ORD-101465,CUST-00014,delivered,2026-03-22T23:34:26+00:00,4,,5,Utopia Planitia,,1553.68,credits
ORD-101466,CUST-00204,delivered,2026-04-13T09:05:30+00:00,9,,14,Atlantis,,46933.13,credits
ORD-101467,CUST-00102,delivered,2026-08-03T10:00:33+00:00,3,,5,Utopia Planitia,,4542.62,credits
ORD-101468,CUST-00255,delivered,2026-05-04T20:28:25+00:00,17,,23,Pallas Shipyard,,11192.36,credits
ORD-101469,CUST-00004,delivered,2026-07-06T03:54:44+00:00,3,,5,Utopia Planitia,,272164.58,credits
ORD-101470,CUST-00099,delivered,2026-03-08T05:19:02+00:00,9,,14,Atlantis,,40232.94,credits
ORD-101471,CUST-00369,placed,2026-06-26T20:42:05+00:00,3,,5,Utopia Planitia,,223468.77,credits
ORD-101472,CUST-00084,delivered,2026-03-15T02:15:34+00:00,9,,14,Atlantis,,231.45,credits
ORD-101473,CUST-00172,delivered,2026-07-06T03:30:02+00:00,14,,7,Jupiter Station,,11111.95,credits
ORD-101474,CUST-00248,picked,2026-03-11T05:28:29+00:00,15,,10,Starbase 375,4,143359.32,credits
ORD-101475,CUST-00337,delivered,2026-05-22T16:36:35+00:00,5,,4,Deep Space Nine,,6774.39,credits
ORD-101476,CUST-00312,delivered,2026-04-25T19:15:36+00:00,7,,22,Vesta Prime,,7515.09,credits
ORD-101477,CUST-00147,dispatched,2026-05-13T12:50:43+00:00,18,,12,Tycho Station,,3738.52,credits
ORD-101478,CUST-00376,delivered,2026-06-15T01:54:06+00:00,18,,12,Tycho Station,,26028.90,credits
ORD-101479,CUST-00069,delivered,2026-06-04T01:18:17+00:00,3,,5,Utopia Planitia,,54075.88,credits
ORD-101480,CUST-00149,picked,2026-03-22T18:21:30+00:00,5,,4,Deep Space Nine,,587.15,credits
ORD-101481,CUST-00329,delivered,2026-04-12T03:57:23+00:00,10,,15,Medina Station,9,120557.61,credits
ORD-101482,CUST-00089,delivered,2026-08-17T00:03:29+00:00,9,,14,Atlantis,10,409310.54,credits
ORD-101483,CUST-00246,delivered,2026-04-15T23:12:04+00:00,19,,9,K-7 Station,,81649.26,credits
ORD-101484,CUST-00328,delivered,2026-04-13T14:58:19+00:00,13,,8,Starbase 11,,257784.43,credits
ORD-101485,CUST-00322,delivered,2026-06-07T00:58:16+00:00,2,,5,Utopia Planitia,,316641.84,credits
ORD-101486,CUST-00262,picked,2026-08-11T22:39:35+00:00,8,,7,Jupiter Station,,2918.56,credits
ORD-101487,CUST-00152,placed,2026-06-04T01:41:04+00:00,5,,4,Deep Space Nine,,31152.91,credits
ORD-101488,CUST-00147,delivered,2026-05-11T05:15:45+00:00,3,,5,Utopia Planitia,7,3700.68,credits
ORD-101489,CUST-00165,delivered,2026-08-29T13:01:30+00:00,20,,20,Triton Relay,,169991.91,credits
ORD-101490,CUST-00275,placed,2026-05-21T12:27:45+00:00,4,,5,Utopia Planitia,,36178.81,credits
ORD-101491,CUST-00008,dispatched,2026-06-16T02:03:05+00:00,20,,20,Triton Relay,,11366.99,credits
ORD-101492,CUST-00071,delivered,2026-05-19T11:37:18+00:00,13,,8,Starbase 11,,8181.90,credits
ORD-101493,CUST-00081,dispatched,2026-08-12T07:31:56+00:00,9,,14,Atlantis,,230451.97,credits
ORD-101494,CUST-00080,dispatched,2026-03-20T18:43:48+00:00,11,,17,Titan Base Alpha,,384109.23,credits
ORD-101495,CUST-00204,delivered,2026-05-05T13:36:47+00:00,16,,11,New Horizons,,85013.73,credits
ORD-101496,CUST-00346,delivered,2026-07-02T04:46:27+00:00,20,,20,Triton Relay,,78461.46,credits
ORD-101497,CUST-00126,delivered,2026-05-07T22:32:02+00:00,7,,22,Vesta Prime,9,15474.27,credits
ORD-101498,CUST-00104,delivered,2026-03-16T05:43:01+00:00,8,,7,Jupiter Station,,3591.08,credits
ORD-101499,CUST-00351,delivered,2026-03-09T13:21:48+00:00,3,,5,Utopia Planitia,,218434.88,credits
ORD-101500,CUST-00107,picked,2026-07-08T07:52:03+00:00,9,,14,Atlantis,,31019.45,credits
ORD-101501,CUST-00276,dispatched,2026-04-04T00:29:01+00:00,20,,20,Triton Relay,,21210.87,credits
ORD-101502,CUST-00217,delivered,2026-06-07T03:59:59+00:00,1,,13,Polaris,,7687.79,credits
ORD-101503,CUST-00297,placed,2026-05-03T05:22:10+00:00,15,,10,Starbase 375,,781.20,credits
ORD-101504,CUST-00342,dispatched,2026-04-10T11:05:24+00:00,2,,5,Utopia Planitia,,237599.36,credits
ORD-101505,CUST-00362,delivered,2026-05-10T02:23:10+00:00,19,,9,K-7 Station,,73565.11,credits
ORD-101506,CUST-00253,delivered,2026-03-18T01:47:59+00:00,1,,13,Polaris,,86942.91,credits
ORD-101507,CUST-00258,delivered,2026-03-15T15:15:17+00:00,1,,13,Polaris,,922.87,credits
ORD-101508,CUST-00153,delivered,2026-07-03T20:11:45+00:00,1,,13,Polaris,2,397526.90,credits
ORD-101509,CUST-00174,delivered,2026-05-30T18:57:19+00:00,3,,5,Utopia Planitia,,89513.44,credits
ORD-101510,CUST-00008,delivered,2026-07-24T11:59:04+00:00,11,,17,Titan Base Alpha,,25721.33,credits
ORD-101511,CUST-00075,delivered,2026-07-24T16:40:38+00:00,14,,7,Jupiter Station,,17994.40,credits
ORD-101512,CUST-00322,delivered,2026-05-06T12:37:58+00:00,2,,5,Utopia Planitia,,147563.88,credits
ORD-101513,CUST-00258,delivered,2026-05-02T07:51:24+00:00,14,,7,Jupiter Station,,4298.16,credits
ORD-101514,CUST-00241,delivered,2026-08-12T00:51:19+00:00,7,,22,Vesta Prime,,355830.60,credits
ORD-101515,CUST-00386,delivered,2026-05-18T07:50:21+00:00,5,,4,Deep Space Nine,8,20683.24,credits
ORD-101516,CUST-00002,delivered,2026-08-20T20:42:55+00:00,14,,7,Jupiter Station,,6040.11,credits
ORD-101517,CUST-00309,delivered,2026-04-23T05:26:54+00:00,1,,13,Polaris,,9048.27,credits
ORD-101518,CUST-00089,cancelled,2026-05-11T04:45:16+00:00,20,,20,Triton Relay,4,71260.52,credits
ORD-101519,CUST-00379,delivered,2026-04-02T16:29:35+00:00,11,,17,Titan Base Alpha,,3425.84,credits
ORD-101520,CUST-00319,delivered,2026-07-17T05:58:00+00:00,10,,15,Medina Station,,143015.00,credits
ORD-101521,CUST-00138,dispatched,2026-03-23T05:08:45+00:00,19,,9,K-7 Station,,24391.78,credits
ORD-101522,CUST-00138,delivered,2026-08-18T10:01:49+00:00,19,,9,K-7 Station,,83946.15,credits
ORD-101523,CUST-00205,dispatched,2026-07-10T00:59:07+00:00,15,,10,Starbase 375,,778.62,credits
ORD-101524,CUST-00016,picked,2026-06-07T04:01:57+00:00,14,,7,Jupiter Station,,78434.25,credits
ORD-101525,CUST-00115,delivered,2026-07-19T15:27:14+00:00,7,,22,Vesta Prime,2,839.30,credits
ORD-101526,CUST-00258,delivered,2026-06-05T06:37:26+00:00,8,,7,Jupiter Station,,39365.12,credits
ORD-101527,CUST-00039,delivered,2026-05-04T07:45:42+00:00,13,,8,Starbase 11,6,1539.76,credits
ORD-101528,CUST-00170,picked,2026-03-25T15:49:32+00:00,7,,22,Vesta Prime,,530.94,credits
ORD-101529,CUST-00025,delivered,2026-07-23T01:28:13+00:00,2,,5,Utopia Planitia,1,120432.18,credits
ORD-101530,CUST-00125,dispatched,2026-07-25T21:34:40+00:00,13,,8,Starbase 11,,36738.93,credits
ORD-101531,CUST-00045,placed,2026-08-15T19:39:47+00:00,19,,9,K-7 Station,,291369.40,credits
ORD-101532,CUST-00302,dispatched,2026-08-22T14:24:54+00:00,2,,5,Utopia Planitia,,8024.64,credits
ORD-101533,CUST-00269,delivered,2026-05-21T03:32:12+00:00,19,,9,K-7 Station,,21177.48,credits
ORD-101534,CUST-00351,placed,2026-08-28T09:35:05+00:00,15,,10,Starbase 375,,3917.19,credits
ORD-101535,CUST-00283,dispatched,2026-03-31T14:53:28+00:00,11,,17,Titan Base Alpha,,5541.20,credits
ORD-101536,CUST-00361,delivered,2026-07-20T00:13:26+00:00,18,,12,Tycho Station,,299764.47,credits
ORD-101537,CUST-00087,delivered,2026-07-31T13:30:16+00:00,9,,14,Atlantis,,41346.14,credits
ORD-101538,CUST-00392,delivered,2026-05-30T03:52:07+00:00,6,,12,Tycho Station,,21217.89,credits
ORD-101539,CUST-00236,delivered,2026-05-13T17:00:38+00:00,14,,7,Jupiter Station,,2314.85,credits
ORD-101540,CUST-00166,delivered,2026-04-15T10:28:03+00:00,2,,5,Utopia Planitia,,290326.06,credits
ORD-101541,CUST-00207,delivered,2026-07-16T23:55:58+00:00,7,,22,Vesta Prime,,251791.65,credits
ORD-101542,CUST-00353,delivered,2026-08-09T03:36:55+00:00,17,,23,Pallas Shipyard,,348912.93,credits
ORD-101543,CUST-00365,dispatched,2026-08-27T11:17:04+00:00,6,,12,Tycho Station,,7742.04,credits
ORD-101544,CUST-00272,dispatched,2026-03-22T06:20:42+00:00,8,,7,Jupiter Station,4,136992.22,credits
ORD-101545,CUST-00387,delivered,2026-06-06T13:58:34+00:00,18,,12,Tycho Station,9,2884.77,credits
ORD-101546,CUST-00349,dispatched,2026-07-16T17:18:24+00:00,17,,23,Pallas Shipyard,3,245132.31,credits
ORD-101547,CUST-00078,dispatched,2026-03-04T22:14:54+00:00,17,,23,Pallas Shipyard,,116165.82,credits
ORD-101548,CUST-00354,delivered,2026-06-08T00:34:40+00:00,4,,5,Utopia Planitia,,22613.75,credits
ORD-101549,CUST-00181,delivered,2026-03-27T01:11:55+00:00,3,,5,Utopia Planitia,,1985.98,credits
ORD-101550,CUST-00338,delivered,2026-04-21T08:04:01+00:00,11,,17,Titan Base Alpha,,4951.38,credits
ORD-101551,CUST-00114,delivered,2026-03-20T05:39:33+00:00,5,,4,Deep Space Nine,3,33904.49,credits
ORD-101552,CUST-00016,delivered,2026-06-20T18:48:20+00:00,14,,7,Jupiter Station,,6811.76,credits
ORD-101553,CUST-00150,dispatched,2026-04-15T20:11:03+00:00,19,,9,K-7 Station,,1883.48,credits
ORD-101554,CUST-00226,placed,2026-07-19T01:54:20+00:00,13,,8,Starbase 11,,233545.97,credits
ORD-101555,CUST-00389,delivered,2026-07-01T19:18:15+00:00,2,,5,Utopia Planitia,,67643.58,credits
ORD-101556,CUST-00250,delivered,2026-08-01T11:16:13+00:00,9,,14,Atlantis,4,13394.41,credits
ORD-101557,CUST-00098,delivered,2026-03-07T10:37:01+00:00,8,,7,Jupiter Station,,162578.71,credits
ORD-101558,CUST-00031,delivered,2026-03-14T08:54:45+00:00,20,,20,Triton Relay,,4268.78,credits
ORD-101559,CUST-00259,delivered,2026-07-14T00:28:08+00:00,9,,14,Atlantis,,114201.55,credits
ORD-101560,CUST-00004,delivered,2026-03-28T06:37:15+00:00,18,,12,Tycho Station,,26747.00,credits
ORD-101561,CUST-00226,delivered,2026-04-03T15:33:04+00:00,12,,18,Enceladus Outpost,,3936.93,credits
ORD-101562,CUST-00250,dispatched,2026-05-08T19:51:35+00:00,13,,8,Starbase 11,,221765.42,credits
ORD-101563,CUST-00048,delivered,2026-05-05T19:02:36+00:00,3,,5,Utopia Planitia,,176893.02,credits
ORD-101564,CUST-00295,dispatched,2026-06-24T23:37:06+00:00,16,,11,New Horizons,,81661.41,credits
ORD-101565,CUST-00362,delivered,2026-05-20T18:37:06+00:00,16,,11,New Horizons,,146611.32,credits
ORD-101566,CUST-00036,dispatched,2026-03-09T15:44:10+00:00,4,,5,Utopia Planitia,,8061.47,credits
ORD-101567,CUST-00301,delivered,2026-04-12T12:01:40+00:00,4,,5,Utopia Planitia,,239519.57,credits
ORD-101568,CUST-00099,dispatched,2026-08-30T16:20:23+00:00,15,,10,Starbase 375,,188285.51,credits
ORD-101569,CUST-00064,delivered,2026-08-07T11:26:02+00:00,14,,7,Jupiter Station,,12059.66,credits
ORD-101570,CUST-00311,delivered,2026-04-10T09:09:29+00:00,16,,11,New Horizons,,6098.04,credits
ORD-101571,CUST-00192,delivered,2026-08-12T10:17:28+00:00,4,,5,Utopia Planitia,,1318.24,credits
ORD-101572,CUST-00125,delivered,2026-03-18T22:51:31+00:00,16,,11,New Horizons,,486.24,credits
ORD-101573,CUST-00149,placed,2026-08-27T12:54:31+00:00,8,,7,Jupiter Station,3,20162.47,credits
ORD-101574,CUST-00239,delivered,2026-04-07T06:47:20+00:00,12,,18,Enceladus Outpost,,59087.60,credits
ORD-101575,CUST-00013,delivered,2026-04-23T23:22:19+00:00,10,,15,Medina Station,,335133.84,credits
ORD-101576,CUST-00216,picked,2026-07-02T03:20:45+00:00,9,,14,Atlantis,,47110.00,credits
ORD-101577,CUST-00360,delivered,2026-03-09T13:25:20+00:00,12,,18,Enceladus Outpost,,299199.01,credits
ORD-101578,CUST-00059,dispatched,2026-07-23T16:02:21+00:00,14,,7,Jupiter Station,,41086.13,credits
ORD-101579,CUST-00398,delivered,2026-07-21T10:07:01+00:00,15,,10,Starbase 375,,77635.98,credits
ORD-101580,CUST-00319,delivered,2026-03-10T12:15:20+00:00,12,,18,Enceladus Outpost,,121921.50,credits
ORD-101581,CUST-00188,delivered,2026-07-02T05:29:51+00:00,3,,5,Utopia Planitia,,179593.06,credits
ORD-101582,CUST-00034,delivered,2026-07-05T21:32:06+00:00,20,,20,Triton Relay,4,55878.38,credits
ORD-101583,CUST-00038,delivered,2026-07-21T19:15:00+00:00,20,,20,Triton Relay,9,56476.14,credits
ORD-101584,CUST-00312,delivered,2026-05-24T00:21:02+00:00,1,,13,Polaris,,35051.56,credits
ORD-101585,CUST-00175,delivered,2026-08-16T04:40:04+00:00,17,,23,Pallas Shipyard,,3308.06,credits
ORD-101586,CUST-00077,delivered,2026-07-23T12:00:55+00:00,12,,18,Enceladus Outpost,,72803.01,credits
ORD-101587,CUST-00214,delivered,2026-07-05T09:15:59+00:00,12,,18,Enceladus Outpost,,88943.24,credits
ORD-101588,CUST-00198,delivered,2026-08-28T00:30:09+00:00,5,,4,Deep Space Nine,,1045.83,credits
ORD-101589,CUST-00343,delivered,2026-06-02T16:12:36+00:00,19,,9,K-7 Station,,42451.66,credits
ORD-101590,CUST-00143,delivered,2026-08-20T11:24:39+00:00,5,,4,Deep Space Nine,,20213.74,credits
ORD-101591,CUST-00353,dispatched,2026-04-05T08:07:34+00:00,6,,12,Tycho Station,,355712.88,credits
ORD-101592,CUST-00174,delivered,2026-07-22T14:31:05+00:00,16,,11,New Horizons,,300.03,credits
ORD-101593,CUST-00198,dispatched,2026-05-13T19:04:01+00:00,19,,9,K-7 Station,,40149.95,credits
ORD-101594,CUST-00064,delivered,2026-06-19T01:18:00+00:00,17,,23,Pallas Shipyard,,58117.50,credits
ORD-101595,CUST-00044,delivered,2026-06-23T04:08:16+00:00,18,,12,Tycho Station,,80186.96,credits
ORD-101596,CUST-00229,dispatched,2026-03-13T01:14:45+00:00,11,,17,Titan Base Alpha,9,66578.76,credits
ORD-101597,CUST-00203,delivered,2026-07-04T16:50:38+00:00,18,,12,Tycho Station,,12834.18,credits
ORD-101598,CUST-00126,delivered,2026-04-15T09:26:47+00:00,19,,9,K-7 Station,,34762.43,credits
ORD-101599,CUST-00223,delivered,2026-08-31T10:47:28+00:00,7,,22,Vesta Prime,,85283.46,credits
ORD-101600,CUST-00110,delivered,2026-07-03T18:39:56+00:00,16,,11,New Horizons,4,12725.95,credits
ORD-101601,CUST-00070,delivered,2026-03-12T05:32:52+00:00,1,,13,Polaris,,5342.36,credits
ORD-101602,CUST-00166,picked,2026-05-27T20:22:32+00:00,19,,9,K-7 Station,,25306.96,credits
ORD-101603,CUST-00356,dispatched,2026-04-16T22:42:08+00:00,16,,11,New Horizons,,1090.37,credits
ORD-101604,CUST-00177,picked,2026-06-25T13:29:23+00:00,4,,5,Utopia Planitia,,41783.05,credits
ORD-101605,CUST-00346,delivered,2026-08-22T10:34:54+00:00,15,,10,Starbase 375,,2418.85,credits
ORD-101606,CUST-00303,picked,2026-08-01T00:50:26+00:00,15,,10,Starbase 375,8,147.63,credits
ORD-101607,CUST-00044,placed,2026-07-31T21:51:15+00:00,19,,9,K-7 Station,,285868.58,credits
ORD-101608,CUST-00377,dispatched,2026-04-25T23:47:56+00:00,2,,5,Utopia Planitia,,14313.90,credits
ORD-101609,CUST-00243,delivered,2026-03-24T12:17:46+00:00,18,,12,Tycho Station,,6494.05,credits
ORD-101610,CUST-00312,delivered,2026-08-16T14:21:25+00:00,7,,22,Vesta Prime,,802.41,credits
ORD-101611,CUST-00310,delivered,2026-06-09T22:54:41+00:00,11,,17,Titan Base Alpha,,55404.99,credits
ORD-101612,CUST-00353,cancelled,2026-08-09T17:25:28+00:00,16,,11,New Horizons,,224445.33,credits
ORD-101613,CUST-00236,picked,2026-08-26T19:59:06+00:00,16,,11,New Horizons,,328287.80,credits
ORD-101614,CUST-00167,delivered,2026-08-28T02:15:27+00:00,10,,15,Medina Station,,55164.70,credits
ORD-101615,CUST-00312,dispatched,2026-07-13T05:09:14+00:00,3,,5,Utopia Planitia,,39776.38,credits
ORD-101616,CUST-00166,delivered,2026-07-04T14:33:39+00:00,18,,12,Tycho Station,,211235.29,credits
ORD-101617,CUST-00154,delivered,2026-04-10T11:46:43+00:00,16,,11,New Horizons,,23296.38,credits
ORD-101618,CUST-00383,picked,2026-07-17T15:51:16+00:00,11,,17,Titan Base Alpha,9,17802.68,credits
ORD-101619,CUST-00130,picked,2026-06-20T10:15:59+00:00,16,,11,New Horizons,,14102.34,credits
ORD-101620,CUST-00113,delivered,2026-05-16T19:59:04+00:00,8,,7,Jupiter Station,,3667.69,credits
ORD-101621,CUST-00256,cancelled,2026-05-13T20:00:16+00:00,8,,7,Jupiter Station,3,11806.78,credits
ORD-101622,CUST-00243,placed,2026-06-15T17:48:47+00:00,5,,4,Deep Space Nine,,11853.08,credits
ORD-101623,CUST-00163,delivered,2026-03-30T16:22:33+00:00,19,,9,K-7 Station,5,79799.64,credits
ORD-101624,CUST-00058,dispatched,2026-07-16T05:05:09+00:00,20,,20,Triton Relay,,325325.31,credits
ORD-101625,CUST-00190,delivered,2026-03-19T15:37:55+00:00,13,,8,Starbase 11,,7496.80,credits
ORD-101626,CUST-00031,placed,2026-07-29T08:19:59+00:00,11,,17,Titan Base Alpha,,126424.32,credits
ORD-101627,CUST-00095,picked,2026-06-13T06:56:45+00:00,10,,15,Medina Station,,84591.73,credits
ORD-101628,CUST-00189,delivered,2026-06-29T16:31:35+00:00,20,,20,Triton Relay,,148373.94,credits
ORD-101629,CUST-00098,dispatched,2026-06-17T15:42:36+00:00,15,,10,Starbase 375,,14966.11,credits
ORD-101630,CUST-00387,delivered,2026-08-23T19:57:46+00:00,2,,5,Utopia Planitia,,260254.61,credits
ORD-101631,CUST-00354,delivered,2026-06-12T10:39:19+00:00,5,,4,Deep Space Nine,,81271.68,credits
ORD-101632,CUST-00164,delivered,2026-07-28T16:42:32+00:00,7,,22,Vesta Prime,,83239.94,credits
ORD-101633,CUST-00002,delivered,2026-04-20T06:54:02+00:00,12,,18,Enceladus Outpost,,224605.94,credits
ORD-101634,CUST-00281,delivered,2026-07-20T23:36:10+00:00,8,,7,Jupiter Station,3,4275.96,credits
ORD-101635,CUST-00219,placed,2026-07-23T13:49:59+00:00,7,,22,Vesta Prime,,38856.72,credits
ORD-101636,CUST-00391,delivered,2026-04-01T11:36:22+00:00,17,,23,Pallas Shipyard,9,41463.14,credits
ORD-101637,CUST-00164,delivered,2026-07-02T17:58:20+00:00,15,,10,Starbase 375,1,287333.86,credits
ORD-101638,CUST-00242,delivered,2026-03-12T14:47:59+00:00,5,,4,Deep Space Nine,2,23855.28,credits
ORD-101639,CUST-00393,delivered,2026-03-23T14:42:41+00:00,4,,5,Utopia Planitia,,13078.93,credits
ORD-101640,CUST-00329,picked,2026-07-29T12:19:38+00:00,18,,12,Tycho Station,,132.64,credits
ORD-101641,CUST-00158,delivered,2026-05-01T04:55:10+00:00,20,,20,Triton Relay,,66357.74,credits
ORD-101642,CUST-00114,picked,2026-05-29T07:42:38+00:00,8,,7,Jupiter Station,,446.32,credits
ORD-101643,CUST-00019,dispatched,2026-03-09T14:03:36+00:00,2,,5,Utopia Planitia,,278228.95,credits
ORD-101644,CUST-00008,cancelled,2026-07-07T08:20:16+00:00,19,,9,K-7 Station,,20938.22,credits
ORD-101645,CUST-00210,delivered,2026-04-09T04:28:25+00:00,13,,8,Starbase 11,,8838.20,credits
ORD-101646,CUST-00382,delivered,2026-05-19T10:49:31+00:00,19,,9,K-7 Station,,4841.80,credits
ORD-101647,CUST-00395,picked,2026-06-23T11:11:27+00:00,9,,14,Atlantis,,36489.20,credits
ORD-101648,CUST-00134,delivered,2026-05-28T23:52:29+00:00,10,,15,Medina Station,,331789.44,credits
ORD-101649,CUST-00097,delivered,2026-04-19T13:44:07+00:00,18,,12,Tycho Station,,267006.76,credits
ORD-101650,CUST-00286,delivered,2026-04-06T03:55:44+00:00,7,,22,Vesta Prime,,7392.04,credits
ORD-101651,CUST-00322,delivered,2026-04-06T14:10:30+00:00,12,,18,Enceladus Outpost,,22583.28,credits
ORD-101652,CUST-00337,delivered,2026-04-24T14:58:46+00:00,20,,20,Triton Relay,,354738.73,credits
ORD-101653,CUST-00064,delivered,2026-08-10T09:17:38+00:00,19,,9,K-7 Station,,240196.26,credits
ORD-101654,CUST-00081,delivered,2026-06-13T01:12:04+00:00,13,,8,Starbase 11,,15029.14,credits
ORD-101655,CUST-00008,delivered,2026-05-02T21:56:46+00:00,11,,17,Titan Base Alpha,,6553.50,credits
ORD-101656,CUST-00217,placed,2026-07-16T02:07:22+00:00,5,,4,Deep Space Nine,10,4532.88,credits
ORD-101657,CUST-00142,delivered,2026-07-23T12:49:27+00:00,8,,7,Jupiter Station,,14809.63,credits
ORD-101658,CUST-00020,delivered,2026-06-14T13:41:06+00:00,5,,4,Deep Space Nine,,211105.15,credits
ORD-101659,CUST-00040,delivered,2026-07-01T19:30:41+00:00,11,,17,Titan Base Alpha,,64965.33,credits
ORD-101660,CUST-00215,delivered,2026-03-24T06:37:01+00:00,18,,12,Tycho Station,,272204.61,credits
ORD-101661,CUST-00379,delivered,2026-04-15T05:29:14+00:00,13,,8,Starbase 11,1,83051.53,credits
ORD-101662,CUST-00233,dispatched,2026-05-23T11:38:17+00:00,6,,12,Tycho Station,10,30319.84,credits
ORD-101663,CUST-00323,delivered,2026-04-14T11:23:40+00:00,19,,9,K-7 Station,,14495.14,credits
ORD-101664,CUST-00185,delivered,2026-03-04T03:40:56+00:00,2,,5,Utopia Planitia,,7292.80,credits
ORD-101665,CUST-00122,delivered,2026-06-04T12:01:05+00:00,4,,5,Utopia Planitia,,421.51,credits
ORD-101666,CUST-00197,delivered,2026-08-23T17:09:12+00:00,2,,5,Utopia Planitia,7,8861.25,credits
ORD-101667,CUST-00152,delivered,2026-06-28T10:26:49+00:00,11,,17,Titan Base Alpha,,4157.64,credits
ORD-101668,CUST-00045,dispatched,2026-06-19T05:51:59+00:00,16,,11,New Horizons,,42.75,credits
ORD-101669,CUST-00213,placed,2026-06-17T14:28:18+00:00,11,,17,Titan Base Alpha,,55932.96,credits
ORD-101670,CUST-00042,placed,2026-07-27T21:49:22+00:00,10,,15,Medina Station,,31315.38,credits
ORD-101671,CUST-00084,delivered,2026-04-01T05:46:16+00:00,13,,8,Starbase 11,,77377.10,credits
ORD-101672,CUST-00214,picked,2026-04-25T22:16:05+00:00,15,,10,Starbase 375,,15827.60,credits
ORD-101673,CUST-00294,delivered,2026-08-22T00:57:07+00:00,1,,13,Polaris,,5443.12,credits
ORD-101674,CUST-00106,picked,2026-03-30T15:37:24+00:00,2,,5,Utopia Planitia,4,14769.26,credits
ORD-101675,CUST-00184,placed,2026-05-06T02:07:26+00:00,14,,7,Jupiter Station,2,94238.98,credits
ORD-101676,CUST-00144,delivered,2026-05-09T01:41:27+00:00,7,,22,Vesta Prime,2,150305.88,credits
ORD-101677,CUST-00029,delivered,2026-07-11T08:20:12+00:00,8,,7,Jupiter Station,,24751.33,credits
ORD-101678,CUST-00018,delivered,2026-08-13T23:56:50+00:00,11,,17,Titan Base Alpha,4,335.41,credits
ORD-101679,CUST-00248,delivered,2026-06-18T08:06:44+00:00,18,,12,Tycho Station,,4451.08,credits
ORD-101680,CUST-00124,delivered,2026-05-08T11:53:15+00:00,8,,7,Jupiter Station,,260904.44,credits
ORD-101681,CUST-00043,delivered,2026-07-11T00:20:46+00:00,4,,5,Utopia Planitia,,347143.76,credits
ORD-101682,CUST-00272,delivered,2026-06-23T13:40:06+00:00,9,,14,Atlantis,,109057.62,credits
ORD-101683,CUST-00331,delivered,2026-03-07T18:21:38+00:00,20,,20,Triton Relay,,18923.94,credits
ORD-101684,CUST-00256,placed,2026-05-28T05:31:41+00:00,5,,4,Deep Space Nine,,80161.44,credits
ORD-101685,CUST-00363,dispatched,2026-04-18T00:38:16+00:00,16,,11,New Horizons,,6458.00,credits
ORD-101686,CUST-00247,delivered,2026-03-29T01:55:42+00:00,9,,14,Atlantis,,166021.60,credits
ORD-101687,CUST-00002,delivered,2026-06-02T18:22:29+00:00,19,,9,K-7 Station,,493334.92,credits
ORD-101688,CUST-00037,dispatched,2026-07-28T06:03:06+00:00,5,,4,Deep Space Nine,,87.10,credits
ORD-101689,CUST-00347,delivered,2026-04-15T23:08:11+00:00,2,,5,Utopia Planitia,,4910.80,credits
ORD-101690,CUST-00243,delivered,2026-07-26T03:27:52+00:00,2,,5,Utopia Planitia,,213706.22,credits
ORD-101691,CUST-00306,picked,2026-06-23T19:34:35+00:00,7,,22,Vesta Prime,4,136358.80,credits
ORD-101692,CUST-00396,placed,2026-07-17T07:34:07+00:00,8,,7,Jupiter Station,,395.12,credits
ORD-101693,CUST-00050,delivered,2026-04-23T14:54:31+00:00,8,,7,Jupiter Station,,17374.26,credits
ORD-101694,CUST-00067,delivered,2026-05-07T18:35:48+00:00,7,,22,Vesta Prime,2,16083.95,credits
ORD-101695,CUST-00219,delivered,2026-03-26T02:45:27+00:00,10,,15,Medina Station,,35703.19,credits
ORD-101696,CUST-00251,delivered,2026-03-30T14:00:49+00:00,7,,22,Vesta Prime,,7102.96,credits
ORD-101697,CUST-00276,delivered,2026-04-05T08:28:44+00:00,19,,9,K-7 Station,,6770.38,credits
ORD-101698,CUST-00165,cancelled,2026-06-17T14:39:40+00:00,2,,5,Utopia Planitia,,43630.92,credits
ORD-101699,CUST-00062,delivered,2026-03-07T13:34:55+00:00,5,,4,Deep Space Nine,,84488.56,credits
ORD-101700,CUST-00276,dispatched,2026-06-23T20:23:57+00:00,3,,5,Utopia Planitia,,20949.90,credits
ORD-101701,CUST-00144,delivered,2026-07-23T01:22:47+00:00,1,,13,Polaris,7,34848.40,credits
ORD-101702,CUST-00140,delivered,2026-05-31T17:51:28+00:00,14,,7,Jupiter Station,,106414.56,credits
ORD-101703,CUST-00145,picked,2026-06-17T19:21:47+00:00,13,,8,Starbase 11,,9004.36,credits
ORD-101704,CUST-00041,picked,2026-07-08T21:23:03+00:00,3,,5,Utopia Planitia,,8598.36,credits
ORD-101705,CUST-00286,delivered,2026-06-03T08:04:40+00:00,4,,5,Utopia Planitia,,63201.54,credits
ORD-101706,CUST-00354,delivered,2026-04-10T08:58:18+00:00,8,,7,Jupiter Station,8,12535.44,credits
ORD-101707,CUST-00093,delivered,2026-08-22T08:47:43+00:00,9,,14,Atlantis,,108449.40,credits
ORD-101708,CUST-00368,picked,2026-07-26T09:35:47+00:00,11,,17,Titan Base Alpha,,76899.55,credits
ORD-101709,CUST-00258,placed,2026-07-22T14:33:02+00:00,16,,11,New Horizons,,13756.85,credits
ORD-101710,CUST-00165,delivered,2026-05-10T13:51:29+00:00,8,,7,Jupiter Station,,9690.56,credits
ORD-101711,CUST-00308,dispatched,2026-06-02T13:55:37+00:00,7,,22,Vesta Prime,,452.48,credits
ORD-101712,CUST-00230,picked,2026-07-26T03:17:02+00:00,11,,17,Titan Base Alpha,,73755.23,credits
ORD-101713,CUST-00182,cancelled,2026-06-28T08:59:47+00:00,15,,10,Starbase 375,6,100599.06,credits
ORD-101714,CUST-00282,delivered,2026-05-31T00:45:57+00:00,9,,14,Atlantis,,32364.50,credits
ORD-101715,CUST-00241,delivered,2026-04-03T05:47:56+00:00,16,,11,New Horizons,,16394.12,credits
ORD-101716,CUST-00326,delivered,2026-06-27T11:02:03+00:00,6,,12,Tycho Station,,215844.55,credits
ORD-101717,CUST-00240,picked,2026-05-05T13:37:21+00:00,17,,23,Pallas Shipyard,,31548.62,credits
ORD-101718,CUST-00012,delivered,2026-04-14T19:30:33+00:00,16,,11,New Horizons,1,69281.56,credits
ORD-101719,CUST-00011,dispatched,2026-03-17T08:39:18+00:00,17,,23,Pallas Shipyard,,4799.38,credits
ORD-101720,CUST-00345,delivered,2026-08-11T09:26:57+00:00,19,,9,K-7 Station,,139.65,credits
ORD-101721,CUST-00049,delivered,2026-06-20T06:52:14+00:00,9,,14,Atlantis,,4997.70,credits
ORD-101722,CUST-00079,cancelled,2026-07-25T21:47:56+00:00,7,,22,Vesta Prime,,67418.56,credits
ORD-101723,CUST-00147,delivered,2026-07-14T07:00:52+00:00,6,,12,Tycho Station,,8641.66,credits
ORD-101724,CUST-00039,delivered,2026-04-10T20:40:19+00:00,13,,8,Starbase 11,,128061.39,credits
ORD-101725,CUST-00363,delivered,2026-07-29T17:24:58+00:00,16,,11,New Horizons,,17582.87,credits
ORD-101726,CUST-00085,delivered,2026-06-05T21:32:03+00:00,20,,20,Triton Relay,,246221.83,credits
ORD-101727,CUST-00291,delivered,2026-04-04T05:27:23+00:00,3,,5,Utopia Planitia,,8939.92,credits
ORD-101728,CUST-00299,dispatched,2026-06-03T11:25:28+00:00,7,,22,Vesta Prime,2,2760.00,credits
ORD-101729,CUST-00024,delivered,2026-08-18T00:51:31+00:00,3,,5,Utopia Planitia,,168499.08,credits
ORD-101730,CUST-00305,delivered,2026-08-10T02:52:51+00:00,16,,11,New Horizons,1,36098.88,credits
ORD-101731,CUST-00107,delivered,2026-06-06T23:02:53+00:00,17,,23,Pallas Shipyard,,28607.08,credits
ORD-101732,CUST-00027,delivered,2026-05-20T06:51:56+00:00,3,,5,Utopia Planitia,,3607.06,credits
ORD-101733,CUST-00132,delivered,2026-05-25T12:37:56+00:00,17,,23,Pallas Shipyard,,27535.91,credits
ORD-101734,CUST-00379,delivered,2026-04-10T10:22:58+00:00,17,,23,Pallas Shipyard,,27369.75,credits
ORD-101735,CUST-00024,delivered,2026-05-09T02:21:52+00:00,9,,14,Atlantis,5,64929.85,credits
ORD-101736,CUST-00317,delivered,2026-03-12T21:34:05+00:00,15,,10,Starbase 375,,22538.40,credits
ORD-101737,CUST-00296,delivered,2026-04-09T10:02:01+00:00,16,,11,New Horizons,,200753.99,credits
ORD-101738,CUST-00275,delivered,2026-03-02T16:40:27+00:00,1,,13,Polaris,,268555.87,credits
ORD-101739,CUST-00372,delivered,2026-04-15T23:23:39+00:00,6,,12,Tycho Station,,402037.52,credits
ORD-101740,CUST-00269,dispatched,2026-03-27T17:55:34+00:00,19,,9,K-7 Station,,204132.21,credits
ORD-101741,CUST-00176,picked,2026-04-03T15:52:42+00:00,13,,8,Starbase 11,,2374.36,credits
ORD-101742,CUST-00020,delivered,2026-06-12T19:06:20+00:00,3,,5,Utopia Planitia,1,244398.14,credits
ORD-101743,CUST-00294,delivered,2026-05-28T19:09:11+00:00,13,,8,Starbase 11,,111434.04,credits
ORD-101744,CUST-00010,delivered,2026-06-21T10:34:18+00:00,20,,20,Triton Relay,,33302.27,credits
ORD-101745,CUST-00142,dispatched,2026-03-16T00:18:18+00:00,14,,7,Jupiter Station,,324791.77,credits
ORD-101746,CUST-00383,placed,2026-05-02T14:27:16+00:00,18,,12,Tycho Station,,42.84,credits
ORD-101747,CUST-00189,placed,2026-04-18T03:57:39+00:00,4,,5,Utopia Planitia,,49.47,credits
ORD-101748,CUST-00280,delivered,2026-07-04T14:10:22+00:00,11,,17,Titan Base Alpha,,363029.04,credits
ORD-101749,CUST-00190,dispatched,2026-03-30T11:00:46+00:00,2,,5,Utopia Planitia,8,236207.44,credits
ORD-101750,CUST-00062,dispatched,2026-08-10T20:59:02+00:00,17,,23,Pallas Shipyard,,11009.61,credits
ORD-101751,CUST-00310,delivered,2026-04-25T06:02:36+00:00,7,,22,Vesta Prime,7,8834.04,credits
ORD-101752,CUST-00212,delivered,2026-06-14T19:54:19+00:00,7,,22,Vesta Prime,,1827.80,credits
ORD-101753,CUST-00221,delivered,2026-07-27T23:20:44+00:00,13,,8,Starbase 11,,19016.54,credits
ORD-101754,CUST-00299,delivered,2026-03-28T19:35:37+00:00,11,,17,Titan Base Alpha,,92.42,credits
ORD-101755,CUST-00080,delivered,2026-05-01T10:01:39+00:00,7,,22,Vesta Prime,,4136.03,credits
ORD-101756,CUST-00280,delivered,2026-06-06T23:10:29+00:00,14,,7,Jupiter Station,,2544.24,credits
ORD-101757,CUST-00015,cancelled,2026-04-22T19:51:37+00:00,12,,18,Enceladus Outpost,,26440.00,credits
ORD-101758,CUST-00278,delivered,2026-05-15T12:29:33+00:00,6,,12,Tycho Station,8,23549.40,credits
ORD-101759,CUST-00006,delivered,2026-06-05T16:59:01+00:00,1,,13,Polaris,,415533.61,credits
ORD-101760,CUST-00341,delivered,2026-08-04T23:00:39+00:00,20,,20,Triton Relay,,28233.26,credits
ORD-101761,CUST-00140,dispatched,2026-05-03T21:32:44+00:00,18,,12,Tycho Station,,177816.53,credits
ORD-101762,CUST-00153,delivered,2026-05-21T00:53:44+00:00,2,,5,Utopia Planitia,,21516.20,credits
ORD-101763,CUST-00215,delivered,2026-07-14T03:53:30+00:00,17,,23,Pallas Shipyard,,186723.51,credits
ORD-101764,CUST-00130,delivered,2026-04-20T19:30:26+00:00,8,,7,Jupiter Station,,139379.28,credits
ORD-101765,CUST-00206,delivered,2026-03-04T10:53:27+00:00,9,,14,Atlantis,,287410.12,credits
ORD-101766,CUST-00217,dispatched,2026-06-25T22:26:30+00:00,13,,8,Starbase 11,10,79552.56,credits
ORD-101767,CUST-00051,picked,2026-05-06T19:08:51+00:00,11,,17,Titan Base Alpha,,11895.58,credits
ORD-101768,CUST-00104,delivered,2026-08-18T16:47:26+00:00,18,,12,Tycho Station,,11051.05,credits
ORD-101769,CUST-00138,delivered,2026-03-14T15:14:40+00:00,18,,12,Tycho Station,,10139.15,credits
ORD-101770,CUST-00212,delivered,2026-06-08T02:00:03+00:00,10,,15,Medina Station,7,36165.97,credits
ORD-101771,CUST-00369,placed,2026-03-10T20:44:10+00:00,8,,7,Jupiter Station,,49675.25,credits
ORD-101772,CUST-00003,delivered,2026-04-16T12:23:52+00:00,11,,17,Titan Base Alpha,9,128321.49,credits
ORD-101773,CUST-00385,delivered,2026-03-31T00:26:17+00:00,3,,5,Utopia Planitia,5,1779.30,credits
ORD-101774,CUST-00331,delivered,2026-08-19T13:00:10+00:00,10,,15,Medina Station,7,49716.69,credits
ORD-101775,CUST-00282,delivered,2026-07-06T01:51:55+00:00,18,,12,Tycho Station,,205643.18,credits
ORD-101776,CUST-00254,dispatched,2026-08-28T16:27:58+00:00,15,,10,Starbase 375,,79758.15,credits
ORD-101777,CUST-00242,dispatched,2026-04-03T09:06:36+00:00,15,,10,Starbase 375,,54545.92,credits
ORD-101778,CUST-00338,placed,2026-03-06T20:16:08+00:00,3,,5,Utopia Planitia,,205514.98,credits
ORD-101779,CUST-00063,picked,2026-07-07T18:04:00+00:00,5,,4,Deep Space Nine,,321275.80,credits
ORD-101780,CUST-00176,delivered,2026-06-29T03:41:09+00:00,12,,18,Enceladus Outpost,,18530.29,credits
ORD-101781,CUST-00355,delivered,2026-07-10T19:01:47+00:00,1,,13,Polaris,,329620.37,credits
ORD-101782,CUST-00327,dispatched,2026-03-19T08:49:31+00:00,4,,5,Utopia Planitia,,1338.06,credits
ORD-101783,CUST-00326,delivered,2026-03-14T23:01:40+00:00,15,,10,Starbase 375,,16641.00,credits
ORD-101784,CUST-00131,delivered,2026-04-03T15:02:30+00:00,7,,22,Vesta Prime,,825.41,credits
ORD-101785,CUST-00084,delivered,2026-08-06T18:09:33+00:00,7,,22,Vesta Prime,,95103.60,credits
ORD-101786,CUST-00181,delivered,2026-05-20T17:53:47+00:00,4,,5,Utopia Planitia,,104683.44,credits
ORD-101787,CUST-00229,picked,2026-04-28T01:09:07+00:00,19,,9,K-7 Station,,213549.68,credits
ORD-101788,CUST-00011,dispatched,2026-03-12T00:22:07+00:00,1,,13,Polaris,,235553.94,credits
ORD-101789,CUST-00334,delivered,2026-08-14T14:40:36+00:00,2,,5,Utopia Planitia,,50332.64,credits
ORD-101790,CUST-00198,delivered,2026-04-15T21:01:28+00:00,6,,12,Tycho Station,,88216.45,credits
ORD-101791,CUST-00335,delivered,2026-05-08T00:36:59+00:00,20,,20,Triton Relay,,59002.78,credits
ORD-101792,CUST-00118,delivered,2026-07-14T20:58:07+00:00,14,,7,Jupiter Station,,1336.38,credits
ORD-101793,CUST-00182,dispatched,2026-03-27T00:05:46+00:00,19,,9,K-7 Station,,13062.90,credits
ORD-101794,CUST-00394,cancelled,2026-03-01T20:54:49+00:00,3,,5,Utopia Planitia,,376186.84,credits
ORD-101795,CUST-00203,delivered,2026-06-26T23:09:15+00:00,12,,18,Enceladus Outpost,,10484.72,credits
ORD-101796,CUST-00249,delivered,2026-06-16T02:40:57+00:00,1,,13,Polaris,,214073.35,credits
ORD-101797,CUST-00029,delivered,2026-03-29T14:03:21+00:00,16,,11,New Horizons,7,33741.78,credits
ORD-101798,CUST-00241,delivered,2026-08-03T13:52:04+00:00,15,,10,Starbase 375,,93015.14,credits
ORD-101799,CUST-00385,delivered,2026-07-17T12:33:47+00:00,16,,11,New Horizons,,67645.38,credits
ORD-101800,CUST-00400,delivered,2026-07-24T06:54:48+00:00,2,,5,Utopia Planitia,6,24926.16,credits
ORD-101801,CUST-00392,dispatched,2026-03-17T10:03:36+00:00,17,,23,Pallas Shipyard,,305482.47,credits
ORD-101802,CUST-00292,dispatched,2026-08-11T19:04:23+00:00,14,,7,Jupiter Station,,2631.36,credits
ORD-101803,CUST-00298,dispatched,2026-03-07T08:03:49+00:00,1,,13,Polaris,,878.65,credits
ORD-101804,CUST-00390,dispatched,2026-08-05T17:38:03+00:00,8,,7,Jupiter Station,9,343305.24,credits
ORD-101805,CUST-00328,picked,2026-07-12T15:48:29+00:00,14,,7,Jupiter Station,,15034.53,credits
ORD-101806,CUST-00351,dispatched,2026-08-03T23:22:35+00:00,5,,4,Deep Space Nine,,16897.85,credits
ORD-101807,CUST-00246,delivered,2026-08-30T06:05:23+00:00,16,,11,New Horizons,,4906.53,credits
ORD-101808,CUST-00396,delivered,2026-08-23T01:05:00+00:00,5,,4,Deep Space Nine,,16269.59,credits
ORD-101809,CUST-00385,delivered,2026-08-26T08:12:44+00:00,16,,11,New Horizons,6,329379.31,credits
ORD-101810,CUST-00061,delivered,2026-05-20T17:48:57+00:00,4,,5,Utopia Planitia,,18573.82,credits
ORD-101811,CUST-00389,delivered,2026-08-04T15:50:36+00:00,7,,22,Vesta Prime,6,91988.61,credits
ORD-101812,CUST-00192,delivered,2026-03-04T21:34:10+00:00,1,,13,Polaris,,54755.49,credits
ORD-101813,CUST-00296,placed,2026-06-24T17:08:52+00:00,7,,22,Vesta Prime,,112534.70,credits
ORD-101814,CUST-00347,dispatched,2026-06-16T20:28:47+00:00,5,,4,Deep Space Nine,,25740.05,credits
ORD-101815,CUST-00147,delivered,2026-07-01T05:34:59+00:00,15,,10,Starbase 375,,229022.23,credits
ORD-101816,CUST-00170,delivered,2026-08-24T04:10:09+00:00,15,,10,Starbase 375,,73971.83,credits
ORD-101817,CUST-00352,dispatched,2026-04-01T08:21:04+00:00,13,,8,Starbase 11,2,2404.31,credits
ORD-101818,CUST-00078,picked,2026-04-06T22:31:50+00:00,20,,20,Triton Relay,10,369164.88,credits
ORD-101819,CUST-00055,delivered,2026-05-02T20:48:26+00:00,2,,5,Utopia Planitia,,9452.40,credits
ORD-101820,CUST-00072,dispatched,2026-05-21T19:47:11+00:00,7,,22,Vesta Prime,,38842.82,credits
ORD-101821,CUST-00262,delivered,2026-07-08T06:11:27+00:00,1,,13,Polaris,,96716.32,credits
ORD-101822,CUST-00367,delivered,2026-03-20T17:07:35+00:00,19,,9,K-7 Station,,45663.05,credits
ORD-101823,CUST-00047,picked,2026-03-27T06:06:08+00:00,8,,7,Jupiter Station,,147697.10,credits
ORD-101824,CUST-00037,picked,2026-07-14T15:54:20+00:00,16,,11,New Horizons,,196871.84,credits
ORD-101825,CUST-00270,picked,2026-07-20T05:56:25+00:00,18,,12,Tycho Station,6,64135.86,credits
ORD-101826,CUST-00046,picked,2026-07-24T02:29:38+00:00,18,,12,Tycho Station,,3567.09,credits
ORD-101827,CUST-00338,picked,2026-05-22T18:41:56+00:00,6,,12,Tycho Station,,32881.11,credits
ORD-101828,CUST-00287,delivered,2026-07-31T14:31:09+00:00,3,,5,Utopia Planitia,5,11067.45,credits
ORD-101829,CUST-00293,delivered,2026-03-02T06:23:01+00:00,18,,12,Tycho Station,,8520.12,credits
ORD-101830,CUST-00296,delivered,2026-06-05T10:06:13+00:00,9,,14,Atlantis,,4760.92,credits
ORD-101831,CUST-00301,cancelled,2026-05-15T21:26:26+00:00,5,,4,Deep Space Nine,,52704.06,credits
ORD-101832,CUST-00173,delivered,2026-04-30T18:20:55+00:00,8,,7,Jupiter Station,,39539.78,credits
ORD-101833,CUST-00350,delivered,2026-07-03T00:14:36+00:00,13,,8,Starbase 11,5,4785.28,credits
ORD-101834,CUST-00083,delivered,2026-03-26T00:53:38+00:00,2,,5,Utopia Planitia,,17722.87,credits
ORD-101835,CUST-00083,delivered,2026-06-27T20:10:42+00:00,13,,8,Starbase 11,,3291.24,credits
ORD-101836,CUST-00381,delivered,2026-08-11T17:31:05+00:00,18,,12,Tycho Station,,13613.30,credits
ORD-101837,CUST-00386,dispatched,2026-03-23T09:23:37+00:00,10,,15,Medina Station,,19652.44,credits
ORD-101838,CUST-00075,cancelled,2026-03-05T14:44:08+00:00,20,,20,Triton Relay,,4642.59,credits
ORD-101839,CUST-00304,delivered,2026-04-22T01:41:33+00:00,9,,14,Atlantis,10,1983.33,credits
ORD-101840,CUST-00102,delivered,2026-03-02T23:05:28+00:00,14,,7,Jupiter Station,1,289282.09,credits
ORD-101841,CUST-00252,delivered,2026-05-08T03:01:48+00:00,12,,18,Enceladus Outpost,4,424959.12,credits
ORD-101842,CUST-00032,delivered,2026-05-12T02:41:55+00:00,13,,8,Starbase 11,,18454.24,credits
ORD-101843,CUST-00298,delivered,2026-04-13T21:54:09+00:00,19,,9,K-7 Station,3,2466.98,credits
ORD-101844,CUST-00289,delivered,2026-07-16T13:31:14+00:00,4,,5,Utopia Planitia,10,213879.00,credits
ORD-101845,CUST-00221,delivered,2026-06-27T11:31:18+00:00,16,,11,New Horizons,,12078.14,credits
ORD-101846,CUST-00127,delivered,2026-06-25T11:26:31+00:00,17,,23,Pallas Shipyard,,45566.54,credits
ORD-101847,CUST-00378,dispatched,2026-04-28T01:12:43+00:00,14,,7,Jupiter Station,,27684.32,credits
ORD-101848,CUST-00168,delivered,2026-06-12T22:35:05+00:00,14,,7,Jupiter Station,,268796.59,credits
ORD-101849,CUST-00004,dispatched,2026-08-22T01:04:13+00:00,6,,12,Tycho Station,,75264.24,credits
ORD-101850,CUST-00097,delivered,2026-08-20T08:29:34+00:00,12,,18,Enceladus Outpost,7,49801.18,credits
ORD-101851,CUST-00214,delivered,2026-06-24T10:37:11+00:00,10,,15,Medina Station,,3220.49,credits
ORD-101852,CUST-00268,dispatched,2026-05-08T23:56:06+00:00,20,,20,Triton Relay,,5784.30,credits
ORD-101853,CUST-00025,delivered,2026-03-18T06:16:44+00:00,9,,14,Atlantis,,300136.10,credits
ORD-101854,CUST-00100,picked,2026-07-11T00:19:21+00:00,3,,5,Utopia Planitia,,1310.76,credits
ORD-101855,CUST-00004,delivered,2026-03-01T05:46:30+00:00,8,,7,Jupiter Station,,12068.76,credits
ORD-101856,CUST-00068,delivered,2026-08-10T16:34:15+00:00,6,,12,Tycho Station,,27207.95,credits
ORD-101857,CUST-00123,delivered,2026-07-07T00:30:10+00:00,8,,7,Jupiter Station,,7957.84,credits
ORD-101858,CUST-00301,delivered,2026-06-15T18:14:48+00:00,3,,5,Utopia Planitia,9,17930.62,credits
ORD-101859,CUST-00179,delivered,2026-07-30T20:19:52+00:00,8,,7,Jupiter Station,,47323.96,credits
ORD-101860,CUST-00345,cancelled,2026-04-29T01:05:17+00:00,6,,12,Tycho Station,,1484.56,credits
ORD-101861,CUST-00361,delivered,2026-04-08T05:02:35+00:00,3,,5,Utopia Planitia,,62629.14,credits
ORD-101862,CUST-00096,delivered,2026-06-23T13:01:45+00:00,7,,22,Vesta Prime,,18507.12,credits
ORD-101863,CUST-00286,placed,2026-07-28T13:25:59+00:00,19,,9,K-7 Station,,43323.80,credits
ORD-101864,CUST-00363,dispatched,2026-08-20T22:39:17+00:00,8,,7,Jupiter Station,,45411.78,credits
ORD-101865,CUST-00349,dispatched,2026-08-26T04:17:17+00:00,17,,23,Pallas Shipyard,,227583.92,credits
ORD-101866,CUST-00200,picked,2026-08-11T05:37:18+00:00,16,,11,New Horizons,8,480283.58,credits
ORD-101867,CUST-00002,cancelled,2026-07-09T20:10:27+00:00,8,,7,Jupiter Station,,66034.24,credits
ORD-101868,CUST-00313,delivered,2026-03-03T00:55:31+00:00,18,,12,Tycho Station,,4434.04,credits
ORD-101869,CUST-00017,delivered,2026-08-21T11:20:30+00:00,6,,12,Tycho Station,,11139.96,credits
ORD-101870,CUST-00342,delivered,2026-08-19T18:25:00+00:00,16,,11,New Horizons,6,30632.51,credits
ORD-101871,CUST-00041,delivered,2026-06-05T14:44:37+00:00,15,,10,Starbase 375,,71663.10,credits
ORD-101872,CUST-00171,delivered,2026-05-07T06:15:55+00:00,12,,18,Enceladus Outpost,9,291148.06,credits
ORD-101873,CUST-00372,delivered,2026-07-18T07:19:33+00:00,2,,5,Utopia Planitia,,16025.54,credits
ORD-101874,CUST-00231,delivered,2026-03-15T02:43:10+00:00,20,,20,Triton Relay,10,12235.75,credits
ORD-101875,CUST-00306,delivered,2026-03-11T06:26:22+00:00,1,,13,Polaris,,8386.86,credits
ORD-101876,CUST-00121,delivered,2026-07-03T10:49:28+00:00,13,,8,Starbase 11,,253277.71,credits
ORD-101877,CUST-00013,delivered,2026-07-16T23:33:08+00:00,6,,12,Tycho Station,,49534.24,credits
ORD-101878,CUST-00250,delivered,2026-07-18T09:07:34+00:00,9,,14,Atlantis,,24028.62,credits
ORD-101879,CUST-00145,delivered,2026-05-06T10:46:09+00:00,10,,15,Medina Station,,1881.66,credits
ORD-101880,CUST-00084,dispatched,2026-06-30T00:35:41+00:00,18,,12,Tycho Station,6,208471.94,credits
ORD-101881,CUST-00001,placed,2026-05-31T15:44:49+00:00,16,,11,New Horizons,,282602.86,credits
ORD-101882,CUST-00156,picked,2026-05-02T07:50:14+00:00,13,,8,Starbase 11,,18031.13,credits
ORD-101883,CUST-00392,dispatched,2026-06-09T13:08:19+00:00,18,,12,Tycho Station,,27255.54,credits
ORD-101884,CUST-00313,delivered,2026-06-12T10:14:25+00:00,9,,14,Atlantis,,6297.20,credits
ORD-101885,CUST-00056,dispatched,2026-06-06T00:50:43+00:00,15,,10,Starbase 375,,161903.79,credits
ORD-101886,CUST-00198,delivered,2026-03-07T06:12:05+00:00,11,,17,Titan Base Alpha,,261392.18,credits
ORD-101887,CUST-00264,delivered,2026-08-25T07:15:53+00:00,9,,14,Atlantis,,6005.59,credits
ORD-101888,CUST-00132,delivered,2026-06-23T06:04:34+00:00,11,,17,Titan Base Alpha,,252104.39,credits
ORD-101889,CUST-00209,dispatched,2026-04-05T01:14:48+00:00,12,,18,Enceladus Outpost,,16916.50,credits
ORD-101890,CUST-00224,delivered,2026-05-17T17:42:55+00:00,9,,14,Atlantis,10,114780.64,credits
ORD-101891,CUST-00233,dispatched,2026-03-19T01:48:22+00:00,11,,17,Titan Base Alpha,,152888.75,credits
ORD-101892,CUST-00040,delivered,2026-03-16T14:13:40+00:00,5,,4,Deep Space Nine,7,225594.60,credits
ORD-101893,CUST-00140,dispatched,2026-05-19T23:48:13+00:00,13,,8,Starbase 11,,55056.30,credits
ORD-101894,CUST-00255,delivered,2026-03-04T08:40:46+00:00,8,,7,Jupiter Station,,2419.95,credits
ORD-101895,CUST-00170,delivered,2026-08-29T19:37:49+00:00,12,,18,Enceladus Outpost,,123493.17,credits
ORD-101896,CUST-00181,delivered,2026-07-19T16:12:00+00:00,15,,10,Starbase 375,,4280.76,credits
ORD-101897,CUST-00393,delivered,2026-05-14T00:57:13+00:00,17,,23,Pallas Shipyard,,84400.23,credits
ORD-101898,CUST-00169,delivered,2026-07-27T12:50:57+00:00,2,,5,Utopia Planitia,3,12543.24,credits
ORD-101899,CUST-00133,delivered,2026-05-04T18:30:05+00:00,18,,12,Tycho Station,,44332.64,credits
ORD-101900,CUST-00093,cancelled,2026-08-22T08:30:04+00:00,20,,20,Triton Relay,7,11701.26,credits
ORD-101901,CUST-00015,delivered,2026-08-25T21:57:57+00:00,16,,11,New Horizons,,10435.62,credits
ORD-101902,CUST-00114,delivered,2026-03-24T21:15:06+00:00,6,,12,Tycho Station,,109680.99,credits
ORD-101903,CUST-00243,delivered,2026-03-10T14:33:34+00:00,4,,5,Utopia Planitia,,114048.36,credits
ORD-101904,CUST-00083,delivered,2026-03-07T20:55:43+00:00,20,,20,Triton Relay,,16107.03,credits
ORD-101905,CUST-00116,delivered,2026-06-11T00:52:37+00:00,8,,7,Jupiter Station,,76712.60,credits
ORD-101906,CUST-00206,dispatched,2026-04-11T17:11:01+00:00,11,,17,Titan Base Alpha,1,41347.40,credits
ORD-101907,CUST-00394,delivered,2026-05-29T22:05:27+00:00,15,,10,Starbase 375,,264842.20,credits
ORD-101908,CUST-00099,dispatched,2026-07-08T11:32:01+00:00,12,,18,Enceladus Outpost,,24666.71,credits
ORD-101909,CUST-00349,picked,2026-07-02T16:57:06+00:00,15,,10,Starbase 375,8,2760.48,credits
ORD-101910,CUST-00338,delivered,2026-06-15T12:34:26+00:00,15,,10,Starbase 375,,23813.20,credits
ORD-101911,CUST-00121,delivered,2026-08-03T14:28:59+00:00,12,,18,Enceladus Outpost,,324238.02,credits
ORD-101912,CUST-00321,dispatched,2026-03-09T02:22:41+00:00,13,,8,Starbase 11,4,48430.08,credits
ORD-101913,CUST-00324,dispatched,2026-04-06T02:23:40+00:00,8,,7,Jupiter Station,,3303.22,credits
ORD-101914,CUST-00118,delivered,2026-07-08T18:34:03+00:00,8,,7,Jupiter Station,3,12633.13,credits
ORD-101915,CUST-00105,delivered,2026-05-03T08:06:45+00:00,14,,7,Jupiter Station,,7423.21,credits
ORD-101916,CUST-00011,delivered,2026-06-13T10:06:26+00:00,20,,20,Triton Relay,,39375.84,credits
ORD-101917,CUST-00270,picked,2026-06-05T03:08:42+00:00,5,,4,Deep Space Nine,,1333.17,credits
ORD-101918,CUST-00394,delivered,2026-06-28T23:16:16+00:00,18,,12,Tycho Station,,14206.22,credits
ORD-101919,CUST-00206,cancelled,2026-05-24T03:15:23+00:00,17,,23,Pallas Shipyard,10,4765.62,credits
ORD-101920,CUST-00353,delivered,2026-08-09T22:33:02+00:00,5,,4,Deep Space Nine,,177960.64,credits
ORD-101921,CUST-00280,dispatched,2026-03-31T04:58:16+00:00,8,,7,Jupiter Station,,42460.03,credits
ORD-101922,CUST-00199,dispatched,2026-08-17T11:19:26+00:00,1,,13,Polaris,,3617.20,credits
ORD-101923,CUST-00297,delivered,2026-03-09T22:00:43+00:00,4,,5,Utopia Planitia,,25009.82,credits
ORD-101924,CUST-00165,delivered,2026-08-13T00:50:51+00:00,13,,8,Starbase 11,,46183.18,credits
ORD-101925,CUST-00310,delivered,2026-06-08T08:20:08+00:00,20,,20,Triton Relay,,486.20,credits
ORD-101926,CUST-00198,dispatched,2026-06-16T17:25:55+00:00,11,,17,Titan Base Alpha,,73341.14,credits
ORD-101927,CUST-00322,delivered,2026-03-14T17:04:57+00:00,5,,4,Deep Space Nine,,2010.62,credits
ORD-101928,CUST-00086,dispatched,2026-06-02T17:49:54+00:00,4,,5,Utopia Planitia,,311484.34,credits
ORD-101929,CUST-00200,delivered,2026-07-22T16:22:29+00:00,7,,22,Vesta Prime,,24332.18,credits
ORD-101930,CUST-00223,delivered,2026-08-17T14:36:20+00:00,3,,5,Utopia Planitia,,227225.52,credits
ORD-101931,CUST-00375,delivered,2026-05-10T16:19:34+00:00,4,,5,Utopia Planitia,,225826.10,credits
ORD-101932,CUST-00216,delivered,2026-07-20T01:35:40+00:00,6,,12,Tycho Station,,3909.73,credits
ORD-101933,CUST-00147,delivered,2026-08-16T22:44:35+00:00,7,,22,Vesta Prime,,16655.29,credits
ORD-101934,CUST-00288,delivered,2026-04-02T21:18:50+00:00,4,,5,Utopia Planitia,,234930.50,credits
ORD-101935,CUST-00202,delivered,2026-04-05T09:34:30+00:00,15,,10,Starbase 375,,234647.02,credits
ORD-101936,CUST-00068,placed,2026-08-02T04:02:43+00:00,18,,12,Tycho Station,,152425.84,credits
ORD-101937,CUST-00079,placed,2026-04-19T15:24:22+00:00,6,,12,Tycho Station,,17666.45,credits
ORD-101938,CUST-00231,delivered,2026-05-31T13:48:24+00:00,12,,18,Enceladus Outpost,,36846.72,credits
ORD-101939,CUST-00115,placed,2026-03-14T07:15:18+00:00,2,,5,Utopia Planitia,,222.35,credits
ORD-101940,CUST-00228,delivered,2026-07-09T21:47:24+00:00,20,,20,Triton Relay,,83616.59,credits
ORD-101941,CUST-00034,delivered,2026-03-27T11:41:39+00:00,17,,23,Pallas Shipyard,,392.80,credits
ORD-101942,CUST-00098,dispatched,2026-08-13T12:28:44+00:00,8,,7,Jupiter Station,10,57740.80,credits
ORD-101943,CUST-00136,cancelled,2026-08-07T18:49:17+00:00,18,,12,Tycho Station,,134555.69,credits
ORD-101944,CUST-00241,dispatched,2026-08-02T12:19:46+00:00,9,,14,Atlantis,,22304.62,credits
ORD-101945,CUST-00042,delivered,2026-06-15T15:19:03+00:00,20,,20,Triton Relay,2,64522.18,credits
ORD-101946,CUST-00192,delivered,2026-03-25T14:55:13+00:00,19,,9,K-7 Station,,26206.32,credits
ORD-101947,CUST-00392,delivered,2026-05-23T14:17:49+00:00,9,,14,Atlantis,3,230141.26,credits
ORD-101948,CUST-00211,delivered,2026-04-04T23:04:02+00:00,7,,22,Vesta Prime,4,6432.41,credits
ORD-101949,CUST-00107,delivered,2026-08-22T11:46:46+00:00,9,,14,Atlantis,,289101.09,credits
ORD-101950,CUST-00333,delivered,2026-08-19T01:40:56+00:00,7,,22,Vesta Prime,,68680.38,credits
ORD-101951,CUST-00164,placed,2026-04-30T00:17:23+00:00,12,,18,Enceladus Outpost,,1876.60,credits
ORD-101952,CUST-00336,picked,2026-08-02T11:22:25+00:00,17,,23,Pallas Shipyard,,41141.56,credits
ORD-101953,CUST-00123,delivered,2026-06-03T11:45:23+00:00,17,,23,Pallas Shipyard,3,67993.54,credits
ORD-101954,CUST-00208,delivered,2026-03-01T13:43:53+00:00,13,,8,Starbase 11,,310522.68,credits
ORD-101955,CUST-00274,delivered,2026-07-30T07:44:04+00:00,13,,8,Starbase 11,,35464.02,credits
ORD-101956,CUST-00127,delivered,2026-05-01T22:49:08+00:00,13,,8,Starbase 11,2,4034.94,credits
ORD-101957,CUST-00088,placed,2026-05-01T06:08:28+00:00,10,,15,Medina Station,,2961.43,credits
ORD-101958,CUST-00270,delivered,2026-04-13T18:53:31+00:00,20,,20,Triton Relay,,6712.38,credits
ORD-101959,CUST-00195,cancelled,2026-08-10T15:51:24+00:00,4,,5,Utopia Planitia,,34053.70,credits
ORD-101960,CUST-00147,delivered,2026-07-16T00:41:29+00:00,2,,5,Utopia Planitia,,247829.12,credits
ORD-101961,CUST-00097,delivered,2026-05-25T06:27:11+00:00,4,,5,Utopia Planitia,,15396.16,credits
ORD-101962,CUST-00231,delivered,2026-04-20T16:54:14+00:00,15,,10,Starbase 375,,175320.96,credits
ORD-101963,CUST-00173,delivered,2026-03-08T01:56:46+00:00,20,,20,Triton Relay,,662.30,credits
ORD-101964,CUST-00095,dispatched,2026-04-09T13:58:10+00:00,19,,9,K-7 Station,,17024.42,credits
ORD-101965,CUST-00143,delivered,2026-05-30T02:46:57+00:00,4,,5,Utopia Planitia,,186131.92,credits
ORD-101966,CUST-00175,delivered,2026-07-02T23:44:43+00:00,18,,12,Tycho Station,,294526.29,credits
ORD-101967,CUST-00309,delivered,2026-07-07T07:47:23+00:00,10,,15,Medina Station,,228375.38,credits
ORD-101968,CUST-00072,placed,2026-08-17T13:11:41+00:00,15,,10,Starbase 375,3,32072.94,credits
ORD-101969,CUST-00156,delivered,2026-04-06T23:20:36+00:00,3,,5,Utopia Planitia,,714.42,credits
ORD-101970,CUST-00148,cancelled,2026-04-20T07:19:55+00:00,11,,17,Titan Base Alpha,7,4104.50,credits
ORD-101971,CUST-00031,picked,2026-07-01T10:43:53+00:00,7,,22,Vesta Prime,5,468.78,credits
ORD-101972,CUST-00211,delivered,2026-05-03T11:10:47+00:00,18,,12,Tycho Station,6,5144.61,credits
ORD-101973,CUST-00225,delivered,2026-05-14T03:08:18+00:00,13,,8,Starbase 11,,28539.24,credits
ORD-101974,CUST-00261,delivered,2026-05-18T21:49:46+00:00,16,,11,New Horizons,,14760.42,credits
ORD-101975,CUST-00146,dispatched,2026-08-01T21:54:17+00:00,19,,9,K-7 Station,,16814.93,credits
ORD-101976,CUST-00190,picked,2026-04-25T14:51:22+00:00,1,,13,Polaris,,5481.69,credits
ORD-101977,CUST-00332,picked,2026-05-08T23:08:59+00:00,4,,5,Utopia Planitia,,11486.52,credits
ORD-101978,CUST-00235,delivered,2026-03-14T22:27:11+00:00,16,,11,New Horizons,4,1843.90,credits
ORD-101979,CUST-00019,delivered,2026-03-27T11:13:07+00:00,13,,8,Starbase 11,,3078.90,credits
ORD-101980,CUST-00075,delivered,2026-03-09T01:47:39+00:00,11,,17,Titan Base Alpha,,255762.80,credits
ORD-101981,CUST-00008,delivered,2026-08-15T22:53:17+00:00,19,,9,K-7 Station,,266.10,credits
ORD-101982,CUST-00320,picked,2026-08-29T14:54:57+00:00,15,,10,Starbase 375,,138.15,credits
ORD-101983,CUST-00157,delivered,2026-05-25T06:19:45+00:00,3,,5,Utopia Planitia,,1868.04,credits
ORD-101984,CUST-00364,delivered,2026-08-08T05:36:40+00:00,14,,7,Jupiter Station,,32835.18,credits
ORD-101985,CUST-00219,delivered,2026-06-29T16:39:50+00:00,16,,11,New Horizons,,249011.96,credits
ORD-101986,CUST-00182,dispatched,2026-07-26T10:46:07+00:00,15,,10,Starbase 375,,92520.68,credits
ORD-101987,CUST-00206,delivered,2026-08-22T00:49:33+00:00,2,,5,Utopia Planitia,,376188.63,credits
ORD-101988,CUST-00201,delivered,2026-08-27T10:53:58+00:00,13,,8,Starbase 11,,24994.16,credits
ORD-101989,CUST-00355,delivered,2026-07-08T22:11:38+00:00,19,,9,K-7 Station,,96835.38,credits
ORD-101990,CUST-00380,delivered,2026-08-04T18:53:44+00:00,10,,15,Medina Station,,21100.57,credits
ORD-101991,CUST-00021,delivered,2026-04-18T12:02:58+00:00,9,,14,Atlantis,,209701.00,credits
ORD-101992,CUST-00185,cancelled,2026-06-29T04:31:00+00:00,13,,8,Starbase 11,,20274.80,credits
ORD-101993,CUST-00266,placed,2026-04-13T00:32:09+00:00,4,,5,Utopia Planitia,,15772.39,credits
ORD-101994,CUST-00123,delivered,2026-03-25T12:25:05+00:00,9,,14,Atlantis,,60282.46,credits
ORD-101995,CUST-00025,delivered,2026-04-27T14:08:27+00:00,9,,14,Atlantis,,384014.97,credits
ORD-101996,CUST-00382,delivered,2026-07-12T16:51:25+00:00,6,,12,Tycho Station,,18923.85,credits
ORD-101997,CUST-00311,placed,2026-07-15T07:46:45+00:00,3,,5,Utopia Planitia,,183843.60,credits
ORD-101998,CUST-00115,delivered,2026-04-29T07:49:47+00:00,15,,10,Starbase 375,,19347.30,credits
ORD-101999,CUST-00335,delivered,2026-04-16T06:18:25+00:00,9,,14,Atlantis,3,5800.47,credits
ORD-102000,CUST-00377,delivered,2026-07-12T16:56:39+00:00,1,,13,Polaris,,11494.77,credits
ORD-102001,CUST-00387,delivered,2026-04-25T06:47:16+00:00,19,,9,K-7 Station,,25332.75,credits
ORD-102002,CUST-00272,picked,2026-03-12T14:57:38+00:00,13,,8,Starbase 11,,14815.19,credits
ORD-102003,CUST-00054,delivered,2026-03-11T07:59:17+00:00,20,,20,Triton Relay,,15546.32,credits
ORD-102004,CUST-00178,delivered,2026-03-23T11:01:29+00:00,9,,14,Atlantis,,5366.98,credits
ORD-102005,CUST-00345,delivered,2026-08-14T23:20:30+00:00,2,,5,Utopia Planitia,9,184178.04,credits
ORD-102006,CUST-00200,dispatched,2026-05-08T13:26:45+00:00,3,,5,Utopia Planitia,,8534.66,credits
ORD-102007,CUST-00136,delivered,2026-06-15T12:04:16+00:00,8,,7,Jupiter Station,,386777.68,credits
ORD-102008,CUST-00014,delivered,2026-03-16T14:33:15+00:00,2,,5,Utopia Planitia,,37197.31,credits
ORD-102009,CUST-00153,delivered,2026-04-01T20:49:27+00:00,16,,11,New Horizons,4,349059.90,credits
ORD-102010,CUST-00233,delivered,2026-05-04T11:39:22+00:00,12,,18,Enceladus Outpost,,49968.56,credits
ORD-102011,CUST-00297,placed,2026-06-21T22:44:12+00:00,9,,14,Atlantis,,9187.80,credits
ORD-102012,CUST-00313,cancelled,2026-03-18T16:34:21+00:00,1,,13,Polaris,,131595.65,credits
ORD-102013,CUST-00371,delivered,2026-07-11T04:52:37+00:00,5,,4,Deep Space Nine,,2867.14,credits
ORD-102014,CUST-00091,dispatched,2026-03-16T14:25:12+00:00,9,,14,Atlantis,,2313.77,credits
ORD-102015,CUST-00239,delivered,2026-03-29T13:07:53+00:00,4,,5,Utopia Planitia,,1877.72,credits
ORD-102016,CUST-00121,dispatched,2026-07-05T23:43:42+00:00,17,,23,Pallas Shipyard,,23745.87,credits
ORD-102017,CUST-00330,delivered,2026-07-01T14:05:40+00:00,14,,7,Jupiter Station,,153427.12,credits
ORD-102018,CUST-00089,cancelled,2026-05-20T02:14:49+00:00,7,,22,Vesta Prime,,9784.64,credits
ORD-102019,CUST-00227,delivered,2026-05-04T02:35:07+00:00,8,,7,Jupiter Station,5,15625.51,credits
ORD-102020,CUST-00223,delivered,2026-06-29T09:10:22+00:00,15,,10,Starbase 375,,12702.85,credits
ORD-102021,CUST-00052,cancelled,2026-05-26T14:30:02+00:00,6,,12,Tycho Station,,69275.96,credits
ORD-102022,CUST-00120,delivered,2026-08-27T08:51:59+00:00,4,,5,Utopia Planitia,7,43981.08,credits
ORD-102023,CUST-00264,delivered,2026-06-20T13:55:28+00:00,8,,7,Jupiter Station,,70476.43,credits
ORD-102024,CUST-00151,delivered,2026-08-05T06:41:48+00:00,5,,4,Deep Space Nine,2,227110.45,credits
ORD-102025,CUST-00297,delivered,2026-07-07T23:37:39+00:00,7,,22,Vesta Prime,,10223.20,credits
ORD-102026,CUST-00002,delivered,2026-08-07T16:01:05+00:00,12,,18,Enceladus Outpost,,64432.26,credits
ORD-102027,CUST-00184,dispatched,2026-05-07T19:40:47+00:00,16,,11,New Horizons,2,11383.50,credits
ORD-102028,CUST-00350,delivered,2026-07-31T11:36:19+00:00,16,,11,New Horizons,7,71155.93,credits
ORD-102029,CUST-00267,delivered,2026-03-28T00:54:37+00:00,1,,13,Polaris,,187426.12,credits
ORD-102030,CUST-00184,delivered,2026-04-15T09:38:31+00:00,8,,7,Jupiter Station,,238510.34,credits
ORD-102031,CUST-00208,dispatched,2026-04-23T07:32:41+00:00,19,,9,K-7 Station,,23282.12,credits
ORD-102032,CUST-00352,delivered,2026-08-07T12:33:56+00:00,1,,13,Polaris,,4305.60,credits
ORD-102033,CUST-00017,delivered,2026-08-21T06:38:45+00:00,17,,23,Pallas Shipyard,,5795.82,credits
ORD-102034,CUST-00043,delivered,2026-03-14T16:29:35+00:00,5,,4,Deep Space Nine,,9211.05,credits
ORD-102035,CUST-00141,placed,2026-05-21T01:00:02+00:00,1,,13,Polaris,2,3056.56,credits
ORD-102036,CUST-00142,delivered,2026-05-31T05:20:20+00:00,17,,23,Pallas Shipyard,,3234.84,credits
ORD-102037,CUST-00052,cancelled,2026-08-17T08:06:31+00:00,5,,4,Deep Space Nine,,16926.66,credits
ORD-102038,CUST-00221,picked,2026-03-29T04:59:43+00:00,4,,5,Utopia Planitia,,27457.91,credits
ORD-102039,CUST-00211,picked,2026-04-03T02:10:45+00:00,3,,5,Utopia Planitia,,655.37,credits
ORD-102040,CUST-00107,placed,2026-08-26T07:11:14+00:00,8,,7,Jupiter Station,,10377.87,credits
ORD-102041,CUST-00281,delivered,2026-06-08T08:42:38+00:00,7,,22,Vesta Prime,4,5025.28,credits
ORD-102042,CUST-00189,delivered,2026-08-05T11:37:05+00:00,1,,13,Polaris,,358533.34,credits
ORD-102043,CUST-00283,delivered,2026-07-30T03:30:12+00:00,10,,15,Medina Station,,238199.32,credits
ORD-102044,CUST-00291,delivered,2026-03-16T04:02:19+00:00,18,,12,Tycho Station,3,10268.76,credits
ORD-102045,CUST-00391,delivered,2026-04-05T07:01:00+00:00,13,,8,Starbase 11,,1743.95,credits
ORD-102046,CUST-00145,delivered,2026-06-28T09:36:29+00:00,8,,7,Jupiter Station,,135298.76,credits
ORD-102047,CUST-00207,delivered,2026-06-20T22:27:50+00:00,19,,9,K-7 Station,,2399.78,credits
ORD-102048,CUST-00211,cancelled,2026-03-07T00:46:18+00:00,17,,23,Pallas Shipyard,,201643.73,credits
ORD-102049,CUST-00073,delivered,2026-08-27T17:05:51+00:00,5,,4,Deep Space Nine,,129.87,credits
ORD-102050,CUST-00319,delivered,2026-05-18T03:07:23+00:00,16,,11,New Horizons,,3833.60,credits
ORD-102051,CUST-00332,delivered,2026-07-11T17:46:18+00:00,12,,18,Enceladus Outpost,,142810.59,credits
ORD-102052,CUST-00237,delivered,2026-07-06T08:03:03+00:00,18,,12,Tycho Station,1,56723.28,credits
ORD-102053,CUST-00119,delivered,2026-08-03T17:33:04+00:00,15,,10,Starbase 375,,27030.76,credits
ORD-102054,CUST-00229,delivered,2026-05-13T07:41:40+00:00,15,,10,Starbase 375,,194855.90,credits
ORD-102055,CUST-00168,delivered,2026-03-31T14:38:29+00:00,10,,15,Medina Station,,266.94,credits
ORD-102056,CUST-00159,cancelled,2026-05-26T08:06:09+00:00,12,,18,Enceladus Outpost,1,18279.16,credits
ORD-102057,CUST-00242,delivered,2026-05-29T11:21:50+00:00,6,,12,Tycho Station,3,7168.11,credits
ORD-102058,CUST-00273,delivered,2026-06-19T04:50:09+00:00,12,,18,Enceladus Outpost,,38299.22,credits
ORD-102059,CUST-00293,delivered,2026-03-11T16:29:26+00:00,13,,8,Starbase 11,,6814.96,credits
ORD-102060,CUST-00123,delivered,2026-03-31T18:24:58+00:00,6,,12,Tycho Station,,172377.44,credits
ORD-102061,CUST-00343,dispatched,2026-04-02T01:19:03+00:00,12,,18,Enceladus Outpost,,64910.60,credits
ORD-102062,CUST-00186,cancelled,2026-08-26T05:56:36+00:00,4,,5,Utopia Planitia,,12456.56,credits
ORD-102063,CUST-00209,delivered,2026-05-26T05:11:02+00:00,1,,13,Polaris,,26495.44,credits
ORD-102064,CUST-00074,dispatched,2026-06-28T12:56:44+00:00,18,,12,Tycho Station,,24656.32,credits
ORD-102065,CUST-00258,picked,2026-03-15T18:09:13+00:00,17,,23,Pallas Shipyard,4,6978.90,credits
ORD-102066,CUST-00272,delivered,2026-06-02T07:40:11+00:00,8,,7,Jupiter Station,4,5062.44,credits
ORD-102067,CUST-00143,dispatched,2026-08-30T18:30:03+00:00,4,,5,Utopia Planitia,6,41531.36,credits
ORD-102068,CUST-00380,delivered,2026-08-04T20:41:23+00:00,13,,8,Starbase 11,,260628.07,credits
ORD-102069,CUST-00017,delivered,2026-08-06T10:51:25+00:00,6,,12,Tycho Station,,148744.69,credits
ORD-102070,CUST-00017,delivered,2026-05-21T02:48:07+00:00,13,,8,Starbase 11,,320368.79,credits
ORD-102071,CUST-00349,delivered,2026-04-15T07:34:16+00:00,15,,10,Starbase 375,,39672.48,credits
ORD-102072,CUST-00192,dispatched,2026-04-11T23:52:51+00:00,16,,11,New Horizons,,79937.78,credits
ORD-102073,CUST-00326,delivered,2026-05-30T00:03:11+00:00,4,,5,Utopia Planitia,,23755.41,credits
ORD-102074,CUST-00144,delivered,2026-03-02T08:09:43+00:00,16,,11,New Horizons,,10371.28,credits
ORD-102075,CUST-00090,delivered,2026-08-23T04:39:15+00:00,5,,4,Deep Space Nine,,46014.12,credits
ORD-102076,CUST-00016,delivered,2026-04-14T16:52:48+00:00,16,,11,New Horizons,,223075.70,credits
ORD-102077,CUST-00225,delivered,2026-05-08T04:24:31+00:00,5,,4,Deep Space Nine,,5306.34,credits
ORD-102078,CUST-00053,dispatched,2026-05-29T12:21:52+00:00,11,,17,Titan Base Alpha,,356866.96,credits
ORD-102079,CUST-00089,delivered,2026-07-30T23:00:47+00:00,10,,15,Medina Station,,844.41,credits
ORD-102080,CUST-00246,picked,2026-08-22T10:59:23+00:00,3,,5,Utopia Planitia,3,90808.47,credits
ORD-102081,CUST-00028,delivered,2026-04-25T19:24:52+00:00,14,,7,Jupiter Station,,229825.99,credits
ORD-102082,CUST-00157,delivered,2026-08-29T03:54:26+00:00,19,,9,K-7 Station,,80454.52,credits
ORD-102083,CUST-00140,dispatched,2026-04-16T21:36:01+00:00,5,,4,Deep Space Nine,,3045.44,credits
ORD-102084,CUST-00168,delivered,2026-03-09T03:01:19+00:00,4,,5,Utopia Planitia,,39069.64,credits
ORD-102085,CUST-00104,picked,2026-04-27T12:14:59+00:00,10,,15,Medina Station,,98.88,credits
ORD-102086,CUST-00101,delivered,2026-05-06T04:02:25+00:00,12,,18,Enceladus Outpost,6,44686.56,credits
ORD-102087,CUST-00089,delivered,2026-05-17T19:38:12+00:00,17,,23,Pallas Shipyard,9,300142.18,credits
ORD-102088,CUST-00265,delivered,2026-03-29T00:30:48+00:00,14,,7,Jupiter Station,,8046.27,credits
ORD-102089,CUST-00003,delivered,2026-08-03T17:27:10+00:00,14,,7,Jupiter Station,,267752.73,credits
ORD-102090,CUST-00324,delivered,2026-05-20T04:40:23+00:00,15,,10,Starbase 375,,65750.10,credits
ORD-102091,CUST-00053,delivered,2026-03-29T20:03:37+00:00,14,,7,Jupiter Station,,315432.12,credits
ORD-102092,CUST-00210,delivered,2026-04-25T06:09:39+00:00,2,,5,Utopia Planitia,,1954.26,credits
ORD-102093,CUST-00350,delivered,2026-08-06T21:36:09+00:00,12,,18,Enceladus Outpost,,206346.70,credits
ORD-102094,CUST-00101,dispatched,2026-06-12T06:40:21+00:00,14,,7,Jupiter Station,,3131.66,credits
ORD-102095,CUST-00190,delivered,2026-06-17T23:29:45+00:00,2,,5,Utopia Planitia,,2893.82,credits
ORD-102096,CUST-00359,delivered,2026-05-16T12:09:19+00:00,20,,20,Triton Relay,10,55966.10,credits
ORD-102097,CUST-00343,delivered,2026-08-10T21:56:28+00:00,16,,11,New Horizons,,246050.78,credits
ORD-102098,CUST-00336,delivered,2026-03-26T01:17:07+00:00,12,,18,Enceladus Outpost,,7018.05,credits
ORD-102099,CUST-00301,picked,2026-05-21T21:53:54+00:00,5,,4,Deep Space Nine,,18904.03,credits
ORD-102100,CUST-00229,delivered,2026-08-05T17:18:18+00:00,6,,12,Tycho Station,,105829.55,credits
ORD-102101,CUST-00374,picked,2026-05-27T17:08:18+00:00,14,,7,Jupiter Station,,51763.04,credits
ORD-102102,CUST-00046,picked,2026-03-11T23:36:15+00:00,7,,22,Vesta Prime,,49464.22,credits
ORD-102103,CUST-00149,delivered,2026-07-03T22:53:58+00:00,4,,5,Utopia Planitia,,33465.29,credits
ORD-102104,CUST-00082,delivered,2026-06-07T21:51:52+00:00,3,,5,Utopia Planitia,,13249.89,credits
ORD-102105,CUST-00205,delivered,2026-08-22T02:57:04+00:00,19,,9,K-7 Station,3,38585.82,credits
ORD-102106,CUST-00304,delivered,2026-08-27T08:39:09+00:00,19,,9,K-7 Station,,183679.16,credits
ORD-102107,CUST-00006,delivered,2026-03-12T22:30:14+00:00,20,,20,Triton Relay,4,25156.90,credits
ORD-102108,CUST-00277,delivered,2026-04-15T23:21:47+00:00,2,,5,Utopia Planitia,,107413.41,credits
ORD-102109,CUST-00397,delivered,2026-07-19T03:51:46+00:00,10,,15,Medina Station,,130394.40,credits
ORD-102110,CUST-00232,delivered,2026-05-24T07:40:31+00:00,15,,10,Starbase 375,6,24217.00,credits
ORD-102111,CUST-00230,delivered,2026-05-31T19:27:49+00:00,11,,17,Titan Base Alpha,7,3260.08,credits
ORD-102112,CUST-00199,delivered,2026-06-20T05:06:54+00:00,14,,7,Jupiter Station,,351768.32,credits
ORD-102113,CUST-00189,delivered,2026-05-29T06:48:28+00:00,13,,8,Starbase 11,3,14499.32,credits
ORD-102114,CUST-00395,delivered,2026-05-30T23:49:37+00:00,17,,23,Pallas Shipyard,,75962.44,credits
ORD-102115,CUST-00316,delivered,2026-05-24T01:54:46+00:00,5,,4,Deep Space Nine,,598497.90,credits
ORD-102116,CUST-00113,delivered,2026-08-28T20:40:10+00:00,17,,23,Pallas Shipyard,,17571.37,credits
ORD-102117,CUST-00090,delivered,2026-08-20T03:08:43+00:00,19,,9,K-7 Station,,107476.46,credits
ORD-102118,CUST-00161,cancelled,2026-08-09T20:41:38+00:00,8,,7,Jupiter Station,,33917.04,credits
ORD-102119,CUST-00365,picked,2026-04-06T18:29:15+00:00,11,,17,Titan Base Alpha,,26016.41,credits
ORD-102120,CUST-00393,picked,2026-04-01T01:20:42+00:00,3,,5,Utopia Planitia,,65127.68,credits
ORD-102121,CUST-00002,cancelled,2026-08-20T16:13:16+00:00,10,,15,Medina Station,,148102.56,credits
ORD-102122,CUST-00345,delivered,2026-05-31T16:57:18+00:00,10,,15,Medina Station,,33240.21,credits
ORD-102123,CUST-00239,dispatched,2026-06-22T14:00:53+00:00,18,,12,Tycho Station,,206764.82,credits
ORD-102124,CUST-00350,delivered,2026-03-24T05:52:34+00:00,13,,8,Starbase 11,,55246.02,credits
ORD-102125,CUST-00276,delivered,2026-07-03T00:54:33+00:00,6,,12,Tycho Station,7,10504.46,credits
ORD-102126,CUST-00182,picked,2026-08-16T19:16:56+00:00,3,,5,Utopia Planitia,,52203.60,credits
ORD-102127,CUST-00100,delivered,2026-05-28T16:44:46+00:00,18,,12,Tycho Station,,5270.46,credits
ORD-102128,CUST-00058,picked,2026-07-11T08:15:10+00:00,18,,12,Tycho Station,,186707.78,credits
ORD-102129,CUST-00142,delivered,2026-08-09T23:04:12+00:00,3,,5,Utopia Planitia,8,51056.69,credits
ORD-102130,CUST-00157,delivered,2026-07-11T16:49:56+00:00,10,,15,Medina Station,,9366.70,credits
ORD-102131,CUST-00389,cancelled,2026-05-14T05:08:17+00:00,2,,5,Utopia Planitia,,32442.02,credits
ORD-102132,CUST-00392,placed,2026-07-06T20:05:31+00:00,4,,5,Utopia Planitia,4,32079.37,credits
ORD-102133,CUST-00115,delivered,2026-05-02T01:05:40+00:00,8,,7,Jupiter Station,,2186.91,credits
ORD-102134,CUST-00148,picked,2026-04-14T04:17:00+00:00,13,,8,Starbase 11,,10691.58,credits
ORD-102135,CUST-00235,delivered,2026-06-19T22:15:56+00:00,13,,8,Starbase 11,,56892.71,credits
ORD-102136,CUST-00311,delivered,2026-07-17T21:58:46+00:00,13,,8,Starbase 11,,5431.51,credits
ORD-102137,CUST-00076,delivered,2026-05-13T08:37:00+00:00,2,,5,Utopia Planitia,,15525.39,credits
ORD-102138,CUST-00356,delivered,2026-07-03T19:14:57+00:00,12,,18,Enceladus Outpost,5,265269.23,credits
ORD-102139,CUST-00306,delivered,2026-04-27T14:47:07+00:00,4,,5,Utopia Planitia,,12569.71,credits
ORD-102140,CUST-00001,delivered,2026-07-13T07:55:54+00:00,7,,22,Vesta Prime,,90958.96,credits
ORD-102141,CUST-00245,placed,2026-08-20T06:14:23+00:00,2,,5,Utopia Planitia,,310128.32,credits
ORD-102142,CUST-00082,delivered,2026-03-01T21:59:34+00:00,4,,5,Utopia Planitia,,357.52,credits
ORD-102143,CUST-00393,delivered,2026-03-26T03:31:52+00:00,12,,18,Enceladus Outpost,,3546.36,credits
ORD-102144,CUST-00337,delivered,2026-08-15T18:43:29+00:00,19,,9,K-7 Station,,45960.84,credits
ORD-102145,CUST-00290,delivered,2026-04-17T19:41:05+00:00,7,,22,Vesta Prime,,49.19,credits
ORD-102146,CUST-00117,delivered,2026-08-16T23:01:59+00:00,1,,13,Polaris,,221410.99,credits
ORD-102147,CUST-00277,delivered,2026-06-19T16:53:52+00:00,19,,9,K-7 Station,,24810.72,credits
ORD-102148,CUST-00091,delivered,2026-06-21T12:22:54+00:00,2,,5,Utopia Planitia,,12365.67,credits
ORD-102149,CUST-00074,delivered,2026-06-21T15:23:05+00:00,15,,10,Starbase 375,3,4445.55,credits
ORD-102150,CUST-00160,delivered,2026-07-28T03:11:37+00:00,8,,7,Jupiter Station,,77682.07,credits
ORD-102151,CUST-00048,delivered,2026-07-31T14:43:18+00:00,5,,4,Deep Space Nine,,34079.64,credits
ORD-102152,CUST-00202,delivered,2026-08-28T09:23:22+00:00,11,,17,Titan Base Alpha,,13108.83,credits
ORD-102153,CUST-00145,delivered,2026-04-22T23:54:08+00:00,6,,12,Tycho Station,,1574.48,credits
ORD-102154,CUST-00302,delivered,2026-05-11T13:16:09+00:00,1,,13,Polaris,,176784.83,credits
ORD-102155,CUST-00043,delivered,2026-08-15T01:07:22+00:00,20,,20,Triton Relay,4,8257.70,credits
ORD-102156,CUST-00048,delivered,2026-08-11T11:01:43+00:00,4,,5,Utopia Planitia,,207217.40,credits
ORD-102157,CUST-00213,delivered,2026-03-07T10:16:40+00:00,18,,12,Tycho Station,,14928.12,credits
ORD-102158,CUST-00365,picked,2026-05-06T15:56:43+00:00,16,,11,New Horizons,,406142.41,credits
ORD-102159,CUST-00271,delivered,2026-03-16T07:03:48+00:00,11,,17,Titan Base Alpha,,3082.09,credits
ORD-102160,CUST-00399,delivered,2026-05-06T23:09:46+00:00,20,,20,Triton Relay,10,412942.74,credits
ORD-102161,CUST-00287,delivered,2026-05-29T18:53:42+00:00,16,,11,New Horizons,,99160.72,credits
ORD-102162,CUST-00199,dispatched,2026-04-26T22:31:01+00:00,19,,9,K-7 Station,,25722.29,credits
ORD-102163,CUST-00235,delivered,2026-03-15T05:31:19+00:00,19,,9,K-7 Station,,9723.46,credits
ORD-102164,CUST-00241,placed,2026-03-14T20:43:44+00:00,10,,15,Medina Station,,2574.36,credits
ORD-102165,CUST-00204,delivered,2026-03-19T01:00:31+00:00,13,,8,Starbase 11,,19478.80,credits
ORD-102166,CUST-00087,delivered,2026-07-22T12:58:29+00:00,13,,8,Starbase 11,,29679.80,credits
ORD-102167,CUST-00042,delivered,2026-04-28T12:07:27+00:00,14,,7,Jupiter Station,,27772.06,credits
ORD-102168,CUST-00130,delivered,2026-07-31T05:18:09+00:00,10,,15,Medina Station,,215447.08,credits
ORD-102169,CUST-00238,delivered,2026-05-13T00:25:05+00:00,11,,17,Titan Base Alpha,,23472.15,credits
ORD-102170,CUST-00269,delivered,2026-06-24T09:39:27+00:00,14,,7,Jupiter Station,,181541.86,credits
ORD-102171,CUST-00388,delivered,2026-04-14T10:40:32+00:00,14,,7,Jupiter Station,3,378798.42,credits
ORD-102172,CUST-00325,delivered,2026-03-29T04:59:50+00:00,15,,10,Starbase 375,,387124.84,credits
ORD-102173,CUST-00256,delivered,2026-07-31T23:01:46+00:00,10,,15,Medina Station,,75326.48,credits
ORD-102174,CUST-00388,delivered,2026-05-15T09:50:21+00:00,19,,9,K-7 Station,,31641.57,credits
ORD-102175,CUST-00390,cancelled,2026-08-01T02:50:39+00:00,17,,23,Pallas Shipyard,,16333.19,credits
ORD-102176,CUST-00040,delivered,2026-08-20T02:22:47+00:00,12,,18,Enceladus Outpost,,22632.96,credits
ORD-102177,CUST-00313,delivered,2026-04-11T19:28:56+00:00,9,,14,Atlantis,9,20451.36,credits
ORD-102178,CUST-00190,delivered,2026-03-10T21:24:21+00:00,3,,5,Utopia Planitia,,49705.13,credits
ORD-102179,CUST-00325,delivered,2026-04-14T07:44:41+00:00,17,,23,Pallas Shipyard,,12041.20,credits
ORD-102180,CUST-00306,cancelled,2026-06-30T09:08:37+00:00,17,,23,Pallas Shipyard,,335236.02,credits
ORD-102181,CUST-00114,delivered,2026-06-05T09:45:46+00:00,1,,13,Polaris,,6812.70,credits
ORD-102182,CUST-00133,delivered,2026-07-21T09:21:22+00:00,8,,7,Jupiter Station,,536211.57,credits
ORD-102183,CUST-00058,delivered,2026-08-10T08:23:13+00:00,10,,15,Medina Station,,6972.40,credits
ORD-102184,CUST-00066,dispatched,2026-07-31T23:53:00+00:00,14,,7,Jupiter Station,,19895.00,credits
ORD-102185,CUST-00305,dispatched,2026-08-16T11:10:19+00:00,11,,17,Titan Base Alpha,,77220.08,credits
ORD-102186,CUST-00049,delivered,2026-03-17T09:19:14+00:00,4,,5,Utopia Planitia,4,53697.10,credits
ORD-102187,CUST-00312,delivered,2026-05-29T13:50:17+00:00,7,,22,Vesta Prime,,368633.23,credits
ORD-102188,CUST-00073,delivered,2026-06-16T14:50:08+00:00,18,,12,Tycho Station,,29210.30,credits
ORD-102189,CUST-00351,delivered,2026-07-18T07:13:06+00:00,5,,4,Deep Space Nine,,22986.80,credits
ORD-102190,CUST-00199,delivered,2026-03-26T05:09:38+00:00,5,,4,Deep Space Nine,,15919.12,credits
ORD-102191,CUST-00032,delivered,2026-05-01T06:01:00+00:00,15,,10,Starbase 375,,22315.65,credits
ORD-102192,CUST-00063,delivered,2026-06-16T07:45:27+00:00,10,,15,Medina Station,,16442.88,credits
ORD-102193,CUST-00195,delivered,2026-03-15T12:36:41+00:00,13,,8,Starbase 11,6,10556.21,credits
ORD-102194,CUST-00216,delivered,2026-08-05T08:12:36+00:00,17,,23,Pallas Shipyard,,87696.02,credits
ORD-102195,CUST-00003,delivered,2026-07-20T22:43:37+00:00,3,,5,Utopia Planitia,9,8130.52,credits
ORD-102196,CUST-00113,cancelled,2026-03-28T03:32:02+00:00,18,,12,Tycho Station,,230963.14,credits
ORD-102197,CUST-00267,delivered,2026-08-30T03:58:50+00:00,14,,7,Jupiter Station,,73786.45,credits
ORD-102198,CUST-00106,delivered,2026-08-05T13:51:11+00:00,3,,5,Utopia Planitia,,5024.38,credits
ORD-102199,CUST-00266,delivered,2026-05-22T08:34:44+00:00,5,,4,Deep Space Nine,,81575.62,credits
ORD-102200,CUST-00171,dispatched,2026-04-18T10:19:45+00:00,1,,13,Polaris,,157179.26,credits
ORD-102201,CUST-00251,cancelled,2026-08-05T16:34:31+00:00,7,,22,Vesta Prime,,2114.10,credits
ORD-102202,CUST-00242,delivered,2026-03-11T09:48:42+00:00,9,,14,Atlantis,,10079.16,credits
ORD-102203,CUST-00289,delivered,2026-08-24T20:51:33+00:00,14,,7,Jupiter Station,,400961.82,credits
ORD-102204,CUST-00235,delivered,2026-08-04T20:03:55+00:00,5,,4,Deep Space Nine,,253998.92,credits
ORD-102205,CUST-00049,delivered,2026-08-23T08:02:39+00:00,2,,5,Utopia Planitia,,4004.97,credits
ORD-102206,CUST-00059,delivered,2026-04-20T16:31:45+00:00,16,,11,New Horizons,,120833.71,credits
ORD-102207,CUST-00372,delivered,2026-08-06T20:55:39+00:00,16,,11,New Horizons,,247996.90,credits
ORD-102208,CUST-00182,delivered,2026-03-06T12:51:21+00:00,4,,5,Utopia Planitia,,42527.53,credits
ORD-102209,CUST-00387,delivered,2026-03-11T15:27:03+00:00,6,,12,Tycho Station,,235742.26,credits
ORD-102210,CUST-00085,placed,2026-07-01T04:44:48+00:00,19,,9,K-7 Station,,1439.52,credits
ORD-102211,CUST-00291,delivered,2026-06-14T03:22:47+00:00,15,,10,Starbase 375,4,9848.49,credits
ORD-102212,CUST-00186,dispatched,2026-03-17T01:19:03+00:00,8,,7,Jupiter Station,,4224.42,credits
ORD-102213,CUST-00017,delivered,2026-06-12T06:19:52+00:00,7,,22,Vesta Prime,,3276.04,credits
ORD-102214,CUST-00247,delivered,2026-04-11T08:34:49+00:00,13,,8,Starbase 11,,8065.08,credits
ORD-102215,CUST-00252,dispatched,2026-06-16T02:39:57+00:00,19,,9,K-7 Station,,16597.70,credits
ORD-102216,CUST-00088,dispatched,2026-03-24T18:37:36+00:00,16,,11,New Horizons,,367907.93,credits
ORD-102217,CUST-00381,delivered,2026-03-01T13:49:10+00:00,16,,11,New Horizons,,2736.28,credits
ORD-102218,CUST-00359,delivered,2026-04-26T02:42:48+00:00,1,,13,Polaris,,141420.41,credits
ORD-102219,CUST-00357,delivered,2026-08-02T17:54:59+00:00,9,,14,Atlantis,,343.20,credits
ORD-102220,CUST-00252,delivered,2026-06-03T13:18:13+00:00,18,,12,Tycho Station,,9015.84,credits
ORD-102221,CUST-00133,dispatched,2026-04-05T09:49:36+00:00,3,,5,Utopia Planitia,,32689.18,credits
ORD-102222,CUST-00337,delivered,2026-07-04T02:03:03+00:00,9,,14,Atlantis,9,691.05,credits
ORD-102223,CUST-00236,delivered,2026-05-01T06:46:12+00:00,19,,9,K-7 Station,,283099.44,credits
ORD-102224,CUST-00268,dispatched,2026-07-14T11:08:07+00:00,19,,9,K-7 Station,,77705.49,credits
ORD-102225,CUST-00131,placed,2026-06-12T19:46:22+00:00,20,,20,Triton Relay,,37398.63,credits
ORD-102226,CUST-00030,delivered,2026-06-10T02:57:03+00:00,18,,12,Tycho Station,,301.49,credits
ORD-102227,CUST-00365,delivered,2026-08-27T05:16:08+00:00,8,,7,Jupiter Station,2,193474.62,credits
ORD-102228,CUST-00242,delivered,2026-04-18T13:48:25+00:00,16,,11,New Horizons,9,72997.56,credits
ORD-102229,CUST-00094,delivered,2026-06-28T14:08:35+00:00,9,,14,Atlantis,,6539.82,credits
ORD-102230,CUST-00319,delivered,2026-07-09T19:31:23+00:00,19,,9,K-7 Station,,198538.42,credits
ORD-102231,CUST-00201,picked,2026-08-31T10:59:15+00:00,4,,5,Utopia Planitia,,288274.08,credits
ORD-102232,CUST-00122,dispatched,2026-03-03T22:02:57+00:00,2,,5,Utopia Planitia,8,329033.80,credits
ORD-102233,CUST-00284,delivered,2026-08-14T00:03:01+00:00,13,,8,Starbase 11,7,31093.88,credits
ORD-102234,CUST-00339,delivered,2026-04-06T23:34:39+00:00,6,,12,Tycho Station,,127822.83,credits
ORD-102235,CUST-00229,delivered,2026-07-23T18:20:37+00:00,13,,8,Starbase 11,,1868.40,credits
ORD-102236,CUST-00007,delivered,2026-04-23T04:04:17+00:00,14,,7,Jupiter Station,2,16099.42,credits
ORD-102237,CUST-00290,delivered,2026-04-04T01:23:09+00:00,13,,8,Starbase 11,,139.11,credits
ORD-102238,CUST-00293,delivered,2026-04-08T08:17:00+00:00,4,,5,Utopia Planitia,9,76760.51,credits
ORD-102239,CUST-00395,delivered,2026-07-06T00:54:50+00:00,6,,12,Tycho Station,,110253.52,credits
ORD-102240,CUST-00056,delivered,2026-03-03T11:41:23+00:00,12,,18,Enceladus Outpost,4,58044.22,credits
ORD-102241,CUST-00244,cancelled,2026-08-27T18:46:59+00:00,19,,9,K-7 Station,,198210.83,credits
ORD-102242,CUST-00199,picked,2026-07-30T18:03:08+00:00,1,,13,Polaris,7,86897.59,credits
ORD-102243,CUST-00224,picked,2026-08-20T07:00:39+00:00,14,,7,Jupiter Station,,96.90,credits
ORD-102244,CUST-00276,cancelled,2026-03-26T12:13:51+00:00,8,,7,Jupiter Station,,817.24,credits
ORD-102245,CUST-00101,delivered,2026-07-10T22:23:58+00:00,6,,12,Tycho Station,,12933.61,credits
ORD-102246,CUST-00191,delivered,2026-03-24T23:58:06+00:00,2,,5,Utopia Planitia,,184206.19,credits
ORD-102247,CUST-00048,delivered,2026-08-16T04:58:25+00:00,20,,20,Triton Relay,,4582.55,credits
ORD-102248,CUST-00398,delivered,2026-04-26T08:18:59+00:00,13,,8,Starbase 11,,23880.63,credits
ORD-102249,CUST-00138,delivered,2026-05-19T07:25:13+00:00,17,,23,Pallas Shipyard,7,4633.80,credits
ORD-102250,CUST-00185,dispatched,2026-08-09T14:57:00+00:00,3,,5,Utopia Planitia,,389.90,credits
ORD-102251,CUST-00153,cancelled,2026-06-25T19:56:51+00:00,10,,15,Medina Station,,130319.88,credits
ORD-102252,CUST-00383,delivered,2026-07-02T03:13:40+00:00,4,,5,Utopia Planitia,7,300277.87,credits
ORD-102253,CUST-00158,placed,2026-05-10T01:24:07+00:00,15,,10,Starbase 375,,239716.74,credits
ORD-102254,CUST-00260,dispatched,2026-05-14T10:04:37+00:00,8,,7,Jupiter Station,,18665.10,credits
ORD-102255,CUST-00067,dispatched,2026-06-19T01:57:53+00:00,17,,23,Pallas Shipyard,,379.50,credits
ORD-102256,CUST-00156,dispatched,2026-05-23T03:24:43+00:00,10,,15,Medina Station,,74902.89,credits
ORD-102257,CUST-00244,dispatched,2026-07-11T16:04:00+00:00,14,,7,Jupiter Station,,14223.66,credits
ORD-102258,CUST-00247,cancelled,2026-08-16T18:54:44+00:00,4,,5,Utopia Planitia,,676.62,credits
ORD-102259,CUST-00334,delivered,2026-05-23T13:46:04+00:00,12,,18,Enceladus Outpost,,148545.76,credits
ORD-102260,CUST-00277,picked,2026-07-14T19:02:29+00:00,10,,15,Medina Station,,9219.41,credits
ORD-102261,CUST-00009,dispatched,2026-06-07T08:22:45+00:00,10,,15,Medina Station,,18450.46,credits
ORD-102262,CUST-00043,dispatched,2026-07-01T06:50:31+00:00,17,,23,Pallas Shipyard,3,8826.44,credits
ORD-102263,CUST-00107,delivered,2026-08-14T10:53:09+00:00,5,,4,Deep Space Nine,10,111028.68,credits
ORD-102264,CUST-00390,cancelled,2026-04-23T19:45:29+00:00,12,,18,Enceladus Outpost,,86232.77,credits
ORD-102265,CUST-00081,delivered,2026-05-05T12:18:05+00:00,15,,10,Starbase 375,,169.72,credits
ORD-102266,CUST-00329,delivered,2026-08-26T19:20:59+00:00,6,,12,Tycho Station,,119435.04,credits
ORD-102267,CUST-00033,delivered,2026-05-11T06:34:12+00:00,16,,11,New Horizons,,594261.00,credits
ORD-102268,CUST-00002,picked,2026-04-12T06:52:50+00:00,3,,5,Utopia Planitia,4,110055.44,credits
ORD-102269,CUST-00172,delivered,2026-08-21T09:13:02+00:00,10,,15,Medina Station,,54729.28,credits
ORD-102270,CUST-00251,cancelled,2026-08-22T08:30:06+00:00,7,,22,Vesta Prime,,19836.20,credits
ORD-102271,CUST-00184,delivered,2026-05-22T00:10:11+00:00,16,,11,New Horizons,9,1944.30,credits
ORD-102272,CUST-00214,dispatched,2026-07-10T07:40:08+00:00,20,,20,Triton Relay,,14185.75,credits
ORD-102273,CUST-00104,delivered,2026-03-28T14:31:35+00:00,16,,11,New Horizons,6,249336.50,credits
ORD-102274,CUST-00217,dispatched,2026-05-16T12:52:47+00:00,18,,12,Tycho Station,,67800.51,credits
ORD-102275,CUST-00175,delivered,2026-03-22T10:21:08+00:00,15,,10,Starbase 375,,1882.52,credits
ORD-102276,CUST-00111,delivered,2026-06-18T18:25:36+00:00,11,,17,Titan Base Alpha,,34620.66,credits
ORD-102277,CUST-00288,delivered,2026-05-09T12:57:13+00:00,15,,10,Starbase 375,2,18256.73,credits
ORD-102278,CUST-00397,delivered,2026-08-02T12:10:58+00:00,19,,9,K-7 Station,,31573.96,credits
ORD-102279,CUST-00316,dispatched,2026-06-27T14:31:04+00:00,9,,14,Atlantis,,13546.27,credits
ORD-102280,CUST-00396,delivered,2026-06-27T10:55:33+00:00,5,,4,Deep Space Nine,,291920.54,credits
ORD-102281,CUST-00394,delivered,2026-04-12T21:17:03+00:00,11,,17,Titan Base Alpha,9,5717.78,credits
ORD-102282,CUST-00031,placed,2026-05-29T05:10:51+00:00,18,,12,Tycho Station,4,275293.74,credits
ORD-102283,CUST-00211,picked,2026-06-24T17:05:29+00:00,10,,15,Medina Station,,90193.01,credits
ORD-102284,CUST-00145,delivered,2026-04-05T13:32:54+00:00,9,,14,Atlantis,,397963.92,credits
ORD-102285,CUST-00394,picked,2026-06-08T15:00:10+00:00,13,,8,Starbase 11,,989.03,credits
ORD-102286,CUST-00005,delivered,2026-06-28T14:03:08+00:00,20,,20,Triton Relay,7,30602.58,credits
ORD-102287,CUST-00027,dispatched,2026-08-13T07:01:00+00:00,10,,15,Medina Station,,21156.45,credits
ORD-102288,CUST-00213,delivered,2026-06-22T11:05:38+00:00,9,,14,Atlantis,,2651.02,credits
ORD-102289,CUST-00222,delivered,2026-03-23T20:41:19+00:00,7,,22,Vesta Prime,,39177.66,credits
ORD-102290,CUST-00364,delivered,2026-06-19T16:48:40+00:00,13,,8,Starbase 11,,116441.58,credits
ORD-102291,CUST-00372,delivered,2026-08-31T07:41:14+00:00,6,,12,Tycho Station,,267379.05,credits
ORD-102292,CUST-00004,picked,2026-05-13T14:56:21+00:00,14,,7,Jupiter Station,,112739.19,credits
ORD-102293,CUST-00008,dispatched,2026-06-11T08:06:55+00:00,4,,5,Utopia Planitia,,43954.55,credits
ORD-102294,CUST-00204,delivered,2026-06-14T16:41:49+00:00,7,,22,Vesta Prime,3,455218.37,credits
ORD-102295,CUST-00096,delivered,2026-07-31T04:31:39+00:00,13,,8,Starbase 11,,6920.80,credits
ORD-102296,CUST-00248,delivered,2026-08-02T03:26:47+00:00,4,,5,Utopia Planitia,10,171303.60,credits
ORD-102297,CUST-00215,delivered,2026-04-17T12:24:04+00:00,17,,23,Pallas Shipyard,,31290.91,credits
ORD-102298,CUST-00271,delivered,2026-03-12T15:47:53+00:00,20,,20,Triton Relay,,38761.49,credits
ORD-102299,CUST-00333,delivered,2026-04-29T17:09:14+00:00,5,,4,Deep Space Nine,,37009.29,credits
ORD-102300,CUST-00299,delivered,2026-06-29T18:49:24+00:00,16,,11,New Horizons,,318120.02,credits
ORD-102301,CUST-00139,delivered,2026-03-07T19:40:07+00:00,7,,22,Vesta Prime,1,14635.70,credits
ORD-102302,CUST-00006,dispatched,2026-07-11T18:45:35+00:00,1,,13,Polaris,,2474.30,credits
ORD-102303,CUST-00100,delivered,2026-08-08T18:10:36+00:00,1,,13,Polaris,8,434206.23,credits
ORD-102304,CUST-00210,delivered,2026-08-20T07:32:06+00:00,3,,5,Utopia Planitia,,25004.79,credits
ORD-102305,CUST-00040,delivered,2026-05-02T10:08:23+00:00,2,,5,Utopia Planitia,,21249.80,credits
ORD-102306,CUST-00038,delivered,2026-06-14T03:49:03+00:00,4,,5,Utopia Planitia,,40436.57,credits
ORD-102307,CUST-00270,delivered,2026-03-31T20:50:37+00:00,3,,5,Utopia Planitia,5,11036.08,credits
ORD-102308,CUST-00072,delivered,2026-05-26T18:11:29+00:00,8,,7,Jupiter Station,,65729.92,credits
ORD-102309,CUST-00316,dispatched,2026-07-15T06:07:45+00:00,7,,22,Vesta Prime,,38746.56,credits
ORD-102310,CUST-00048,placed,2026-04-29T10:36:26+00:00,10,,15,Medina Station,,1555.04,credits
ORD-102311,CUST-00114,delivered,2026-07-27T03:39:23+00:00,10,,15,Medina Station,,152216.76,credits
ORD-102312,CUST-00200,placed,2026-07-01T09:50:44+00:00,3,,5,Utopia Planitia,,8182.20,credits
ORD-102313,CUST-00276,cancelled,2026-08-12T18:25:38+00:00,5,,4,Deep Space Nine,,5414.78,credits
ORD-102314,CUST-00072,dispatched,2026-05-11T05:05:50+00:00,8,,7,Jupiter Station,,194406.69,credits
ORD-102315,CUST-00079,cancelled,2026-08-29T14:08:06+00:00,1,,13,Polaris,1,69335.32,credits
ORD-102316,CUST-00358,delivered,2026-06-01T05:53:26+00:00,18,,12,Tycho Station,,109250.20,credits
ORD-102317,CUST-00203,delivered,2026-06-16T21:01:44+00:00,13,,8,Starbase 11,,6452.68,credits
ORD-102318,CUST-00210,delivered,2026-06-01T19:51:40+00:00,6,,12,Tycho Station,,5105.68,credits
ORD-102319,CUST-00345,delivered,2026-04-18T21:53:31+00:00,17,,23,Pallas Shipyard,,996.99,credits
ORD-102320,CUST-00113,delivered,2026-07-18T09:53:47+00:00,19,,9,K-7 Station,,12204.72,credits
ORD-102321,CUST-00001,delivered,2026-05-30T06:25:38+00:00,5,,4,Deep Space Nine,,96954.90,credits
ORD-102322,CUST-00277,picked,2026-06-06T05:44:24+00:00,7,,22,Vesta Prime,,189507.53,credits
ORD-102323,CUST-00319,delivered,2026-05-31T14:48:52+00:00,4,,5,Utopia Planitia,,117759.84,credits
ORD-102324,CUST-00021,dispatched,2026-06-19T01:28:58+00:00,11,,17,Titan Base Alpha,,17312.97,credits
ORD-102325,CUST-00124,delivered,2026-08-07T06:50:22+00:00,9,,14,Atlantis,,46006.58,credits
ORD-102326,CUST-00257,dispatched,2026-03-03T23:02:55+00:00,19,,9,K-7 Station,,12018.51,credits
ORD-102327,CUST-00215,delivered,2026-07-03T02:44:55+00:00,4,,5,Utopia Planitia,,879.39,credits
ORD-102328,CUST-00191,delivered,2026-03-24T18:44:21+00:00,4,,5,Utopia Planitia,,23832.32,credits
ORD-102329,CUST-00219,dispatched,2026-08-22T05:01:10+00:00,13,,8,Starbase 11,,86210.88,credits
ORD-102330,CUST-00288,delivered,2026-07-23T21:29:11+00:00,7,,22,Vesta Prime,,3557.15,credits
ORD-102331,CUST-00398,delivered,2026-04-28T12:55:34+00:00,5,,4,Deep Space Nine,,209425.09,credits
ORD-102332,CUST-00333,delivered,2026-08-02T20:59:18+00:00,18,,12,Tycho Station,,6744.24,credits
ORD-102333,CUST-00154,delivered,2026-03-23T17:43:08+00:00,12,,18,Enceladus Outpost,,108984.16,credits
ORD-102334,CUST-00107,picked,2026-03-28T15:42:31+00:00,11,,17,Titan Base Alpha,,15505.00,credits
ORD-102335,CUST-00226,cancelled,2026-06-22T18:26:03+00:00,10,,15,Medina Station,,373882.46,credits
ORD-102336,CUST-00210,delivered,2026-07-08T10:30:34+00:00,18,,12,Tycho Station,,44710.00,credits
ORD-102337,CUST-00209,delivered,2026-03-24T02:43:54+00:00,11,,17,Titan Base Alpha,,3235.96,credits
ORD-102338,CUST-00375,delivered,2026-08-17T13:51:03+00:00,14,,7,Jupiter Station,,226.65,credits
ORD-102339,CUST-00238,cancelled,2026-03-28T12:57:23+00:00,2,,5,Utopia Planitia,,139918.77,credits
ORD-102340,CUST-00172,delivered,2026-08-24T17:15:08+00:00,5,,4,Deep Space Nine,,55660.18,credits
ORD-102341,CUST-00042,placed,2026-03-13T21:31:15+00:00,17,,23,Pallas Shipyard,5,34978.90,credits
ORD-102342,CUST-00149,delivered,2026-04-08T07:22:37+00:00,7,,22,Vesta Prime,,36380.42,credits
ORD-102343,CUST-00296,delivered,2026-05-20T04:16:58+00:00,15,,10,Starbase 375,,65155.52,credits
ORD-102344,CUST-00015,delivered,2026-03-16T01:52:26+00:00,20,,20,Triton Relay,,98389.60,credits
ORD-102345,CUST-00303,dispatched,2026-07-06T18:15:43+00:00,18,,12,Tycho Station,,19000.65,credits
ORD-102346,CUST-00041,placed,2026-04-05T20:43:32+00:00,5,,4,Deep Space Nine,,100.58,credits
ORD-102347,CUST-00182,delivered,2026-04-23T00:49:34+00:00,3,,5,Utopia Planitia,,186507.57,credits
ORD-102348,CUST-00082,delivered,2026-03-07T01:52:51+00:00,14,,7,Jupiter Station,,9830.44,credits
ORD-102349,CUST-00223,placed,2026-04-30T19:26:34+00:00,16,,11,New Horizons,,136430.00,credits
ORD-102350,CUST-00077,dispatched,2026-05-09T17:07:17+00:00,5,,4,Deep Space Nine,,181097.14,credits
ORD-102351,CUST-00212,delivered,2026-03-15T15:20:41+00:00,15,,10,Starbase 375,,90131.26,credits
ORD-102352,CUST-00270,picked,2026-04-23T13:56:14+00:00,16,,11,New Horizons,5,74899.98,credits
ORD-102353,CUST-00293,delivered,2026-06-18T00:12:54+00:00,9,,14,Atlantis,,486.03,credits
ORD-102354,CUST-00356,placed,2026-05-29T14:52:10+00:00,16,,11,New Horizons,,386385.06,credits
ORD-102355,CUST-00265,delivered,2026-03-08T19:52:20+00:00,18,,12,Tycho Station,,1078.99,credits
ORD-102356,CUST-00137,cancelled,2026-08-17T03:56:59+00:00,8,,7,Jupiter Station,,153774.42,credits
ORD-102357,CUST-00261,delivered,2026-03-02T01:22:15+00:00,16,,11,New Horizons,,907.74,credits
ORD-102358,CUST-00393,delivered,2026-07-14T17:11:16+00:00,2,,5,Utopia Planitia,7,65766.92,credits
ORD-102359,CUST-00023,delivered,2026-06-16T06:07:27+00:00,13,,8,Starbase 11,,445.54,credits
ORD-102360,CUST-00103,delivered,2026-06-27T12:29:25+00:00,5,,4,Deep Space Nine,,109035.47,credits
ORD-102361,CUST-00157,placed,2026-03-05T14:16:12+00:00,1,,13,Polaris,,1929.60,credits
ORD-102362,CUST-00230,delivered,2026-05-09T04:20:54+00:00,17,,23,Pallas Shipyard,8,200117.96,credits
ORD-102363,CUST-00138,picked,2026-03-12T22:41:03+00:00,11,,17,Titan Base Alpha,,10290.31,credits
ORD-102364,CUST-00019,delivered,2026-05-29T08:31:38+00:00,1,,13,Polaris,,4719.72,credits
ORD-102365,CUST-00066,delivered,2026-07-29T14:21:06+00:00,13,,8,Starbase 11,,38773.92,credits
ORD-102366,CUST-00028,dispatched,2026-05-11T23:17:20+00:00,18,,12,Tycho Station,,41236.97,credits
ORD-102367,CUST-00230,delivered,2026-04-28T12:02:22+00:00,8,,7,Jupiter Station,,22226.89,credits
ORD-102368,CUST-00274,dispatched,2026-06-08T13:39:52+00:00,5,,4,Deep Space Nine,,11970.78,credits
ORD-102369,CUST-00052,dispatched,2026-07-21T06:44:24+00:00,3,,5,Utopia Planitia,,28953.08,credits
ORD-102370,CUST-00257,cancelled,2026-06-13T17:27:13+00:00,19,,9,K-7 Station,7,5351.70,credits
ORD-102371,CUST-00129,dispatched,2026-08-16T10:33:49+00:00,11,,17,Titan Base Alpha,,20005.32,credits
ORD-102372,CUST-00180,delivered,2026-03-16T01:32:33+00:00,18,,12,Tycho Station,,96977.15,credits
ORD-102373,CUST-00387,delivered,2026-06-21T02:57:31+00:00,6,,12,Tycho Station,8,127492.45,credits
ORD-102374,CUST-00252,picked,2026-06-20T20:33:00+00:00,8,,7,Jupiter Station,,85228.12,credits
ORD-102375,CUST-00010,delivered,2026-03-08T21:40:10+00:00,2,,5,Utopia Planitia,,1304.04,credits
ORD-102376,CUST-00041,delivered,2026-05-03T14:49:31+00:00,3,,5,Utopia Planitia,,4809.18,credits
ORD-102377,CUST-00039,delivered,2026-05-19T12:21:39+00:00,17,,23,Pallas Shipyard,,173.04,credits
ORD-102378,CUST-00380,dispatched,2026-08-02T18:30:34+00:00,4,,5,Utopia Planitia,,13883.98,credits
ORD-102379,CUST-00070,delivered,2026-06-12T14:55:28+00:00,13,,8,Starbase 11,,383.67,credits
ORD-102380,CUST-00152,delivered,2026-06-17T20:32:01+00:00,18,,12,Tycho Station,,40249.68,credits
ORD-102381,CUST-00375,dispatched,2026-06-30T17:32:25+00:00,8,,7,Jupiter Station,,63887.68,credits
ORD-102382,CUST-00279,delivered,2026-05-06T07:13:00+00:00,12,,18,Enceladus Outpost,6,106070.68,credits
ORD-102383,CUST-00261,cancelled,2026-03-04T17:13:31+00:00,17,,23,Pallas Shipyard,,281318.61,credits
ORD-102384,CUST-00351,delivered,2026-06-21T06:43:42+00:00,2,,5,Utopia Planitia,,35122.02,credits
ORD-102385,CUST-00289,delivered,2026-05-19T20:20:53+00:00,16,,11,New Horizons,,323767.61,credits
ORD-102386,CUST-00316,delivered,2026-03-27T01:04:43+00:00,9,,14,Atlantis,7,461112.85,credits
ORD-102387,CUST-00171,delivered,2026-07-25T17:37:41+00:00,20,,20,Triton Relay,1,8484.63,credits
ORD-102388,CUST-00325,dispatched,2026-06-30T02:26:50+00:00,3,,5,Utopia Planitia,8,82844.06,credits
ORD-102389,CUST-00208,delivered,2026-03-07T10:01:03+00:00,7,,22,Vesta Prime,,919.60,credits
ORD-102390,CUST-00291,delivered,2026-06-14T20:06:52+00:00,3,,5,Utopia Planitia,,11314.16,credits
ORD-102391,CUST-00281,delivered,2026-05-10T06:22:47+00:00,14,,7,Jupiter Station,6,2634.33,credits
ORD-102392,CUST-00132,picked,2026-06-02T09:39:41+00:00,13,,8,Starbase 11,,52070.66,credits
ORD-102393,CUST-00299,delivered,2026-04-14T19:06:24+00:00,4,,5,Utopia Planitia,,205189.47,credits
ORD-102394,CUST-00299,delivered,2026-04-04T18:47:06+00:00,8,,7,Jupiter Station,,112478.82,credits
ORD-102395,CUST-00058,delivered,2026-04-24T18:27:00+00:00,17,,23,Pallas Shipyard,,43383.10,credits
ORD-102396,CUST-00168,dispatched,2026-04-01T05:45:48+00:00,19,,9,K-7 Station,,8715.92,credits
ORD-102397,CUST-00358,delivered,2026-05-09T19:34:11+00:00,1,,13,Polaris,,211233.21,credits
ORD-102398,CUST-00193,delivered,2026-08-01T04:45:10+00:00,5,,4,Deep Space Nine,,630.35,credits
ORD-102399,CUST-00372,delivered,2026-06-09T16:49:31+00:00,7,,22,Vesta Prime,6,80628.60,credits
ORD-102400,CUST-00357,delivered,2026-06-22T09:42:46+00:00,3,,5,Utopia Planitia,,15174.72,credits
ORD-102401,CUST-00324,delivered,2026-05-08T00:48:35+00:00,5,,4,Deep Space Nine,,9048.63,credits
ORD-102402,CUST-00062,delivered,2026-08-19T09:12:42+00:00,11,,17,Titan Base Alpha,,2586.57,credits
ORD-102403,CUST-00266,cancelled,2026-07-28T17:54:03+00:00,9,,14,Atlantis,,3080.99,credits
ORD-102404,CUST-00261,delivered,2026-03-06T06:40:22+00:00,6,,12,Tycho Station,,110435.30,credits
ORD-102405,CUST-00399,delivered,2026-04-03T21:58:10+00:00,19,,9,K-7 Station,,8320.96,credits
ORD-102406,CUST-00293,dispatched,2026-07-13T00:54:41+00:00,17,,23,Pallas Shipyard,,247387.13,credits
ORD-102407,CUST-00396,delivered,2026-03-27T12:00:32+00:00,18,,12,Tycho Station,,8547.18,credits
ORD-102408,CUST-00044,delivered,2026-04-05T18:57:03+00:00,6,,12,Tycho Station,,74240.68,credits
ORD-102409,CUST-00357,delivered,2026-08-05T18:27:32+00:00,12,,18,Enceladus Outpost,,1327.35,credits
ORD-102410,CUST-00277,delivered,2026-08-08T02:47:41+00:00,14,,7,Jupiter Station,,579332.71,credits
ORD-102411,CUST-00320,delivered,2026-03-30T02:23:20+00:00,5,,4,Deep Space Nine,,16059.90,credits
ORD-102412,CUST-00239,picked,2026-06-05T22:33:48+00:00,2,,5,Utopia Planitia,,979.94,credits
ORD-102413,CUST-00257,delivered,2026-05-26T13:19:35+00:00,20,,20,Triton Relay,,139281.53,credits
ORD-102414,CUST-00001,delivered,2026-07-24T18:52:46+00:00,3,,5,Utopia Planitia,,186690.24,credits
ORD-102415,CUST-00257,picked,2026-05-23T17:57:50+00:00,11,,17,Titan Base Alpha,,48006.76,credits
ORD-102416,CUST-00021,delivered,2026-05-09T01:38:56+00:00,7,,22,Vesta Prime,,185394.22,credits
ORD-102417,CUST-00309,dispatched,2026-08-27T18:36:01+00:00,18,,12,Tycho Station,,40979.77,credits
ORD-102418,CUST-00031,picked,2026-06-23T00:34:24+00:00,13,,8,Starbase 11,,23116.41,credits
ORD-102419,CUST-00169,delivered,2026-07-06T10:16:56+00:00,7,,22,Vesta Prime,,17101.61,credits
ORD-102420,CUST-00265,delivered,2026-07-10T13:08:15+00:00,18,,12,Tycho Station,9,23565.94,credits
ORD-102421,CUST-00380,picked,2026-08-14T16:55:17+00:00,20,,20,Triton Relay,,3903.19,credits
ORD-102422,CUST-00160,delivered,2026-05-07T05:21:16+00:00,5,,4,Deep Space Nine,,5527.90,credits
ORD-102423,CUST-00045,picked,2026-06-09T18:27:10+00:00,20,,20,Triton Relay,,13123.88,credits
ORD-102424,CUST-00333,delivered,2026-04-07T23:13:50+00:00,12,,18,Enceladus Outpost,,303334.56,credits
ORD-102425,CUST-00078,delivered,2026-08-12T15:00:25+00:00,9,,14,Atlantis,4,37362.40,credits
ORD-102426,CUST-00120,delivered,2026-04-27T13:26:10+00:00,14,,7,Jupiter Station,,61224.12,credits
ORD-102427,CUST-00230,delivered,2026-06-15T17:08:13+00:00,6,,12,Tycho Station,,54318.70,credits
ORD-102428,CUST-00351,dispatched,2026-03-12T02:21:25+00:00,8,,7,Jupiter Station,,70048.50,credits
ORD-102429,CUST-00091,delivered,2026-06-26T16:29:48+00:00,18,,12,Tycho Station,,62409.16,credits
ORD-102430,CUST-00068,delivered,2026-03-25T08:51:52+00:00,6,,12,Tycho Station,,12827.98,credits
ORD-102431,CUST-00280,dispatched,2026-08-25T13:47:24+00:00,7,,22,Vesta Prime,2,38366.10,credits
ORD-102432,CUST-00232,delivered,2026-03-27T15:44:17+00:00,4,,5,Utopia Planitia,,76175.52,credits
ORD-102433,CUST-00067,cancelled,2026-05-14T06:42:46+00:00,6,,12,Tycho Station,8,7242.00,credits
ORD-102434,CUST-00099,delivered,2026-03-22T19:10:28+00:00,12,,18,Enceladus Outpost,,98997.23,credits
ORD-102435,CUST-00025,delivered,2026-03-24T10:11:41+00:00,4,,5,Utopia Planitia,,52288.26,credits
ORD-102436,CUST-00364,placed,2026-03-23T05:47:38+00:00,12,,18,Enceladus Outpost,,211439.67,credits
ORD-102437,CUST-00005,delivered,2026-05-27T13:38:52+00:00,6,,12,Tycho Station,,967.43,credits
ORD-102438,CUST-00181,delivered,2026-04-12T09:21:43+00:00,20,,20,Triton Relay,7,5911.44,credits
ORD-102439,CUST-00261,delivered,2026-08-21T10:05:44+00:00,9,,14,Atlantis,,116650.85,credits
ORD-102440,CUST-00048,delivered,2026-04-03T17:08:28+00:00,9,,14,Atlantis,2,233.76,credits
ORD-102441,CUST-00166,delivered,2026-06-02T19:43:29+00:00,9,,14,Atlantis,,224426.71,credits
ORD-102442,CUST-00203,delivered,2026-03-14T10:21:00+00:00,6,,12,Tycho Station,,171025.79,credits
ORD-102443,CUST-00213,cancelled,2026-06-26T16:53:07+00:00,5,,4,Deep Space Nine,,89359.80,credits
ORD-102444,CUST-00157,delivered,2026-06-01T08:24:47+00:00,9,,14,Atlantis,,53821.39,credits
ORD-102445,CUST-00046,dispatched,2026-08-15T18:44:09+00:00,5,,4,Deep Space Nine,10,44364.46,credits
ORD-102446,CUST-00368,delivered,2026-03-18T21:59:01+00:00,10,,15,Medina Station,,143066.29,credits
ORD-102447,CUST-00151,delivered,2026-08-16T21:12:27+00:00,19,,9,K-7 Station,,280083.00,credits
ORD-102448,CUST-00325,delivered,2026-06-20T19:46:16+00:00,11,,17,Titan Base Alpha,2,127427.07,credits
ORD-102449,CUST-00052,delivered,2026-08-14T19:18:51+00:00,13,,8,Starbase 11,,28982.78,credits
ORD-102450,CUST-00077,delivered,2026-07-07T17:40:35+00:00,18,,12,Tycho Station,,388.32,credits
ORD-102451,CUST-00324,delivered,2026-04-16T08:55:48+00:00,11,,17,Titan Base Alpha,,64322.11,credits
ORD-102452,CUST-00134,placed,2026-03-08T17:32:54+00:00,5,,4,Deep Space Nine,,30916.40,credits
ORD-102453,CUST-00043,delivered,2026-05-07T08:00:43+00:00,2,,5,Utopia Planitia,,265057.45,credits
ORD-102454,CUST-00313,picked,2026-04-11T09:44:30+00:00,19,,9,K-7 Station,4,8036.94,credits
ORD-102455,CUST-00207,placed,2026-04-28T14:17:06+00:00,8,,7,Jupiter Station,,31421.74,credits
ORD-102456,CUST-00222,delivered,2026-05-01T03:24:18+00:00,11,,17,Titan Base Alpha,,13134.80,credits
ORD-102457,CUST-00189,cancelled,2026-06-04T02:00:07+00:00,19,,9,K-7 Station,2,161028.28,credits
ORD-102458,CUST-00042,delivered,2026-04-12T01:05:05+00:00,1,,13,Polaris,,18542.58,credits
ORD-102459,CUST-00287,delivered,2026-05-20T06:49:32+00:00,3,,5,Utopia Planitia,,658.35,credits
ORD-102460,CUST-00135,delivered,2026-03-03T11:28:17+00:00,16,,11,New Horizons,8,368452.72,credits
ORD-102461,CUST-00159,cancelled,2026-03-16T05:36:29+00:00,15,,10,Starbase 375,,221847.73,credits
ORD-102462,CUST-00077,delivered,2026-04-30T09:48:46+00:00,5,,4,Deep Space Nine,,29301.49,credits
ORD-102463,CUST-00335,dispatched,2026-08-24T09:06:43+00:00,1,,13,Polaris,,14446.68,credits
ORD-102464,CUST-00147,picked,2026-05-23T13:01:57+00:00,15,,10,Starbase 375,,105065.67,credits
ORD-102465,CUST-00277,delivered,2026-05-03T17:00:26+00:00,5,,4,Deep Space Nine,1,140.25,credits
ORD-102466,CUST-00161,delivered,2026-03-02T00:13:50+00:00,7,,22,Vesta Prime,3,1359.66,credits
ORD-102467,CUST-00116,picked,2026-05-06T06:08:11+00:00,10,,15,Medina Station,7,137771.78,credits
ORD-102468,CUST-00258,delivered,2026-06-17T16:45:06+00:00,10,,15,Medina Station,,898.80,credits
ORD-102469,CUST-00386,cancelled,2026-08-31T09:16:28+00:00,11,,17,Titan Base Alpha,,42937.98,credits
ORD-102470,CUST-00068,placed,2026-07-01T14:53:17+00:00,5,,4,Deep Space Nine,5,427815.91,credits
ORD-102471,CUST-00114,delivered,2026-03-13T14:57:31+00:00,5,,4,Deep Space Nine,,237060.73,credits
ORD-102472,CUST-00109,cancelled,2026-07-29T23:18:43+00:00,16,,11,New Horizons,,19987.11,credits
ORD-102473,CUST-00235,cancelled,2026-03-27T12:09:17+00:00,13,,8,Starbase 11,9,26652.64,credits
ORD-102474,CUST-00277,delivered,2026-07-26T03:55:28+00:00,2,,5,Utopia Planitia,,2522.96,credits
ORD-102475,CUST-00012,delivered,2026-03-29T03:02:56+00:00,3,,5,Utopia Planitia,,105220.80,credits
ORD-102476,CUST-00311,cancelled,2026-07-23T05:18:48+00:00,17,,23,Pallas Shipyard,,4027.54,credits
ORD-102477,CUST-00295,delivered,2026-04-26T07:32:54+00:00,5,,4,Deep Space Nine,,35981.73,credits
ORD-102478,CUST-00056,delivered,2026-08-30T17:31:44+00:00,5,,4,Deep Space Nine,,14609.54,credits
ORD-102479,CUST-00247,delivered,2026-03-10T18:06:40+00:00,17,,23,Pallas Shipyard,9,808.22,credits
ORD-102480,CUST-00101,delivered,2026-04-26T12:44:39+00:00,2,,5,Utopia Planitia,,1478.96,credits
ORD-102481,CUST-00180,picked,2026-03-11T14:14:00+00:00,3,,5,Utopia Planitia,,266448.96,credits
ORD-102482,CUST-00378,delivered,2026-07-08T07:01:08+00:00,4,,5,Utopia Planitia,,3247.30,credits
ORD-102483,CUST-00087,dispatched,2026-08-18T14:48:23+00:00,16,,11,New Horizons,2,20886.43,credits
ORD-102484,CUST-00057,delivered,2026-07-09T01:39:24+00:00,19,,9,K-7 Station,,127893.82,credits
ORD-102485,CUST-00251,delivered,2026-06-18T12:49:01+00:00,4,,5,Utopia Planitia,,146731.19,credits
ORD-102486,CUST-00012,delivered,2026-07-02T06:30:40+00:00,2,,5,Utopia Planitia,,1439.76,credits
ORD-102487,CUST-00029,delivered,2026-03-23T09:49:18+00:00,17,,23,Pallas Shipyard,,481926.35,credits
ORD-102488,CUST-00225,delivered,2026-03-20T15:27:38+00:00,15,,10,Starbase 375,7,148840.80,credits
ORD-102489,CUST-00310,delivered,2026-03-08T06:20:51+00:00,7,,22,Vesta Prime,,92034.16,credits
ORD-102490,CUST-00088,delivered,2026-08-29T04:51:49+00:00,6,,12,Tycho Station,,33435.08,credits
ORD-102491,CUST-00257,delivered,2026-03-08T02:34:10+00:00,9,,14,Atlantis,3,3642.70,credits
ORD-102492,CUST-00339,dispatched,2026-07-10T19:13:56+00:00,15,,10,Starbase 375,,209259.15,credits
ORD-102493,CUST-00350,delivered,2026-05-06T00:32:46+00:00,18,,12,Tycho Station,,331233.83,credits
ORD-102494,CUST-00135,delivered,2026-06-04T17:28:45+00:00,2,,5,Utopia Planitia,,198874.86,credits
ORD-102495,CUST-00165,delivered,2026-04-02T05:30:10+00:00,2,,5,Utopia Planitia,,1481.25,credits
ORD-102496,CUST-00127,delivered,2026-06-24T14:42:31+00:00,1,,13,Polaris,,2939.20,credits
ORD-102497,CUST-00003,dispatched,2026-06-18T23:07:31+00:00,13,,8,Starbase 11,,92755.86,credits
ORD-102498,CUST-00036,delivered,2026-08-10T19:23:24+00:00,10,,15,Medina Station,,99231.54,credits
ORD-102499,CUST-00328,dispatched,2026-07-25T19:15:59+00:00,9,,14,Atlantis,4,87271.20,credits
ORD-102500,CUST-00018,delivered,2026-03-02T19:12:05+00:00,16,,11,New Horizons,,9156.48,credits
