shipment_id,order_id,route_id,spacecraft_id,pilot_id,shipped_at,delivered_at,shipment_status
SHP-0000001,ORD-100001,10,9,2,2026-03-11T02:19:42+00:00,2026-03-12T15:07:58+00:00,delivered
SHP-0000002,ORD-100002,4,7,10,2026-04-04T05:57:48+00:00,2026-08-31T16:13:45+00:00,delivered
SHP-0000003,ORD-100003,1,5,16,2026-03-28T11:45:18+00:00,2026-03-29T14:07:33+00:00,delivered
SHP-0000004,ORD-100004,2,1,16,2026-03-23T21:06:25+00:00,2026-08-31T21:23:11+00:00,delivered
SHP-0000005,ORD-100005,17,14,16,2026-08-19T08:48:45+00:00,2026-08-31T03:14:53+00:00,delivered
SHP-0000006,ORD-100006,19,16,16,2026-08-01T07:40:08+00:00,,in_transit
SHP-0000007,ORD-100007,4,17,16,2026-03-17T14:12:18+00:00,2026-08-31T02:42:48+00:00,delivered
SHP-0000008,ORD-100008,16,14,5,2026-07-07T09:45:24+00:00,2026-08-31T22:10:31+00:00,delivered
SHP-0000009,ORD-100009,4,5,12,2026-07-26T11:51:47+00:00,2026-08-31T00:37:02+00:00,delivered
SHP-0000010,ORD-100010,1,16,19,2026-08-10T00:20:24+00:00,2026-08-15T08:01:44+00:00,delivered
SHP-0000011,ORD-100011,13,16,3,2026-05-25T17:13:18+00:00,2026-08-31T11:27:12+00:00,delivered
SHP-0000012,ORD-100013,16,6,1,2026-06-21T20:45:33+00:00,,in_transit
SHP-0000013,ORD-100014,19,5,10,2026-07-07T13:26:20+00:00,,in_transit
SHP-0000014,ORD-100015,7,8,10,2026-06-15T14:31:35+00:00,,in_transit
SHP-0000015,ORD-100016,14,1,2,2026-08-14T02:20:38+00:00,2026-08-31T23:31:50+00:00,delivered
SHP-0000016,ORD-100017,3,14,7,2026-06-16T04:06:11+00:00,2026-08-31T23:47:15+00:00,delivered
SHP-0000017,ORD-100018,9,5,12,2026-06-23T15:45:23+00:00,2026-06-30T21:15:17+00:00,delivered
SHP-0000018,ORD-100020,10,11,14,2026-03-26T03:52:10+00:00,2026-04-03T23:26:59+00:00,delivered
SHP-0000019,ORD-100022,10,14,12,2026-05-21T05:25:56+00:00,2026-05-27T09:12:05+00:00,delivered
SHP-0000020,ORD-100024,3,4,8,2026-06-05T22:13:12+00:00,,in_transit
SHP-0000021,ORD-100025,10,8,20,2026-07-07T14:58:15+00:00,2026-07-10T00:18:16+00:00,delivered
SHP-0000022,ORD-100026,19,2,2,2026-08-25T10:59:15+00:00,2026-08-31T02:06:35+00:00,delivered
SHP-0000023,ORD-100027,12,11,15,2026-08-04T04:05:20+00:00,2026-08-10T05:32:31+00:00,delivered
SHP-0000024,ORD-100028,17,2,7,2026-06-21T04:03:14+00:00,,in_transit
SHP-0000025,ORD-100029,2,4,12,2026-06-30T02:13:55+00:00,,in_transit
SHP-0000026,ORD-100030,6,4,13,2026-04-15T11:37:59+00:00,2026-08-12T10:01:18+00:00,delivered
SHP-0000027,ORD-100032,5,6,13,2026-04-26T12:18:41+00:00,2026-04-27T00:54:13+00:00,delivered
SHP-0000028,ORD-100033,5,12,20,2026-04-03T05:27:40+00:00,2026-04-08T02:48:27+00:00,delivered
SHP-0000029,ORD-100034,3,10,19,2026-03-12T01:35:04+00:00,2026-06-12T07:33:27+00:00,delivered
SHP-0000030,ORD-100035,17,13,2,2026-03-31T02:26:56+00:00,2026-05-05T05:50:11+00:00,delivered
SHP-0000031,ORD-100036,10,6,16,2026-05-21T14:44:25+00:00,2026-05-22T12:07:00+00:00,delivered
SHP-0000032,ORD-100037,20,18,7,2026-07-04T02:19:49+00:00,2026-08-31T13:53:40+00:00,delivered
SHP-0000033,ORD-100038,5,19,20,2026-07-03T23:35:18+00:00,2026-07-08T13:54:31+00:00,delivered
SHP-0000034,ORD-100039,16,12,15,2026-06-13T22:27:01+00:00,2026-08-31T15:39:41+00:00,delivered
SHP-0000035,ORD-100040,10,6,20,2026-04-21T06:18:44+00:00,2026-04-27T15:51:54+00:00,delivered
SHP-0000036,ORD-100041,3,17,2,2026-08-20T02:21:27+00:00,2026-08-31T05:52:55+00:00,delivered
SHP-0000037,ORD-100043,17,15,17,2026-08-04T15:46:55+00:00,2026-08-31T23:18:45+00:00,delivered
SHP-0000038,ORD-100044,5,3,9,2026-08-15T11:45:48+00:00,2026-08-19T09:32:10+00:00,delivered
SHP-0000039,ORD-100045,12,1,17,2026-08-11T02:05:21+00:00,2026-08-13T14:09:49+00:00,delivered
SHP-0000040,ORD-100046,13,18,10,2026-04-15T23:47:20+00:00,2026-08-31T13:25:56+00:00,delivered
SHP-0000041,ORD-100047,1,13,7,2026-05-14T09:05:02+00:00,2026-05-20T22:22:56+00:00,delivered
SHP-0000042,ORD-100048,11,1,18,2026-06-11T18:16:15+00:00,2026-06-16T20:10:01+00:00,delivered
SHP-0000043,ORD-100051,5,14,6,2026-07-02T04:32:08+00:00,,in_transit
SHP-0000044,ORD-100053,4,10,10,2026-04-01T06:11:52+00:00,2026-08-31T01:59:57+00:00,delivered
SHP-0000045,ORD-100055,15,6,1,2026-08-21T18:40:50+00:00,2026-08-31T20:05:55+00:00,delivered
SHP-0000046,ORD-100056,10,18,6,2026-07-24T00:17:50+00:00,2026-07-25T03:42:59+00:00,delivered
SHP-0000047,ORD-100057,8,1,17,2026-08-29T10:24:16+00:00,2026-08-31T13:11:26+00:00,delivered
SHP-0000048,ORD-100058,4,2,10,2026-03-27T12:06:20+00:00,2026-08-31T05:01:45+00:00,delivered
SHP-0000049,ORD-100059,14,1,14,2026-05-24T20:14:58+00:00,,in_transit
SHP-0000050,ORD-100061,17,10,2,2026-04-25T05:47:34+00:00,2026-05-26T18:53:32+00:00,delivered
SHP-0000051,ORD-100064,1,16,12,2026-08-20T01:17:31+00:00,2026-08-23T22:14:14+00:00,delivered
SHP-0000052,ORD-100066,9,9,4,2026-07-25T21:33:29+00:00,2026-07-30T13:54:26+00:00,delivered
SHP-0000053,ORD-100067,12,1,8,2026-07-12T22:27:04+00:00,2026-07-19T02:56:36+00:00,delivered
SHP-0000054,ORD-100068,7,11,2,2026-04-14T10:33:50+00:00,2026-05-30T03:30:15+00:00,delivered
SHP-0000055,ORD-100069,3,2,18,2026-08-04T01:18:54+00:00,2026-08-31T02:06:43+00:00,delivered
SHP-0000056,ORD-100070,13,19,7,2026-03-26T18:08:40+00:00,2026-08-31T19:45:04+00:00,delivered
SHP-0000057,ORD-100071,9,5,5,2026-06-01T15:19:38+00:00,2026-06-05T18:56:34+00:00,delivered
SHP-0000058,ORD-100073,7,8,8,2026-08-19T14:39:13+00:00,2026-08-31T07:58:00+00:00,delivered
SHP-0000059,ORD-100074,16,7,10,2026-05-25T05:14:56+00:00,2026-08-31T01:01:12+00:00,delivered
SHP-0000060,ORD-100075,6,4,11,2026-05-27T06:19:29+00:00,2026-08-31T20:50:56+00:00,delivered
SHP-0000061,ORD-100076,12,2,9,2026-06-07T04:54:32+00:00,2026-06-13T04:20:15+00:00,delivered
SHP-0000062,ORD-100077,16,13,19,2026-04-25T20:02:13+00:00,2026-08-31T15:17:37+00:00,delivered
SHP-0000063,ORD-100078,7,19,2,2026-06-26T14:32:39+00:00,2026-08-15T16:22:14+00:00,delivered
SHP-0000064,ORD-100079,14,3,12,2026-06-25T01:34:12+00:00,2026-08-31T07:06:07+00:00,delivered
SHP-0000065,ORD-100080,7,7,16,2026-08-23T07:33:37+00:00,2026-08-31T12:14:14+00:00,delivered
SHP-0000066,ORD-100081,15,12,11,2026-06-29T07:26:27+00:00,2026-08-31T15:51:42+00:00,delivered
SHP-0000067,ORD-100082,13,3,18,2026-08-27T12:12:30+00:00,2026-08-31T12:13:25+00:00,delivered
SHP-0000068,ORD-100084,7,4,5,2026-03-19T17:26:30+00:00,2026-05-06T13:25:10+00:00,delivered
SHP-0000069,ORD-100086,20,15,15,2026-07-27T18:02:47+00:00,2026-08-31T18:56:31+00:00,delivered
SHP-0000070,ORD-100087,10,8,6,2026-08-16T08:56:40+00:00,2026-08-18T12:44:02+00:00,delivered
SHP-0000071,ORD-100088,10,15,1,2026-08-19T02:40:44+00:00,2026-08-24T06:32:02+00:00,delivered
SHP-0000072,ORD-100089,15,3,18,2026-06-08T21:15:45+00:00,2026-08-31T15:29:04+00:00,delivered
SHP-0000073,ORD-100090,5,1,9,2026-07-01T04:28:22+00:00,2026-07-02T02:42:48+00:00,delivered
SHP-0000074,ORD-100092,1,14,17,2026-03-16T03:52:20+00:00,2026-03-17T23:10:02+00:00,delivered
SHP-0000075,ORD-100093,18,1,13,2026-08-10T06:29:14+00:00,,in_transit
SHP-0000076,ORD-100094,9,5,11,2026-08-17T05:40:48+00:00,2026-08-23T21:59:49+00:00,delivered
SHP-0000077,ORD-100095,11,2,5,2026-08-21T11:31:18+00:00,2026-08-27T07:39:05+00:00,delivered
SHP-0000078,ORD-100096,5,8,20,2026-06-08T12:33:20+00:00,,in_transit
SHP-0000079,ORD-100098,6,20,8,2026-08-02T09:18:36+00:00,2026-08-31T07:27:11+00:00,delivered
SHP-0000080,ORD-100099,7,10,15,2026-05-10T09:24:35+00:00,2026-06-24T08:24:29+00:00,delivered
SHP-0000081,ORD-100100,16,13,12,2026-03-21T12:31:19+00:00,2026-08-31T12:59:26+00:00,delivered
SHP-0000082,ORD-100101,19,2,13,2026-03-22T13:47:15+00:00,2026-08-31T20:44:23+00:00,delivered
SHP-0000083,ORD-100102,16,3,17,2026-03-11T06:56:27+00:00,2026-08-31T22:37:57+00:00,delivered
SHP-0000084,ORD-100103,14,10,1,2026-05-06T05:52:31+00:00,2026-08-31T23:25:44+00:00,delivered
SHP-0000085,ORD-100104,4,7,6,2026-03-21T06:03:47+00:00,2026-08-31T14:36:52+00:00,delivered
SHP-0000086,ORD-100106,11,11,12,2026-03-10T21:56:21+00:00,2026-03-17T10:38:27+00:00,delivered
SHP-0000087,ORD-100107,8,5,1,2026-06-04T19:07:55+00:00,2026-08-31T23:53:56+00:00,delivered
SHP-0000088,ORD-100108,9,20,16,2026-08-30T12:47:39+00:00,2026-08-31T21:28:14+00:00,delivered
SHP-0000089,ORD-100109,12,3,10,2026-06-21T21:35:55+00:00,2026-06-23T04:31:50+00:00,delivered
SHP-0000090,ORD-100111,13,19,20,2026-05-12T02:41:21+00:00,,in_transit
SHP-0000091,ORD-100112,13,18,7,2026-08-18T12:27:20+00:00,2026-08-31T09:03:37+00:00,delivered
SHP-0000092,ORD-100113,12,2,20,2026-08-23T10:19:32+00:00,2026-08-27T23:42:54+00:00,delivered
SHP-0000093,ORD-100115,7,13,4,2026-04-29T04:20:48+00:00,2026-06-14T22:54:35+00:00,delivered
SHP-0000094,ORD-100116,2,19,4,2026-08-31T21:50:54+00:00,2026-08-31T11:46:54+00:00,delivered
SHP-0000095,ORD-100117,13,13,8,2026-06-20T01:07:15+00:00,2026-08-31T04:40:46+00:00,delivered
SHP-0000096,ORD-100118,16,17,8,2026-05-18T00:37:36+00:00,2026-08-31T20:42:58+00:00,delivered
SHP-0000097,ORD-100119,16,1,13,2026-05-11T17:52:34+00:00,2026-08-31T12:52:44+00:00,delivered
SHP-0000098,ORD-100120,16,6,3,2026-03-18T17:16:54+00:00,2026-08-31T04:36:13+00:00,delivered
SHP-0000099,ORD-100123,5,9,14,2026-08-05T22:09:34+00:00,2026-08-06T12:29:05+00:00,delivered
SHP-0000100,ORD-100124,3,18,4,2026-08-12T21:35:26+00:00,2026-08-31T02:17:07+00:00,delivered
SHP-0000101,ORD-100126,10,18,18,2026-07-31T19:56:54+00:00,2026-08-03T11:51:47+00:00,delivered
SHP-0000102,ORD-100128,15,8,3,2026-04-18T05:36:03+00:00,2026-08-31T20:05:04+00:00,delivered
SHP-0000103,ORD-100129,10,7,1,2026-07-23T22:27:44+00:00,2026-07-25T12:00:39+00:00,delivered
SHP-0000104,ORD-100131,8,16,2,2026-07-20T11:00:39+00:00,2026-08-31T14:57:39+00:00,delivered
SHP-0000105,ORD-100132,11,9,8,2026-05-18T15:25:23+00:00,2026-05-19T04:49:42+00:00,delivered
SHP-0000106,ORD-100133,12,7,10,2026-06-19T01:08:25+00:00,2026-06-26T22:12:07+00:00,delivered
SHP-0000107,ORD-100134,11,17,13,2026-03-11T04:07:06+00:00,,in_transit
SHP-0000108,ORD-100135,5,14,8,2026-04-11T19:09:46+00:00,2026-04-14T09:31:05+00:00,delivered
SHP-0000109,ORD-100136,6,8,8,2026-05-04T10:27:30+00:00,2026-08-31T13:33:19+00:00,delivered
SHP-0000110,ORD-100137,17,11,7,2026-06-19T09:30:17+00:00,2026-07-19T01:00:03+00:00,delivered
SHP-0000111,ORD-100138,4,19,17,2026-06-22T19:23:15+00:00,,in_transit
SHP-0000112,ORD-100139,9,20,11,2026-04-24T09:46:30+00:00,2026-05-01T03:04:34+00:00,delivered
SHP-0000113,ORD-100140,7,5,10,2026-07-18T01:36:03+00:00,2026-08-30T05:38:17+00:00,delivered
SHP-0000114,ORD-100141,7,19,7,2026-06-12T18:44:00+00:00,2026-07-28T05:00:10+00:00,delivered
SHP-0000115,ORD-100142,15,9,5,2026-07-09T08:55:50+00:00,2026-08-31T20:09:56+00:00,delivered
SHP-0000116,ORD-100143,8,6,9,2026-04-24T00:34:42+00:00,2026-08-31T07:46:17+00:00,delivered
SHP-0000117,ORD-100144,19,6,10,2026-03-29T00:19:10+00:00,2026-08-31T18:31:46+00:00,delivered
SHP-0000118,ORD-100145,13,1,2,2026-08-25T04:15:49+00:00,2026-08-31T00:07:52+00:00,delivered
SHP-0000119,ORD-100146,9,9,18,2026-04-07T03:01:52+00:00,2026-04-10T01:34:44+00:00,delivered
SHP-0000120,ORD-100147,4,4,10,2026-07-19T11:04:39+00:00,2026-08-31T05:07:14+00:00,delivered
SHP-0000121,ORD-100148,4,3,1,2026-06-03T04:49:41+00:00,2026-08-31T08:51:58+00:00,delivered
SHP-0000122,ORD-100149,11,20,11,2026-04-09T04:51:41+00:00,2026-04-15T15:44:26+00:00,delivered
SHP-0000123,ORD-100150,13,7,1,2026-06-17T11:35:30+00:00,2026-08-31T07:23:00+00:00,delivered
SHP-0000124,ORD-100151,4,19,3,2026-03-18T15:53:38+00:00,2026-08-31T22:06:42+00:00,delivered
SHP-0000125,ORD-100152,1,11,15,2026-04-10T20:44:00+00:00,2026-04-13T15:26:46+00:00,delivered
SHP-0000126,ORD-100154,3,14,7,2026-07-14T08:06:06+00:00,2026-08-31T01:51:23+00:00,delivered
SHP-0000127,ORD-100155,12,2,8,2026-08-04T08:05:36+00:00,2026-08-09T17:12:40+00:00,delivered
SHP-0000128,ORD-100157,17,2,10,2026-04-21T05:09:43+00:00,2026-05-26T18:55:54+00:00,delivered
SHP-0000129,ORD-100160,3,17,15,2026-04-17T08:56:56+00:00,2026-07-19T02:43:26+00:00,delivered
SHP-0000130,ORD-100162,3,2,18,2026-06-01T04:30:09+00:00,2026-08-31T03:17:29+00:00,delivered
SHP-0000131,ORD-100163,7,10,15,2026-05-22T13:33:13+00:00,2026-07-05T08:25:05+00:00,delivered
SHP-0000132,ORD-100164,9,19,13,2026-04-20T00:35:50+00:00,2026-04-26T11:58:44+00:00,delivered
SHP-0000133,ORD-100165,7,14,9,2026-03-22T16:46:00+00:00,2026-05-09T03:50:43+00:00,delivered
SHP-0000134,ORD-100166,5,7,19,2026-08-13T00:23:52+00:00,2026-08-18T06:22:13+00:00,delivered
SHP-0000135,ORD-100167,1,14,10,2026-05-18T22:39:59+00:00,2026-05-23T12:18:54+00:00,delivered
SHP-0000136,ORD-100169,10,13,1,2026-06-19T11:50:14+00:00,,in_transit
SHP-0000137,ORD-100170,10,13,2,2026-05-11T18:27:08+00:00,2026-05-18T06:39:41+00:00,delivered
SHP-0000138,ORD-100171,13,18,6,2026-04-17T10:13:05+00:00,2026-08-31T20:58:16+00:00,delivered
SHP-0000139,ORD-100173,15,3,5,2026-08-12T20:01:40+00:00,2026-08-31T21:03:17+00:00,delivered
SHP-0000140,ORD-100174,4,1,14,2026-03-31T02:31:40+00:00,2026-08-31T12:06:31+00:00,delivered
SHP-0000141,ORD-100175,7,9,4,2026-08-26T06:38:01+00:00,2026-08-31T05:33:47+00:00,delivered
SHP-0000142,ORD-100176,1,7,3,2026-07-14T11:45:35+00:00,2026-07-15T08:17:30+00:00,delivered
SHP-0000143,ORD-100177,10,16,14,2026-07-01T14:27:38+00:00,2026-07-06T05:50:13+00:00,delivered
SHP-0000144,ORD-100178,9,17,12,2026-05-24T12:01:07+00:00,2026-05-30T09:38:52+00:00,delivered
SHP-0000145,ORD-100179,11,15,19,2026-06-20T10:57:14+00:00,2026-06-21T22:21:13+00:00,delivered
SHP-0000146,ORD-100180,3,11,11,2026-06-10T06:12:03+00:00,2026-08-31T21:48:27+00:00,delivered
SHP-0000147,ORD-100182,1,3,16,2026-08-15T03:53:51+00:00,2026-08-16T10:41:01+00:00,delivered
SHP-0000148,ORD-100183,10,12,20,2026-05-12T03:01:14+00:00,2026-05-20T20:58:07+00:00,delivered
SHP-0000149,ORD-100186,4,16,2,2026-07-15T06:00:42+00:00,2026-08-31T22:04:04+00:00,delivered
SHP-0000150,ORD-100187,15,7,13,2026-06-10T06:04:17+00:00,,in_transit
SHP-0000151,ORD-100188,6,18,3,2026-08-25T11:27:13+00:00,2026-08-31T08:07:59+00:00,delivered
SHP-0000152,ORD-100189,13,17,14,2026-07-10T03:43:03+00:00,2026-08-31T16:38:31+00:00,delivered
SHP-0000153,ORD-100190,8,13,4,2026-03-31T07:46:52+00:00,,in_transit
SHP-0000154,ORD-100191,9,10,8,2026-07-08T05:20:43+00:00,,in_transit
SHP-0000155,ORD-100192,6,5,4,2026-04-19T03:19:51+00:00,2026-08-18T16:32:10+00:00,delivered
SHP-0000156,ORD-100193,11,17,1,2026-06-27T04:26:54+00:00,2026-07-04T03:17:43+00:00,delivered
SHP-0000157,ORD-100194,5,12,11,2026-06-02T12:37:26+00:00,2026-06-03T08:58:43+00:00,delivered
SHP-0000158,ORD-100196,5,16,10,2026-06-29T00:27:22+00:00,2026-07-02T18:07:03+00:00,delivered
SHP-0000159,ORD-100197,1,10,8,2026-03-14T01:30:59+00:00,,in_transit
SHP-0000160,ORD-100198,8,14,4,2026-08-24T04:33:28+00:00,2026-08-31T17:11:24+00:00,delivered
SHP-0000161,ORD-100199,11,10,8,2026-07-09T18:32:23+00:00,2026-07-10T04:39:58+00:00,delivered
SHP-0000162,ORD-100200,20,9,4,2026-07-21T10:38:06+00:00,2026-08-31T01:05:03+00:00,delivered
SHP-0000163,ORD-100201,19,5,10,2026-07-05T20:19:46+00:00,2026-08-31T04:14:57+00:00,delivered
SHP-0000164,ORD-100202,16,4,10,2026-08-10T12:30:11+00:00,2026-08-31T12:03:59+00:00,delivered
SHP-0000165,ORD-100203,18,13,13,2026-05-07T22:51:06+00:00,2026-07-01T11:42:17+00:00,delivered
SHP-0000166,ORD-100204,14,20,15,2026-06-20T01:58:58+00:00,,in_transit
SHP-0000167,ORD-100205,5,5,12,2026-07-01T20:46:36+00:00,2026-07-06T16:04:11+00:00,delivered
SHP-0000168,ORD-100206,15,4,16,2026-08-31T21:30:20+00:00,2026-08-31T07:06:42+00:00,delivered
SHP-0000169,ORD-100209,8,3,11,2026-04-23T05:43:46+00:00,2026-08-31T18:34:55+00:00,delivered
SHP-0000170,ORD-100210,17,16,8,2026-07-07T01:38:34+00:00,,in_transit
SHP-0000171,ORD-100211,1,2,11,2026-04-28T13:16:12+00:00,2026-05-04T08:41:01+00:00,delivered
SHP-0000172,ORD-100212,2,20,3,2026-04-08T17:30:08+00:00,,in_transit
SHP-0000173,ORD-100214,1,2,8,2026-07-22T07:05:37+00:00,2026-07-26T06:21:27+00:00,delivered
SHP-0000174,ORD-100215,8,8,10,2026-06-16T04:38:25+00:00,2026-08-31T19:41:56+00:00,delivered
SHP-0000175,ORD-100217,8,7,4,2026-07-16T11:46:52+00:00,2026-08-31T09:47:35+00:00,delivered
SHP-0000176,ORD-100218,2,13,16,2026-05-01T00:55:24+00:00,2026-08-31T08:54:39+00:00,delivered
SHP-0000177,ORD-100219,15,7,1,2026-03-15T10:46:53+00:00,,in_transit
SHP-0000178,ORD-100220,14,9,3,2026-06-19T07:49:34+00:00,2026-08-31T00:17:51+00:00,delivered
SHP-0000179,ORD-100221,11,12,16,2026-07-26T20:54:35+00:00,2026-08-02T00:29:02+00:00,delivered
SHP-0000180,ORD-100222,14,8,4,2026-03-16T20:02:11+00:00,2026-08-31T19:41:03+00:00,delivered
SHP-0000181,ORD-100223,17,17,15,2026-06-22T03:32:04+00:00,2026-07-23T11:06:04+00:00,delivered
SHP-0000182,ORD-100224,7,10,5,2026-05-25T18:01:06+00:00,2026-07-07T05:23:02+00:00,delivered
SHP-0000183,ORD-100225,7,19,17,2026-05-23T18:40:35+00:00,2026-07-06T02:59:14+00:00,delivered
SHP-0000184,ORD-100226,14,12,8,2026-07-18T14:20:47+00:00,2026-08-31T10:15:51+00:00,delivered
SHP-0000185,ORD-100227,8,14,19,2026-06-23T21:08:38+00:00,2026-08-31T17:15:49+00:00,delivered
SHP-0000186,ORD-100228,10,16,4,2026-05-29T04:55:02+00:00,2026-06-03T17:45:59+00:00,delivered
SHP-0000187,ORD-100229,1,15,14,2026-08-26T20:28:47+00:00,,in_transit
SHP-0000188,ORD-100230,10,16,11,2026-07-04T01:36:33+00:00,2026-07-09T03:14:19+00:00,delivered
SHP-0000189,ORD-100231,19,6,4,2026-07-12T09:17:31+00:00,2026-08-31T03:22:18+00:00,delivered
SHP-0000190,ORD-100232,8,4,4,2026-04-15T14:56:27+00:00,2026-08-31T14:18:58+00:00,delivered
SHP-0000191,ORD-100233,9,2,14,2026-03-26T03:59:45+00:00,2026-03-27T22:44:20+00:00,delivered
SHP-0000192,ORD-100234,11,17,7,2026-04-19T00:27:04+00:00,2026-04-22T20:56:05+00:00,delivered
SHP-0000193,ORD-100235,18,13,20,2026-08-06T11:34:30+00:00,,in_transit
SHP-0000194,ORD-100238,14,5,20,2026-06-13T17:01:46+00:00,,in_transit
SHP-0000195,ORD-100239,13,6,12,2026-03-27T10:26:13+00:00,2026-08-31T22:14:18+00:00,delivered
SHP-0000196,ORD-100241,8,4,19,2026-03-10T12:12:53+00:00,,in_transit
SHP-0000197,ORD-100242,10,18,17,2026-05-24T07:24:01+00:00,2026-05-29T15:18:58+00:00,delivered
SHP-0000198,ORD-100243,13,3,4,2026-06-06T17:10:13+00:00,2026-08-31T04:51:40+00:00,delivered
SHP-0000199,ORD-100245,18,4,2,2026-07-07T13:31:10+00:00,2026-08-25T05:12:28+00:00,delivered
SHP-0000200,ORD-100247,6,7,4,2026-04-07T17:29:21+00:00,2026-08-03T09:44:12+00:00,delivered
SHP-0000201,ORD-100248,2,4,7,2026-08-10T08:11:16+00:00,2026-08-31T02:37:09+00:00,delivered
SHP-0000202,ORD-100249,4,1,11,2026-04-05T02:57:03+00:00,2026-08-31T04:10:30+00:00,delivered
SHP-0000203,ORD-100250,17,20,7,2026-06-24T05:40:53+00:00,2026-07-27T16:05:56+00:00,delivered
SHP-0000204,ORD-100251,5,1,7,2026-06-21T14:23:33+00:00,2026-06-26T11:11:59+00:00,delivered
SHP-0000205,ORD-100252,1,16,6,2026-08-01T15:47:55+00:00,2026-08-07T19:40:29+00:00,delivered
SHP-0000206,ORD-100254,20,17,14,2026-03-06T05:40:47+00:00,2026-05-07T19:12:44+00:00,delivered
SHP-0000207,ORD-100255,10,7,12,2026-05-13T14:05:56+00:00,2026-05-14T05:50:00+00:00,delivered
SHP-0000208,ORD-100256,8,12,19,2026-05-21T11:22:49+00:00,2026-08-31T08:05:31+00:00,delivered
SHP-0000209,ORD-100257,17,10,7,2026-06-26T10:44:32+00:00,2026-07-29T20:51:43+00:00,delivered
SHP-0000210,ORD-100258,9,11,12,2026-03-25T18:24:42+00:00,2026-04-01T04:29:37+00:00,delivered
SHP-0000211,ORD-100259,2,14,13,2026-05-24T15:53:15+00:00,2026-08-31T18:36:44+00:00,delivered
SHP-0000212,ORD-100260,12,5,11,2026-08-03T01:05:19+00:00,2026-08-08T18:48:08+00:00,delivered
SHP-0000213,ORD-100261,5,12,4,2026-05-31T15:35:43+00:00,2026-06-04T00:30:10+00:00,delivered
SHP-0000214,ORD-100262,7,6,8,2026-07-01T11:23:21+00:00,2026-08-13T07:56:38+00:00,delivered
SHP-0000215,ORD-100263,1,6,14,2026-08-06T04:18:19+00:00,2026-08-07T10:24:41+00:00,delivered
SHP-0000216,ORD-100264,16,4,13,2026-03-12T00:10:20+00:00,,in_transit
SHP-0000217,ORD-100265,19,18,12,2026-07-10T03:50:11+00:00,2026-08-31T15:45:21+00:00,delivered
SHP-0000218,ORD-100266,18,20,12,2026-06-08T08:27:21+00:00,2026-08-02T14:23:03+00:00,delivered
SHP-0000219,ORD-100267,10,4,5,2026-03-09T23:09:40+00:00,2026-03-13T05:05:34+00:00,delivered
SHP-0000220,ORD-100268,14,6,9,2026-05-13T23:41:47+00:00,2026-08-31T13:25:01+00:00,delivered
SHP-0000221,ORD-100269,14,14,5,2026-03-31T08:17:29+00:00,2026-08-31T06:01:50+00:00,delivered
SHP-0000222,ORD-100270,11,14,20,2026-03-28T10:34:24+00:00,,in_transit
SHP-0000223,ORD-100271,18,11,15,2026-03-05T21:29:01+00:00,2026-04-27T09:18:48+00:00,delivered
SHP-0000224,ORD-100272,20,4,4,2026-07-31T12:13:13+00:00,,in_transit
SHP-0000225,ORD-100273,19,11,17,2026-05-17T17:34:25+00:00,,in_transit
SHP-0000226,ORD-100274,13,20,20,2026-07-06T16:05:38+00:00,2026-08-31T19:14:08+00:00,delivered
SHP-0000227,ORD-100275,14,8,6,2026-03-07T15:59:45+00:00,2026-08-31T11:46:55+00:00,delivered
SHP-0000228,ORD-100276,11,20,11,2026-04-04T05:15:29+00:00,2026-04-11T16:41:07+00:00,delivered
SHP-0000229,ORD-100277,3,2,10,2026-03-05T12:53:52+00:00,2026-06-01T14:30:52+00:00,delivered
SHP-0000230,ORD-100278,2,7,9,2026-06-04T03:21:41+00:00,2026-08-31T07:50:30+00:00,delivered
SHP-0000231,ORD-100279,3,2,5,2026-06-28T04:33:18+00:00,2026-08-31T18:17:38+00:00,delivered
SHP-0000232,ORD-100280,8,8,1,2026-06-06T06:37:19+00:00,2026-08-31T12:16:40+00:00,delivered
SHP-0000233,ORD-100281,19,6,17,2026-03-06T15:11:30+00:00,,in_transit
SHP-0000234,ORD-100283,1,17,8,2026-07-16T07:16:51+00:00,2026-07-17T01:28:36+00:00,delivered
SHP-0000235,ORD-100284,6,3,5,2026-08-26T16:19:03+00:00,2026-08-31T23:12:46+00:00,delivered
SHP-0000236,ORD-100285,8,7,20,2026-05-04T15:19:36+00:00,2026-08-31T03:34:37+00:00,delivered
SHP-0000237,ORD-100286,19,8,11,2026-06-22T08:43:35+00:00,2026-08-31T08:55:34+00:00,delivered
SHP-0000238,ORD-100287,10,17,10,2026-08-09T10:49:33+00:00,2026-08-11T07:13:19+00:00,delivered
SHP-0000239,ORD-100288,4,14,9,2026-08-25T07:59:16+00:00,2026-08-31T20:38:50+00:00,delivered
SHP-0000240,ORD-100289,10,14,12,2026-06-04T20:51:08+00:00,,in_transit
SHP-0000241,ORD-100290,9,8,6,2026-03-06T10:46:30+00:00,2026-03-13T08:06:04+00:00,delivered
SHP-0000242,ORD-100293,11,8,15,2026-07-27T11:21:12+00:00,2026-07-30T05:20:29+00:00,delivered
SHP-0000243,ORD-100294,9,19,14,2026-05-08T01:32:55+00:00,2026-05-09T16:23:01+00:00,delivered
SHP-0000244,ORD-100295,18,20,7,2026-07-07T02:49:43+00:00,2026-08-25T18:59:29+00:00,delivered
SHP-0000245,ORD-100296,9,14,5,2026-06-30T08:54:14+00:00,2026-07-01T00:14:20+00:00,delivered
SHP-0000246,ORD-100297,11,3,11,2026-07-18T10:59:14+00:00,2026-07-19T04:34:22+00:00,delivered
SHP-0000247,ORD-100298,7,7,13,2026-04-23T01:28:28+00:00,2026-06-05T14:55:47+00:00,delivered
SHP-0000248,ORD-100299,7,7,7,2026-04-25T02:51:32+00:00,2026-06-12T23:20:26+00:00,delivered
SHP-0000249,ORD-100300,16,10,8,2026-05-07T22:05:41+00:00,2026-08-31T13:54:41+00:00,delivered
SHP-0000250,ORD-100302,20,10,13,2026-04-24T20:23:58+00:00,2026-06-23T00:31:13+00:00,delivered
SHP-0000251,ORD-100305,4,8,9,2026-07-03T05:46:42+00:00,2026-08-31T19:06:15+00:00,delivered
SHP-0000252,ORD-100307,2,17,11,2026-06-09T10:57:11+00:00,2026-08-31T03:47:17+00:00,delivered
SHP-0000253,ORD-100308,11,4,4,2026-07-04T17:45:18+00:00,2026-07-06T03:14:29+00:00,delivered
SHP-0000254,ORD-100309,12,6,20,2026-05-21T07:53:59+00:00,2026-05-25T11:10:06+00:00,delivered
SHP-0000255,ORD-100311,18,3,8,2026-08-21T08:08:57+00:00,2026-08-31T07:53:22+00:00,delivered
SHP-0000256,ORD-100313,4,19,6,2026-08-10T22:44:55+00:00,2026-08-31T20:29:27+00:00,delivered
SHP-0000257,ORD-100314,10,8,19,2026-04-28T15:14:37+00:00,2026-04-30T22:51:31+00:00,delivered
SHP-0000258,ORD-100317,15,9,6,2026-06-28T06:35:49+00:00,2026-08-31T01:20:29+00:00,delivered
SHP-0000259,ORD-100318,11,3,13,2026-06-12T10:39:31+00:00,2026-06-17T09:06:58+00:00,delivered
SHP-0000260,ORD-100319,6,17,18,2026-06-08T09:48:35+00:00,,in_transit
SHP-0000261,ORD-100320,6,13,4,2026-06-13T23:52:56+00:00,2026-08-31T12:08:58+00:00,delivered
SHP-0000262,ORD-100323,16,12,8,2026-06-24T10:34:22+00:00,2026-08-31T08:27:23+00:00,delivered
SHP-0000263,ORD-100324,5,20,8,2026-05-25T23:22:45+00:00,2026-05-29T03:51:52+00:00,delivered
SHP-0000264,ORD-100325,18,12,16,2026-04-28T22:09:04+00:00,2026-06-22T17:41:03+00:00,delivered
SHP-0000265,ORD-100327,15,17,14,2026-05-21T23:10:46+00:00,2026-08-31T02:39:04+00:00,delivered
SHP-0000266,ORD-100328,8,9,16,2026-08-03T02:11:16+00:00,2026-08-31T05:45:27+00:00,delivered
SHP-0000267,ORD-100329,7,6,1,2026-04-29T16:00:00+00:00,2026-06-11T21:23:06+00:00,delivered
SHP-0000268,ORD-100331,5,17,6,2026-08-02T03:31:12+00:00,2026-08-06T21:11:37+00:00,delivered
SHP-0000269,ORD-100332,5,11,17,2026-08-06T18:36:44+00:00,2026-08-07T16:05:42+00:00,delivered
SHP-0000270,ORD-100333,17,16,20,2026-06-10T12:19:31+00:00,2026-07-15T03:20:35+00:00,delivered
SHP-0000271,ORD-100334,10,2,18,2026-08-26T00:03:19+00:00,2026-08-29T20:20:47+00:00,delivered
SHP-0000272,ORD-100336,7,12,13,2026-07-27T01:09:09+00:00,2026-08-31T12:52:14+00:00,delivered
SHP-0000273,ORD-100337,8,7,16,2026-08-09T08:38:00+00:00,2026-08-31T08:53:57+00:00,delivered
SHP-0000274,ORD-100338,13,10,19,2026-03-13T08:06:48+00:00,2026-08-31T09:34:18+00:00,delivered
SHP-0000275,ORD-100340,3,2,13,2026-05-03T12:09:18+00:00,2026-08-01T11:29:12+00:00,delivered
SHP-0000276,ORD-100341,3,3,14,2026-04-30T16:34:01+00:00,,in_transit
SHP-0000277,ORD-100342,6,16,19,2026-05-23T20:24:18+00:00,2026-08-31T20:52:58+00:00,delivered
SHP-0000278,ORD-100343,20,6,12,2026-06-10T23:01:27+00:00,2026-08-09T12:16:56+00:00,delivered
SHP-0000279,ORD-100344,5,13,15,2026-03-13T11:21:20+00:00,2026-03-19T23:28:28+00:00,delivered
SHP-0000280,ORD-100345,13,14,12,2026-04-07T20:19:13+00:00,2026-08-31T14:35:55+00:00,delivered
SHP-0000281,ORD-100348,5,5,7,2026-06-15T09:53:04+00:00,2026-06-19T11:12:47+00:00,delivered
SHP-0000282,ORD-100349,20,16,9,2026-05-21T22:54:57+00:00,2026-07-24T05:35:35+00:00,delivered
SHP-0000283,ORD-100351,1,3,12,2026-08-01T19:51:31+00:00,2026-08-03T20:20:18+00:00,delivered
SHP-0000284,ORD-100352,20,11,2,2026-07-31T08:47:48+00:00,2026-08-31T08:28:27+00:00,delivered
SHP-0000285,ORD-100354,16,12,9,2026-06-08T17:12:31+00:00,2026-08-31T22:21:08+00:00,delivered
SHP-0000286,ORD-100355,9,3,5,2026-03-23T18:51:15+00:00,2026-03-26T02:11:23+00:00,delivered
SHP-0000287,ORD-100358,16,7,6,2026-08-05T10:48:14+00:00,2026-08-31T22:48:04+00:00,delivered
SHP-0000288,ORD-100359,13,3,2,2026-08-13T02:31:22+00:00,2026-08-31T09:48:10+00:00,delivered
SHP-0000289,ORD-100360,2,12,16,2026-08-08T09:48:31+00:00,2026-08-31T23:51:30+00:00,delivered
SHP-0000290,ORD-100361,18,13,14,2026-04-19T00:55:08+00:00,,in_transit
SHP-0000291,ORD-100362,13,11,7,2026-08-11T00:31:25+00:00,,in_transit
SHP-0000292,ORD-100363,10,20,10,2026-07-21T04:15:33+00:00,,in_transit
SHP-0000293,ORD-100364,7,1,15,2026-06-16T11:26:15+00:00,2026-08-03T18:30:04+00:00,delivered
SHP-0000294,ORD-100365,11,19,8,2026-08-27T22:37:39+00:00,,in_transit
SHP-0000295,ORD-100366,8,7,9,2026-07-07T22:09:23+00:00,2026-08-31T02:28:24+00:00,delivered
SHP-0000296,ORD-100367,2,7,7,2026-07-03T19:38:07+00:00,,in_transit
SHP-0000297,ORD-100368,2,14,3,2026-04-20T11:29:49+00:00,2026-08-31T09:01:01+00:00,delivered
SHP-0000298,ORD-100369,15,13,18,2026-08-10T00:40:27+00:00,2026-08-31T11:09:20+00:00,delivered
SHP-0000299,ORD-100370,11,17,6,2026-06-11T22:15:05+00:00,,in_transit
SHP-0000300,ORD-100371,12,9,8,2026-06-02T07:03:41+00:00,2026-06-06T03:48:58+00:00,delivered
SHP-0000301,ORD-100373,17,17,6,2026-05-23T12:13:09+00:00,2026-06-21T18:56:23+00:00,delivered
SHP-0000302,ORD-100374,1,1,15,2026-08-10T19:41:42+00:00,2026-08-11T20:18:28+00:00,delivered
SHP-0000303,ORD-100375,13,9,7,2026-04-25T16:01:19+00:00,,in_transit
SHP-0000304,ORD-100376,7,19,6,2026-04-17T03:03:23+00:00,2026-06-03T14:24:46+00:00,delivered
SHP-0000305,ORD-100377,7,7,4,2026-06-19T20:47:43+00:00,2026-08-03T08:29:59+00:00,delivered
SHP-0000306,ORD-100379,13,19,14,2026-08-22T17:44:31+00:00,2026-08-31T00:41:02+00:00,delivered
SHP-0000307,ORD-100380,2,10,5,2026-05-14T21:48:56+00:00,2026-08-31T11:29:22+00:00,delivered
SHP-0000308,ORD-100381,18,6,19,2026-06-16T04:52:50+00:00,2026-08-05T19:21:34+00:00,delivered
SHP-0000309,ORD-100382,13,8,15,2026-03-23T04:53:44+00:00,2026-08-31T22:48:06+00:00,delivered
SHP-0000310,ORD-100385,3,20,19,2026-03-20T15:40:39+00:00,,in_transit
SHP-0000311,ORD-100386,2,16,3,2026-08-23T15:16:34+00:00,2026-08-31T00:24:02+00:00,delivered
SHP-0000312,ORD-100387,3,17,6,2026-05-05T14:17:44+00:00,2026-08-01T16:28:04+00:00,delivered
SHP-0000313,ORD-100388,13,14,4,2026-07-17T21:09:53+00:00,2026-08-31T09:38:21+00:00,delivered
SHP-0000314,ORD-100389,7,14,1,2026-07-05T22:33:57+00:00,2026-08-17T14:31:23+00:00,delivered
SHP-0000315,ORD-100390,12,8,5,2026-08-13T03:01:10+00:00,2026-08-20T15:25:32+00:00,delivered
SHP-0000316,ORD-100391,19,10,5,2026-04-18T10:58:15+00:00,2026-08-31T18:33:00+00:00,delivered
SHP-0000317,ORD-100392,7,17,5,2026-04-19T02:30:32+00:00,2026-06-03T21:08:54+00:00,delivered
SHP-0000318,ORD-100393,19,8,5,2026-04-15T15:39:50+00:00,,in_transit
SHP-0000319,ORD-100394,14,5,2,2026-08-14T11:17:25+00:00,2026-08-31T02:35:05+00:00,delivered
SHP-0000320,ORD-100395,15,16,11,2026-08-17T17:33:39+00:00,2026-08-31T15:21:05+00:00,delivered
SHP-0000321,ORD-100396,3,5,10,2026-05-07T06:43:43+00:00,2026-08-06T19:56:50+00:00,delivered
SHP-0000322,ORD-100397,18,9,19,2026-07-22T14:34:21+00:00,2026-08-31T12:30:45+00:00,delivered
SHP-0000323,ORD-100399,4,9,5,2026-07-01T03:59:47+00:00,2026-08-31T03:35:34+00:00,delivered
SHP-0000324,ORD-100401,8,1,6,2026-05-02T02:36:47+00:00,,in_transit
SHP-0000325,ORD-100403,14,9,7,2026-07-30T21:31:27+00:00,2026-08-31T00:34:48+00:00,delivered
SHP-0000326,ORD-100405,12,14,15,2026-06-14T13:05:27+00:00,,in_transit
SHP-0000327,ORD-100406,12,17,7,2026-05-01T01:24:23+00:00,,in_transit
SHP-0000328,ORD-100407,8,3,20,2026-03-26T01:36:41+00:00,2026-08-31T16:04:14+00:00,delivered
SHP-0000329,ORD-100408,6,6,8,2026-05-16T00:20:54+00:00,2026-08-31T04:34:59+00:00,delivered
SHP-0000330,ORD-100409,9,2,3,2026-07-13T12:08:00+00:00,2026-07-16T05:40:38+00:00,delivered
SHP-0000331,ORD-100410,15,14,6,2026-07-17T16:54:31+00:00,2026-08-31T08:33:59+00:00,delivered
SHP-0000332,ORD-100412,5,14,2,2026-08-16T07:09:57+00:00,2026-08-20T06:29:08+00:00,delivered
SHP-0000333,ORD-100413,4,18,9,2026-05-18T01:01:32+00:00,2026-08-31T00:06:09+00:00,delivered
SHP-0000334,ORD-100415,2,7,3,2026-08-21T19:24:17+00:00,2026-08-31T04:09:48+00:00,delivered
SHP-0000335,ORD-100418,4,8,8,2026-03-24T00:27:30+00:00,2026-08-31T19:49:57+00:00,delivered
SHP-0000336,ORD-100419,11,10,3,2026-07-12T07:10:39+00:00,2026-07-18T13:36:21+00:00,delivered
SHP-0000337,ORD-100420,3,6,11,2026-05-21T05:38:20+00:00,2026-08-21T07:39:51+00:00,delivered
SHP-0000338,ORD-100422,1,6,13,2026-06-30T15:06:17+00:00,,in_transit
SHP-0000339,ORD-100423,10,13,11,2026-08-07T21:10:44+00:00,2026-08-11T22:18:02+00:00,delivered
SHP-0000340,ORD-100425,2,18,19,2026-07-30T09:59:45+00:00,2026-08-31T13:26:07+00:00,delivered
SHP-0000341,ORD-100429,17,11,19,2026-05-12T07:28:16+00:00,2026-06-16T19:36:14+00:00,delivered
SHP-0000342,ORD-100430,2,10,20,2026-04-30T21:03:31+00:00,2026-08-31T00:32:55+00:00,delivered
SHP-0000343,ORD-100431,7,3,11,2026-07-18T20:15:30+00:00,2026-08-31T00:43:27+00:00,delivered
SHP-0000344,ORD-100432,4,10,10,2026-04-04T17:44:35+00:00,2026-08-31T03:48:59+00:00,delivered
SHP-0000345,ORD-100434,3,12,1,2026-06-01T10:54:24+00:00,2026-08-31T15:59:48+00:00,delivered
SHP-0000346,ORD-100435,14,13,11,2026-03-30T20:23:12+00:00,2026-08-31T17:49:29+00:00,delivered
SHP-0000347,ORD-100436,2,3,5,2026-06-26T03:38:33+00:00,,in_transit
SHP-0000348,ORD-100438,3,11,11,2026-07-15T03:11:36+00:00,2026-08-31T03:06:16+00:00,delivered
SHP-0000349,ORD-100439,19,9,2,2026-03-23T04:04:06+00:00,,in_transit
SHP-0000350,ORD-100440,1,16,7,2026-03-31T23:45:08+00:00,2026-04-01T20:51:01+00:00,delivered
SHP-0000351,ORD-100442,10,19,7,2026-05-10T23:16:44+00:00,,in_transit
SHP-0000352,ORD-100443,19,7,15,2026-04-20T04:09:46+00:00,2026-08-31T13:06:21+00:00,delivered
SHP-0000353,ORD-100444,4,1,14,2026-06-05T14:10:03+00:00,2026-08-31T13:03:16+00:00,delivered
SHP-0000354,ORD-100445,15,16,8,2026-07-15T14:57:08+00:00,2026-08-31T12:17:10+00:00,delivered
SHP-0000355,ORD-100446,8,1,5,2026-08-16T00:20:49+00:00,2026-08-31T20:31:33+00:00,delivered
SHP-0000356,ORD-100447,18,19,19,2026-06-19T11:06:24+00:00,2026-08-12T21:53:38+00:00,delivered
SHP-0000357,ORD-100448,20,15,5,2026-04-22T07:47:13+00:00,2026-06-20T03:43:35+00:00,delivered
SHP-0000358,ORD-100450,20,14,11,2026-07-19T03:05:32+00:00,2026-08-31T15:52:13+00:00,delivered
SHP-0000359,ORD-100451,8,9,7,2026-07-29T05:52:10+00:00,,in_transit
SHP-0000360,ORD-100452,2,4,7,2026-04-16T11:40:48+00:00,,in_transit
SHP-0000361,ORD-100453,10,18,17,2026-08-24T18:57:58+00:00,2026-08-27T08:45:33+00:00,delivered
SHP-0000362,ORD-100454,11,20,7,2026-06-26T23:51:49+00:00,,in_transit
SHP-0000363,ORD-100455,7,19,5,2026-06-13T01:33:11+00:00,2026-08-02T12:58:41+00:00,delivered
SHP-0000364,ORD-100456,8,18,5,2026-04-04T05:02:27+00:00,,in_transit
SHP-0000365,ORD-100457,7,1,1,2026-04-08T21:44:01+00:00,2026-05-25T10:01:02+00:00,delivered
SHP-0000366,ORD-100458,1,4,17,2026-03-23T20:18:48+00:00,2026-03-24T11:20:24+00:00,delivered
SHP-0000367,ORD-100461,8,9,2,2026-05-25T03:55:25+00:00,2026-08-31T04:04:03+00:00,delivered
SHP-0000368,ORD-100462,17,13,9,2026-04-03T07:09:43+00:00,2026-05-04T16:41:04+00:00,delivered
SHP-0000369,ORD-100463,5,9,3,2026-08-28T14:55:02+00:00,2026-08-30T03:19:49+00:00,delivered
SHP-0000370,ORD-100464,10,9,10,2026-08-10T16:36:52+00:00,2026-08-18T12:19:26+00:00,delivered
SHP-0000371,ORD-100465,17,2,10,2026-03-09T21:40:03+00:00,2026-04-06T21:44:21+00:00,delivered
SHP-0000372,ORD-100466,8,17,15,2026-04-23T23:56:50+00:00,2026-08-31T22:38:29+00:00,delivered
SHP-0000373,ORD-100467,18,15,17,2026-03-14T13:49:35+00:00,2026-05-08T10:24:06+00:00,delivered
SHP-0000374,ORD-100470,3,6,7,2026-04-03T19:38:32+00:00,2026-07-03T05:52:46+00:00,delivered
SHP-0000375,ORD-100471,3,13,14,2026-05-03T13:50:47+00:00,2026-07-30T10:15:31+00:00,delivered
SHP-0000376,ORD-100473,1,17,18,2026-06-09T05:27:36+00:00,,in_transit
SHP-0000377,ORD-100474,16,7,11,2026-08-10T09:15:30+00:00,2026-08-31T16:28:49+00:00,delivered
SHP-0000378,ORD-100476,10,20,15,2026-05-16T02:56:33+00:00,2026-05-21T17:41:38+00:00,delivered
SHP-0000379,ORD-100477,5,8,10,2026-07-17T04:49:27+00:00,2026-07-18T05:53:49+00:00,delivered
SHP-0000380,ORD-100479,18,19,20,2026-04-30T13:21:01+00:00,2026-06-23T21:07:09+00:00,delivered
SHP-0000381,ORD-100480,5,5,7,2026-06-14T16:20:36+00:00,2026-06-19T03:43:53+00:00,delivered
SHP-0000382,ORD-100481,4,17,14,2026-05-05T19:25:58+00:00,2026-08-31T07:00:00+00:00,delivered
SHP-0000383,ORD-100483,17,14,5,2026-03-18T01:46:23+00:00,2026-04-18T18:28:41+00:00,delivered
SHP-0000384,ORD-100487,7,17,11,2026-05-29T04:29:31+00:00,2026-07-14T13:15:52+00:00,delivered
SHP-0000385,ORD-100488,19,10,17,2026-05-30T01:52:06+00:00,2026-08-31T04:55:25+00:00,delivered
SHP-0000386,ORD-100490,15,17,14,2026-07-07T05:36:34+00:00,2026-08-31T20:12:16+00:00,delivered
SHP-0000387,ORD-100491,16,1,16,2026-08-25T22:37:34+00:00,2026-08-31T18:48:28+00:00,delivered
SHP-0000388,ORD-100492,14,13,18,2026-06-13T04:05:42+00:00,2026-08-31T11:48:00+00:00,delivered
SHP-0000389,ORD-100493,6,3,17,2026-04-28T20:49:59+00:00,2026-08-28T12:36:09+00:00,delivered
SHP-0000390,ORD-100496,18,15,16,2026-07-10T19:34:31+00:00,2026-08-28T19:04:46+00:00,delivered
SHP-0000391,ORD-100497,18,13,6,2026-04-09T21:40:50+00:00,2026-06-01T21:33:00+00:00,delivered
SHP-0000392,ORD-100498,12,12,9,2026-03-17T08:11:59+00:00,2026-03-21T23:21:54+00:00,delivered
SHP-0000393,ORD-100499,13,18,19,2026-06-28T03:21:25+00:00,2026-08-31T07:55:12+00:00,delivered
SHP-0000394,ORD-100500,9,8,11,2026-03-24T16:38:50+00:00,2026-03-26T12:37:14+00:00,delivered
SHP-0000395,ORD-100501,12,1,20,2026-03-29T10:48:31+00:00,,in_transit
SHP-0000396,ORD-100502,10,9,2,2026-05-07T02:53:23+00:00,,in_transit
SHP-0000397,ORD-100504,7,3,2,2026-06-17T11:11:29+00:00,2026-07-31T09:49:50+00:00,delivered
SHP-0000398,ORD-100506,17,9,10,2026-07-23T05:08:31+00:00,2026-08-26T14:34:28+00:00,delivered
SHP-0000399,ORD-100507,11,1,5,2026-07-10T00:56:02+00:00,2026-07-11T22:27:21+00:00,delivered
SHP-0000400,ORD-100508,5,18,6,2026-05-19T21:06:18+00:00,2026-05-21T20:40:27+00:00,delivered
SHP-0000401,ORD-100509,10,17,6,2026-07-13T11:18:13+00:00,2026-07-14T04:23:54+00:00,delivered
SHP-0000402,ORD-100510,17,6,7,2026-04-26T22:35:29+00:00,2026-05-27T13:16:31+00:00,delivered
SHP-0000403,ORD-100511,1,18,9,2026-07-17T15:08:24+00:00,,in_transit
SHP-0000404,ORD-100512,19,6,3,2026-03-10T14:43:13+00:00,2026-08-31T03:41:30+00:00,delivered
SHP-0000405,ORD-100513,15,3,10,2026-08-31T07:35:35+00:00,2026-08-31T21:54:37+00:00,delivered
SHP-0000406,ORD-100514,8,16,20,2026-04-14T22:46:07+00:00,2026-08-31T18:51:49+00:00,delivered
SHP-0000407,ORD-100515,15,16,11,2026-08-04T04:37:35+00:00,2026-08-31T23:07:13+00:00,delivered
SHP-0000408,ORD-100516,8,20,15,2026-04-05T16:32:32+00:00,,in_transit
SHP-0000409,ORD-100517,15,19,11,2026-05-31T03:29:04+00:00,2026-08-31T18:54:50+00:00,delivered
SHP-0000410,ORD-100518,6,7,1,2026-04-26T18:26:30+00:00,2026-08-25T01:39:52+00:00,delivered
SHP-0000411,ORD-100519,7,5,2,2026-08-24T03:38:49+00:00,2026-08-31T13:29:48+00:00,delivered
SHP-0000412,ORD-100521,11,6,15,2026-08-19T20:56:42+00:00,2026-08-22T17:00:42+00:00,delivered
SHP-0000413,ORD-100522,17,17,5,2026-03-30T10:55:00+00:00,,in_transit
SHP-0000414,ORD-100523,11,3,1,2026-04-06T06:45:42+00:00,,in_transit
SHP-0000415,ORD-100525,18,16,8,2026-05-25T17:31:17+00:00,2026-07-13T11:39:10+00:00,delivered
SHP-0000416,ORD-100526,6,6,1,2026-08-02T07:44:45+00:00,2026-08-31T10:16:55+00:00,delivered
SHP-0000417,ORD-100528,9,18,8,2026-07-02T03:28:25+00:00,2026-07-03T23:50:26+00:00,delivered
SHP-0000418,ORD-100529,3,4,11,2026-07-07T22:03:29+00:00,,in_transit
SHP-0000419,ORD-100532,14,15,9,2026-04-17T13:56:25+00:00,2026-08-31T05:52:51+00:00,delivered
SHP-0000420,ORD-100533,5,9,2,2026-03-24T00:47:41+00:00,2026-03-30T21:29:07+00:00,delivered
SHP-0000421,ORD-100534,19,2,9,2026-05-03T19:38:32+00:00,2026-08-31T10:50:11+00:00,delivered
SHP-0000422,ORD-100535,19,10,4,2026-05-17T13:58:24+00:00,2026-08-31T12:38:35+00:00,delivered
SHP-0000423,ORD-100536,5,4,20,2026-04-28T14:51:00+00:00,2026-05-01T18:36:58+00:00,delivered
SHP-0000424,ORD-100537,9,20,19,2026-04-13T16:38:32+00:00,2026-04-18T21:44:48+00:00,delivered
SHP-0000425,ORD-100538,19,3,18,2026-06-26T12:57:16+00:00,2026-08-31T21:32:01+00:00,delivered
SHP-0000426,ORD-100539,18,9,18,2026-04-06T01:26:30+00:00,,in_transit
SHP-0000427,ORD-100541,17,2,16,2026-04-09T17:41:15+00:00,2026-05-13T03:22:27+00:00,delivered
SHP-0000428,ORD-100542,16,2,20,2026-05-15T13:44:40+00:00,2026-08-31T05:18:40+00:00,delivered
SHP-0000429,ORD-100543,20,18,11,2026-06-06T03:24:09+00:00,2026-08-04T14:00:09+00:00,delivered
SHP-0000430,ORD-100544,12,14,5,2026-07-30T08:25:30+00:00,2026-08-04T19:02:56+00:00,delivered
SHP-0000431,ORD-100545,17,8,7,2026-06-23T15:46:26+00:00,2026-07-24T22:26:06+00:00,delivered
SHP-0000432,ORD-100549,3,13,19,2026-06-25T09:44:57+00:00,,in_transit
SHP-0000433,ORD-100550,11,18,18,2026-05-29T12:13:26+00:00,2026-05-30T07:53:38+00:00,delivered
SHP-0000434,ORD-100553,9,19,15,2026-07-23T09:49:20+00:00,2026-07-28T17:57:01+00:00,delivered
SHP-0000435,ORD-100554,7,10,2,2026-07-11T03:25:40+00:00,2026-08-25T13:21:44+00:00,delivered
SHP-0000436,ORD-100555,20,16,16,2026-08-05T09:25:08+00:00,2026-08-31T14:27:56+00:00,delivered
SHP-0000437,ORD-100557,17,12,15,2026-08-12T00:59:51+00:00,2026-08-31T05:36:38+00:00,delivered
SHP-0000438,ORD-100559,2,10,5,2026-04-23T03:42:35+00:00,2026-08-31T08:32:11+00:00,delivered
SHP-0000439,ORD-100560,8,5,15,2026-07-08T09:49:34+00:00,2026-08-31T03:08:12+00:00,delivered
SHP-0000440,ORD-100562,1,8,11,2026-08-18T23:34:32+00:00,2026-08-20T01:24:38+00:00,delivered
SHP-0000441,ORD-100563,9,13,15,2026-08-10T15:32:18+00:00,2026-08-11T16:04:45+00:00,delivered
SHP-0000442,ORD-100564,3,20,20,2026-06-18T06:28:45+00:00,2026-08-31T22:04:30+00:00,delivered
SHP-0000443,ORD-100565,4,19,5,2026-03-05T15:06:17+00:00,2026-08-25T09:20:30+00:00,delivered
SHP-0000444,ORD-100566,5,6,19,2026-05-07T06:11:33+00:00,2026-05-13T00:25:58+00:00,delivered
SHP-0000445,ORD-100567,2,17,13,2026-08-31T14:27:24+00:00,2026-08-31T00:04:44+00:00,delivered
SHP-0000446,ORD-100568,2,11,8,2026-03-11T20:05:37+00:00,2026-08-31T17:18:59+00:00,delivered
SHP-0000447,ORD-100569,2,1,15,2026-07-03T12:58:11+00:00,,in_transit
SHP-0000448,ORD-100571,13,7,14,2026-06-06T13:35:12+00:00,2026-08-31T11:49:35+00:00,delivered
SHP-0000449,ORD-100572,18,16,20,2026-04-09T02:23:01+00:00,2026-05-28T15:33:43+00:00,delivered
SHP-0000450,ORD-100573,19,3,5,2026-06-19T13:56:44+00:00,,in_transit
SHP-0000451,ORD-100574,12,17,11,2026-06-26T03:29:31+00:00,2026-06-29T14:23:21+00:00,delivered
SHP-0000452,ORD-100576,5,5,5,2026-06-23T11:31:53+00:00,,in_transit
SHP-0000453,ORD-100577,19,16,6,2026-03-06T16:10:58+00:00,2026-08-31T08:54:55+00:00,delivered
SHP-0000454,ORD-100578,20,15,8,2026-05-26T02:08:26+00:00,2026-07-25T05:44:16+00:00,delivered
SHP-0000455,ORD-100579,13,4,3,2026-07-20T10:11:27+00:00,2026-08-31T14:56:51+00:00,delivered
SHP-0000456,ORD-100580,2,3,17,2026-06-04T18:50:19+00:00,,in_transit
SHP-0000457,ORD-100581,11,9,16,2026-08-28T03:26:53+00:00,2026-08-31T04:38:16+00:00,delivered
SHP-0000458,ORD-100582,3,2,5,2026-08-10T11:49:35+00:00,2026-08-31T01:16:21+00:00,delivered
SHP-0000459,ORD-100583,20,14,17,2026-06-13T01:25:55+00:00,,in_transit
SHP-0000460,ORD-100585,17,15,9,2026-04-21T22:03:25+00:00,2026-05-24T01:28:52+00:00,delivered
SHP-0000461,ORD-100586,15,16,10,2026-08-09T23:01:42+00:00,2026-08-31T10:06:02+00:00,delivered
SHP-0000462,ORD-100588,13,15,11,2026-03-15T18:22:55+00:00,2026-08-31T21:08:11+00:00,delivered
SHP-0000463,ORD-100589,1,20,11,2026-04-13T01:28:18+00:00,2026-04-16T14:40:56+00:00,delivered
SHP-0000464,ORD-100590,16,19,4,2026-03-29T00:17:22+00:00,2026-08-31T06:44:57+00:00,delivered
SHP-0000465,ORD-100591,2,8,12,2026-04-27T21:36:21+00:00,2026-08-31T11:48:48+00:00,delivered
SHP-0000466,ORD-100592,2,7,19,2026-06-04T09:19:37+00:00,2026-08-31T22:56:13+00:00,delivered
SHP-0000467,ORD-100594,13,6,19,2026-05-23T22:49:09+00:00,,in_transit
SHP-0000468,ORD-100595,8,8,5,2026-05-19T19:59:00+00:00,2026-08-31T12:25:28+00:00,delivered
SHP-0000469,ORD-100596,11,8,8,2026-06-27T13:42:51+00:00,2026-07-01T05:25:02+00:00,delivered
SHP-0000470,ORD-100597,1,4,3,2026-08-27T11:53:10+00:00,,in_transit
SHP-0000471,ORD-100598,18,3,19,2026-03-05T10:36:47+00:00,,in_transit
SHP-0000472,ORD-100599,16,9,11,2026-04-15T09:55:03+00:00,2026-08-31T05:51:32+00:00,delivered
SHP-0000473,ORD-100603,4,19,4,2026-05-04T19:34:14+00:00,2026-08-31T14:22:25+00:00,delivered
SHP-0000474,ORD-100605,19,19,3,2026-07-15T06:07:26+00:00,,in_transit
SHP-0000475,ORD-100607,9,5,6,2026-05-19T12:08:27+00:00,2026-05-25T05:29:12+00:00,delivered
SHP-0000476,ORD-100611,7,19,9,2026-03-11T15:21:50+00:00,2026-04-30T23:24:58+00:00,delivered
SHP-0000477,ORD-100612,13,10,12,2026-07-31T00:34:44+00:00,2026-08-31T02:11:21+00:00,delivered
SHP-0000478,ORD-100613,19,5,8,2026-05-26T11:49:45+00:00,2026-08-31T14:55:17+00:00,delivered
SHP-0000479,ORD-100614,4,10,11,2026-05-09T09:13:45+00:00,,in_transit
SHP-0000480,ORD-100615,15,18,15,2026-07-25T02:58:59+00:00,2026-08-31T03:05:23+00:00,delivered
SHP-0000481,ORD-100616,9,5,8,2026-05-24T14:29:28+00:00,,in_transit
SHP-0000482,ORD-100617,19,18,3,2026-06-20T00:59:59+00:00,2026-08-31T04:52:28+00:00,delivered
SHP-0000483,ORD-100618,11,7,4,2026-08-15T13:01:38+00:00,2026-08-19T05:20:29+00:00,delivered
SHP-0000484,ORD-100619,8,1,20,2026-07-28T20:11:36+00:00,2026-08-31T05:58:46+00:00,delivered
SHP-0000485,ORD-100620,16,3,17,2026-05-04T11:02:30+00:00,2026-08-31T07:27:27+00:00,delivered
SHP-0000486,ORD-100621,3,13,4,2026-03-14T11:41:54+00:00,2026-06-10T15:07:09+00:00,delivered
SHP-0000487,ORD-100622,8,13,16,2026-07-24T06:20:28+00:00,2026-08-31T17:55:16+00:00,delivered
SHP-0000488,ORD-100623,9,6,12,2026-04-04T12:03:24+00:00,,in_transit
SHP-0000489,ORD-100624,20,11,8,2026-05-29T17:19:49+00:00,,in_transit
SHP-0000490,ORD-100625,18,13,8,2026-05-24T18:53:46+00:00,,in_transit
SHP-0000491,ORD-100627,3,2,16,2026-07-25T00:51:08+00:00,2026-08-31T11:51:11+00:00,delivered
SHP-0000492,ORD-100628,9,8,14,2026-04-14T19:25:29+00:00,2026-04-18T02:12:36+00:00,delivered
SHP-0000493,ORD-100629,19,1,15,2026-08-14T10:44:36+00:00,2026-08-31T20:24:43+00:00,delivered
SHP-0000494,ORD-100630,18,17,19,2026-08-09T20:21:11+00:00,2026-08-31T09:12:01+00:00,delivered
SHP-0000495,ORD-100632,16,8,12,2026-03-04T10:44:14+00:00,2026-08-31T01:01:26+00:00,delivered
SHP-0000496,ORD-100633,7,13,8,2026-03-13T10:13:03+00:00,2026-04-30T04:36:44+00:00,delivered
SHP-0000497,ORD-100634,12,18,19,2026-08-02T10:39:25+00:00,2026-08-08T16:39:54+00:00,delivered
SHP-0000498,ORD-100635,10,17,18,2026-06-17T05:09:14+00:00,2026-06-22T13:16:01+00:00,delivered
SHP-0000499,ORD-100636,19,17,12,2026-05-26T06:18:40+00:00,2026-08-31T15:20:19+00:00,delivered
SHP-0000500,ORD-100637,14,3,5,2026-06-06T23:39:14+00:00,2026-08-31T09:24:59+00:00,delivered
SHP-0000501,ORD-100638,2,13,7,2026-03-11T10:37:21+00:00,,in_transit
SHP-0000502,ORD-100639,16,10,6,2026-03-04T06:53:26+00:00,2026-08-31T01:56:13+00:00,delivered
SHP-0000503,ORD-100640,5,13,18,2026-03-12T00:02:35+00:00,2026-03-17T16:47:44+00:00,delivered
SHP-0000504,ORD-100641,11,2,10,2026-08-31T06:53:20+00:00,2026-08-31T14:16:12+00:00,delivered
SHP-0000505,ORD-100642,5,17,5,2026-04-30T19:50:14+00:00,2026-05-01T06:12:08+00:00,delivered
SHP-0000506,ORD-100644,5,5,2,2026-07-02T04:34:18+00:00,2026-07-05T22:58:50+00:00,delivered
SHP-0000507,ORD-100645,3,16,16,2026-07-29T10:52:16+00:00,2026-08-31T23:49:06+00:00,delivered
SHP-0000508,ORD-100646,4,11,13,2026-08-09T12:48:34+00:00,2026-08-31T18:50:44+00:00,delivered
SHP-0000509,ORD-100647,9,12,18,2026-07-09T13:51:58+00:00,2026-07-16T16:02:15+00:00,delivered
SHP-0000510,ORD-100648,20,4,16,2026-03-16T03:11:11+00:00,2026-05-18T05:38:20+00:00,delivered
SHP-0000511,ORD-100649,16,19,13,2026-06-11T06:58:12+00:00,2026-08-31T21:51:16+00:00,delivered
SHP-0000512,ORD-100650,1,3,20,2026-08-28T10:12:50+00:00,2026-08-31T16:43:22+00:00,delivered
SHP-0000513,ORD-100651,15,8,9,2026-07-08T05:28:58+00:00,,in_transit
SHP-0000514,ORD-100652,16,6,5,2026-05-22T18:18:07+00:00,2026-08-31T20:23:36+00:00,delivered
SHP-0000515,ORD-100653,11,20,10,2026-06-15T21:48:11+00:00,,in_transit
SHP-0000516,ORD-100655,6,14,18,2026-03-18T13:34:31+00:00,2026-07-19T17:09:55+00:00,delivered
SHP-0000517,ORD-100657,6,4,20,2026-07-26T13:46:08+00:00,2026-08-31T23:19:49+00:00,delivered
SHP-0000518,ORD-100658,10,4,10,2026-08-17T23:31:32+00:00,,in_transit
SHP-0000519,ORD-100659,4,1,2,2026-03-25T07:56:27+00:00,2026-08-31T03:47:35+00:00,delivered
SHP-0000520,ORD-100660,14,9,8,2026-03-09T16:57:15+00:00,2026-08-31T10:51:11+00:00,delivered
SHP-0000521,ORD-100661,1,13,7,2026-06-02T06:52:30+00:00,2026-06-04T16:39:57+00:00,delivered
SHP-0000522,ORD-100662,3,4,18,2026-07-09T16:46:14+00:00,2026-08-31T22:38:09+00:00,delivered
SHP-0000523,ORD-100663,6,2,14,2026-06-29T20:46:23+00:00,2026-08-31T15:24:06+00:00,delivered
SHP-0000524,ORD-100664,6,19,18,2026-03-04T20:15:34+00:00,2026-07-01T11:37:26+00:00,delivered
SHP-0000525,ORD-100665,10,9,14,2026-05-30T20:40:00+00:00,2026-06-05T10:14:38+00:00,delivered
SHP-0000526,ORD-100666,15,20,15,2026-05-18T09:43:43+00:00,2026-08-31T17:00:35+00:00,delivered
SHP-0000527,ORD-100667,9,15,17,2026-07-23T20:21:13+00:00,2026-07-29T14:15:18+00:00,delivered
SHP-0000528,ORD-100668,19,4,2,2026-07-19T05:25:08+00:00,2026-08-31T00:20:10+00:00,delivered
SHP-0000529,ORD-100669,2,16,9,2026-06-12T23:06:35+00:00,2026-08-31T19:38:47+00:00,delivered
SHP-0000530,ORD-100671,13,2,17,2026-03-30T15:58:46+00:00,2026-08-31T13:28:36+00:00,delivered
SHP-0000531,ORD-100672,4,11,14,2026-07-15T17:57:59+00:00,2026-08-31T12:30:17+00:00,delivered
SHP-0000532,ORD-100673,12,8,7,2026-04-13T20:41:42+00:00,2026-04-16T19:00:21+00:00,delivered
SHP-0000533,ORD-100674,15,5,10,2026-03-09T10:46:22+00:00,,in_transit
SHP-0000534,ORD-100675,4,9,18,2026-04-14T20:34:46+00:00,2026-08-31T05:27:49+00:00,delivered
SHP-0000535,ORD-100676,20,11,16,2026-05-30T11:39:05+00:00,2026-07-28T12:07:32+00:00,delivered
SHP-0000536,ORD-100677,3,10,15,2026-03-18T16:46:47+00:00,2026-06-17T11:49:09+00:00,delivered
SHP-0000537,ORD-100678,10,11,8,2026-03-31T15:32:34+00:00,2026-04-05T19:13:02+00:00,delivered
SHP-0000538,ORD-100680,6,3,11,2026-06-21T05:07:28+00:00,2026-08-31T05:20:43+00:00,delivered
SHP-0000539,ORD-100681,10,6,19,2026-06-16T12:37:59+00:00,2026-06-24T14:47:24+00:00,delivered
SHP-0000540,ORD-100682,10,2,4,2026-04-28T01:34:38+00:00,,in_transit
SHP-0000541,ORD-100683,11,20,20,2026-07-03T23:29:37+00:00,,in_transit
SHP-0000542,ORD-100684,15,18,7,2026-04-15T20:38:58+00:00,2026-08-31T04:19:33+00:00,delivered
SHP-0000543,ORD-100686,4,19,8,2026-03-23T19:31:53+00:00,,in_transit
SHP-0000544,ORD-100688,12,13,1,2026-05-21T23:47:07+00:00,,in_transit
SHP-0000545,ORD-100689,19,2,5,2026-05-04T09:13:45+00:00,2026-08-31T01:18:20+00:00,delivered
SHP-0000546,ORD-100691,19,13,8,2026-05-04T18:31:36+00:00,,in_transit
SHP-0000547,ORD-100692,12,1,11,2026-05-29T07:18:11+00:00,2026-06-06T20:24:26+00:00,delivered
SHP-0000548,ORD-100693,3,18,1,2026-06-06T04:31:13+00:00,2026-08-31T06:42:35+00:00,delivered
SHP-0000549,ORD-100694,9,8,19,2026-04-08T10:50:13+00:00,2026-04-09T16:48:37+00:00,delivered
SHP-0000550,ORD-100695,19,8,11,2026-06-16T17:47:57+00:00,2026-08-31T11:07:54+00:00,delivered
SHP-0000551,ORD-100697,13,15,12,2026-05-12T16:14:46+00:00,2026-08-31T06:35:30+00:00,delivered
SHP-0000552,ORD-100698,7,14,1,2026-06-15T05:34:08+00:00,2026-07-29T11:12:32+00:00,delivered
SHP-0000553,ORD-100699,5,16,19,2026-05-30T22:17:06+00:00,,in_transit
SHP-0000554,ORD-100700,7,4,5,2026-04-12T04:48:17+00:00,,in_transit
SHP-0000555,ORD-100701,15,1,9,2026-03-10T22:41:43+00:00,2026-08-31T04:11:18+00:00,delivered
SHP-0000556,ORD-100703,15,16,20,2026-08-28T10:01:03+00:00,2026-08-31T00:21:29+00:00,delivered
SHP-0000557,ORD-100706,11,5,6,2026-08-30T11:09:05+00:00,2026-08-31T09:18:54+00:00,delivered
SHP-0000558,ORD-100707,13,12,11,2026-03-07T03:14:59+00:00,,in_transit
SHP-0000559,ORD-100709,18,13,2,2026-07-30T00:32:33+00:00,2026-08-31T04:13:29+00:00,delivered
SHP-0000560,ORD-100710,10,10,20,2026-06-27T18:08:05+00:00,,in_transit
SHP-0000561,ORD-100712,15,1,1,2026-03-12T17:33:24+00:00,2026-08-31T06:00:03+00:00,delivered
SHP-0000562,ORD-100714,13,8,2,2026-07-27T01:01:58+00:00,2026-08-31T15:16:24+00:00,delivered
SHP-0000563,ORD-100715,19,20,18,2026-07-13T20:23:44+00:00,,in_transit
SHP-0000564,ORD-100716,11,20,20,2026-07-10T08:18:37+00:00,,in_transit
SHP-0000565,ORD-100717,9,5,8,2026-06-13T16:28:38+00:00,2026-06-14T22:32:09+00:00,delivered
SHP-0000566,ORD-100718,10,11,5,2026-03-04T14:14:50+00:00,,in_transit
SHP-0000567,ORD-100719,7,4,18,2026-06-15T03:43:26+00:00,2026-07-30T17:44:21+00:00,delivered
SHP-0000568,ORD-100721,8,6,7,2026-03-16T04:36:47+00:00,,in_transit
SHP-0000569,ORD-100722,14,3,11,2026-03-20T07:00:23+00:00,2026-08-31T00:06:39+00:00,delivered
SHP-0000570,ORD-100723,7,13,15,2026-05-22T00:32:25+00:00,2026-07-06T14:42:11+00:00,delivered
SHP-0000571,ORD-100724,13,17,10,2026-05-30T16:36:30+00:00,2026-08-31T13:59:06+00:00,delivered
SHP-0000572,ORD-100725,5,6,12,2026-04-04T08:36:50+00:00,,in_transit
SHP-0000573,ORD-100726,1,14,8,2026-06-14T09:14:21+00:00,2026-06-15T14:15:00+00:00,delivered
SHP-0000574,ORD-100727,19,9,3,2026-05-14T23:11:15+00:00,2026-08-31T11:19:12+00:00,delivered
SHP-0000575,ORD-100728,4,18,19,2026-08-30T19:38:58+00:00,2026-08-31T03:38:28+00:00,delivered
SHP-0000576,ORD-100729,3,2,4,2026-03-24T20:48:24+00:00,2026-06-27T20:35:26+00:00,delivered
SHP-0000577,ORD-100730,12,16,6,2026-08-25T17:33:43+00:00,2026-08-29T22:07:01+00:00,delivered
SHP-0000578,ORD-100731,17,19,13,2026-03-02T08:30:31+00:00,2026-04-02T21:38:56+00:00,delivered
SHP-0000579,ORD-100732,4,6,10,2026-07-17T17:00:43+00:00,,in_transit
SHP-0000580,ORD-100733,18,16,1,2026-06-04T12:51:28+00:00,2026-07-27T14:16:25+00:00,delivered
SHP-0000581,ORD-100734,12,1,16,2026-03-19T00:13:12+00:00,2026-03-25T04:24:04+00:00,delivered
SHP-0000582,ORD-100735,2,3,1,2026-08-16T10:54:14+00:00,2026-08-31T23:27:38+00:00,delivered
SHP-0000583,ORD-100736,5,9,16,2026-03-27T13:16:49+00:00,2026-03-31T00:52:07+00:00,delivered
SHP-0000584,ORD-100737,16,4,5,2026-07-09T07:37:23+00:00,2026-08-31T15:21:51+00:00,delivered
SHP-0000585,ORD-100738,19,10,14,2026-07-07T23:53:23+00:00,2026-08-31T00:09:18+00:00,delivered
SHP-0000586,ORD-100739,9,9,16,2026-06-20T17:41:48+00:00,2026-06-27T03:23:24+00:00,delivered
SHP-0000587,ORD-100740,16,6,13,2026-08-21T01:10:36+00:00,2026-08-31T22:29:42+00:00,delivered
SHP-0000588,ORD-100741,11,13,7,2026-05-08T04:30:04+00:00,2026-05-10T00:28:41+00:00,delivered
SHP-0000589,ORD-100742,7,17,17,2026-05-28T12:37:43+00:00,,in_transit
SHP-0000590,ORD-100743,6,11,7,2026-03-17T21:41:47+00:00,2026-07-19T08:49:00+00:00,delivered
SHP-0000591,ORD-100745,16,3,15,2026-04-24T11:41:56+00:00,2026-08-31T03:06:48+00:00,delivered
SHP-0000592,ORD-100747,19,2,14,2026-07-21T17:01:55+00:00,,in_transit
SHP-0000593,ORD-100748,15,4,15,2026-06-29T05:36:17+00:00,2026-08-31T18:14:54+00:00,delivered
SHP-0000594,ORD-100749,14,4,13,2026-05-02T07:22:41+00:00,2026-08-31T05:57:36+00:00,delivered
SHP-0000595,ORD-100750,10,1,17,2026-07-25T17:27:19+00:00,2026-07-31T00:28:46+00:00,delivered
SHP-0000596,ORD-100752,20,11,12,2026-03-11T01:07:39+00:00,,in_transit
SHP-0000597,ORD-100753,8,6,19,2026-05-27T13:08:00+00:00,2026-08-31T07:25:58+00:00,delivered
SHP-0000598,ORD-100754,1,15,10,2026-05-30T18:23:17+00:00,2026-06-04T06:04:30+00:00,delivered
SHP-0000599,ORD-100755,3,9,16,2026-03-05T10:09:42+00:00,2026-06-07T04:27:54+00:00,delivered
SHP-0000600,ORD-100756,13,18,9,2026-05-07T10:55:08+00:00,2026-08-31T21:47:56+00:00,delivered
SHP-0000601,ORD-100757,2,2,17,2026-04-21T14:31:58+00:00,,in_transit
SHP-0000602,ORD-100759,16,11,14,2026-08-12T22:50:30+00:00,2026-08-31T23:34:10+00:00,delivered
SHP-0000603,ORD-100761,6,14,7,2026-07-24T18:48:16+00:00,,in_transit
SHP-0000604,ORD-100762,1,14,13,2026-03-25T05:53:44+00:00,2026-03-26T19:44:41+00:00,delivered
SHP-0000605,ORD-100763,2,6,5,2026-04-05T05:19:53+00:00,2026-08-31T06:34:39+00:00,delivered
SHP-0000606,ORD-100765,16,3,15,2026-06-22T13:42:09+00:00,2026-08-31T06:17:27+00:00,delivered
SHP-0000607,ORD-100767,12,9,14,2026-05-13T02:30:20+00:00,2026-05-19T05:39:02+00:00,delivered
SHP-0000608,ORD-100768,4,7,17,2026-07-11T12:36:16+00:00,2026-08-31T13:49:21+00:00,delivered
SHP-0000609,ORD-100769,19,9,3,2026-03-05T20:00:00+00:00,,in_transit
SHP-0000610,ORD-100770,11,14,4,2026-04-30T09:14:29+00:00,2026-05-01T09:31:54+00:00,delivered
SHP-0000611,ORD-100771,17,5,13,2026-05-09T07:25:35+00:00,,in_transit
SHP-0000612,ORD-100772,12,2,15,2026-08-17T20:53:53+00:00,2026-08-19T16:19:21+00:00,delivered
SHP-0000613,ORD-100773,13,16,15,2026-03-08T21:13:01+00:00,2026-08-31T06:01:25+00:00,delivered
SHP-0000614,ORD-100774,16,17,15,2026-08-30T16:41:32+00:00,2026-08-31T02:39:01+00:00,delivered
SHP-0000615,ORD-100775,11,10,19,2026-04-27T04:08:53+00:00,2026-05-02T00:54:42+00:00,delivered
SHP-0000616,ORD-100776,15,3,13,2026-03-17T05:36:59+00:00,,in_transit
SHP-0000617,ORD-100777,1,8,15,2026-07-01T02:29:47+00:00,,in_transit
SHP-0000618,ORD-100778,18,8,11,2026-06-20T09:43:40+00:00,2026-08-10T02:43:49+00:00,delivered
SHP-0000619,ORD-100779,1,17,9,2026-04-01T21:50:15+00:00,2026-04-02T08:14:35+00:00,delivered
SHP-0000620,ORD-100780,5,17,19,2026-08-28T01:06:24+00:00,2026-08-30T21:07:21+00:00,delivered
SHP-0000621,ORD-100781,9,18,2,2026-07-28T16:40:57+00:00,2026-07-31T00:32:40+00:00,delivered
SHP-0000622,ORD-100782,15,15,9,2026-04-13T02:04:26+00:00,2026-08-31T18:11:41+00:00,delivered
SHP-0000623,ORD-100783,1,6,14,2026-06-18T06:43:57+00:00,2026-06-24T01:40:48+00:00,delivered
SHP-0000624,ORD-100784,9,10,5,2026-05-11T09:10:42+00:00,,in_transit
SHP-0000625,ORD-100785,7,12,12,2026-06-15T07:44:48+00:00,2026-07-30T22:19:02+00:00,delivered
SHP-0000626,ORD-100786,9,5,8,2026-07-09T13:02:24+00:00,2026-07-15T13:09:12+00:00,delivered
SHP-0000627,ORD-100787,15,9,6,2026-08-05T19:33:24+00:00,2026-08-31T04:47:03+00:00,delivered
SHP-0000628,ORD-100788,6,20,18,2026-06-17T07:13:20+00:00,2026-08-31T18:58:47+00:00,delivered
SHP-0000629,ORD-100789,18,9,20,2026-07-04T07:06:20+00:00,2026-08-23T01:33:55+00:00,delivered
SHP-0000630,ORD-100790,20,3,10,2026-07-16T23:41:42+00:00,2026-08-31T19:46:47+00:00,delivered
SHP-0000631,ORD-100791,2,20,18,2026-05-13T13:41:20+00:00,2026-08-31T04:02:37+00:00,delivered
SHP-0000632,ORD-100792,13,20,13,2026-05-19T04:58:36+00:00,,in_transit
SHP-0000633,ORD-100793,18,14,19,2026-03-11T10:30:09+00:00,2026-05-04T03:59:33+00:00,delivered
SHP-0000634,ORD-100794,10,2,16,2026-03-05T15:31:12+00:00,2026-03-11T12:06:00+00:00,delivered
SHP-0000635,ORD-100795,6,19,20,2026-03-20T23:04:37+00:00,2026-07-21T19:47:53+00:00,delivered
SHP-0000636,ORD-100796,17,10,18,2026-07-04T19:00:49+00:00,,in_transit
SHP-0000637,ORD-100798,20,3,4,2026-03-21T10:57:53+00:00,2026-05-18T11:22:34+00:00,delivered
SHP-0000638,ORD-100799,9,4,18,2026-05-10T08:01:48+00:00,2026-05-14T10:57:19+00:00,delivered
SHP-0000639,ORD-100800,20,18,18,2026-08-31T12:43:17+00:00,2026-08-31T07:32:23+00:00,delivered
SHP-0000640,ORD-100801,1,20,7,2026-08-18T06:46:15+00:00,2026-08-21T22:27:45+00:00,delivered
SHP-0000641,ORD-100802,14,2,20,2026-04-05T05:02:43+00:00,,in_transit
SHP-0000642,ORD-100803,4,4,20,2026-08-03T20:25:02+00:00,2026-08-31T05:42:07+00:00,delivered
SHP-0000643,ORD-100804,15,2,18,2026-08-25T21:57:43+00:00,2026-08-31T23:44:50+00:00,delivered
SHP-0000644,ORD-100805,5,11,19,2026-08-13T12:59:00+00:00,2026-08-14T13:11:15+00:00,delivered
SHP-0000645,ORD-100807,13,1,7,2026-06-11T18:02:37+00:00,,in_transit
SHP-0000646,ORD-100808,6,19,15,2026-03-19T22:38:23+00:00,2026-07-18T14:48:23+00:00,delivered
SHP-0000647,ORD-100809,4,19,5,2026-07-29T01:20:18+00:00,2026-08-31T08:51:17+00:00,delivered
SHP-0000648,ORD-100810,18,10,11,2026-08-05T12:25:10+00:00,2026-08-31T16:13:18+00:00,delivered
SHP-0000649,ORD-100811,20,10,15,2026-08-25T20:09:48+00:00,2026-08-31T00:28:00+00:00,delivered
SHP-0000650,ORD-100814,13,19,18,2026-05-08T12:27:47+00:00,2026-08-31T20:59:33+00:00,delivered
SHP-0000651,ORD-100815,13,16,16,2026-07-28T23:05:34+00:00,,in_transit
SHP-0000652,ORD-100816,8,5,7,2026-03-03T18:55:25+00:00,2026-08-31T06:50:43+00:00,delivered
SHP-0000653,ORD-100817,9,6,9,2026-03-14T05:28:30+00:00,,in_transit
SHP-0000654,ORD-100818,20,17,9,2026-08-30T09:08:13+00:00,,in_transit
SHP-0000655,ORD-100820,3,4,1,2026-05-27T00:45:53+00:00,2026-08-24T06:35:14+00:00,delivered
SHP-0000656,ORD-100821,10,1,7,2026-05-04T17:23:03+00:00,,in_transit
SHP-0000657,ORD-100822,13,12,17,2026-03-12T05:27:29+00:00,2026-08-31T15:50:48+00:00,delivered
SHP-0000658,ORD-100823,5,19,7,2026-06-06T03:33:59+00:00,2026-06-10T19:31:41+00:00,delivered
SHP-0000659,ORD-100824,19,20,7,2026-08-28T04:52:26+00:00,2026-08-31T00:55:18+00:00,delivered
SHP-0000660,ORD-100825,14,6,15,2026-05-16T13:47:44+00:00,,in_transit
SHP-0000661,ORD-100826,5,17,18,2026-04-22T20:30:03+00:00,2026-04-23T04:13:28+00:00,delivered
SHP-0000662,ORD-100828,18,4,2,2026-05-10T17:03:36+00:00,2026-07-04T04:12:25+00:00,delivered
SHP-0000663,ORD-100829,14,12,16,2026-03-25T11:06:11+00:00,2026-08-31T10:20:48+00:00,delivered
SHP-0000664,ORD-100830,16,12,9,2026-06-21T10:06:09+00:00,,in_transit
SHP-0000665,ORD-100831,9,2,3,2026-05-19T14:01:15+00:00,,in_transit
SHP-0000666,ORD-100832,7,3,20,2026-03-15T15:38:31+00:00,2026-04-27T18:49:27+00:00,delivered
SHP-0000667,ORD-100833,16,2,15,2026-04-07T06:22:48+00:00,2026-08-31T09:20:58+00:00,delivered
SHP-0000668,ORD-100834,13,17,20,2026-08-25T04:21:33+00:00,2026-08-31T07:05:22+00:00,delivered
SHP-0000669,ORD-100835,20,12,20,2026-03-07T11:07:42+00:00,2026-05-08T17:27:29+00:00,delivered
SHP-0000670,ORD-100836,3,18,13,2026-07-12T22:39:48+00:00,2026-08-31T23:41:23+00:00,delivered
SHP-0000671,ORD-100837,6,3,15,2026-06-27T17:32:09+00:00,2026-08-31T02:51:33+00:00,delivered
SHP-0000672,ORD-100838,5,17,19,2026-06-09T00:09:56+00:00,2026-06-15T03:28:39+00:00,delivered
SHP-0000673,ORD-100839,8,18,9,2026-07-02T14:28:37+00:00,2026-08-31T01:42:56+00:00,delivered
SHP-0000674,ORD-100840,9,11,16,2026-03-22T19:03:35+00:00,2026-03-23T11:37:04+00:00,delivered
SHP-0000675,ORD-100841,10,3,5,2026-06-04T07:37:25+00:00,2026-06-05T21:30:25+00:00,delivered
SHP-0000676,ORD-100843,1,8,8,2026-08-15T08:57:45+00:00,2026-08-16T12:35:38+00:00,delivered
SHP-0000677,ORD-100844,14,6,7,2026-08-19T03:20:21+00:00,2026-08-31T07:47:06+00:00,delivered
SHP-0000678,ORD-100845,2,4,3,2026-08-24T09:04:19+00:00,2026-08-31T16:34:13+00:00,delivered
SHP-0000679,ORD-100846,2,10,9,2026-08-17T11:27:32+00:00,2026-08-31T04:14:40+00:00,delivered
SHP-0000680,ORD-100848,20,4,17,2026-05-24T12:35:49+00:00,2026-07-23T21:28:14+00:00,delivered
SHP-0000681,ORD-100850,8,1,15,2026-04-30T06:19:18+00:00,,in_transit
SHP-0000682,ORD-100851,16,4,14,2026-08-31T02:28:00+00:00,,in_transit
SHP-0000683,ORD-100852,1,2,19,2026-04-14T08:52:35+00:00,2026-04-20T12:44:56+00:00,delivered
SHP-0000684,ORD-100853,16,12,1,2026-06-25T18:46:41+00:00,2026-08-31T13:54:40+00:00,delivered
SHP-0000685,ORD-100854,13,2,5,2026-08-31T04:08:43+00:00,2026-08-31T07:17:11+00:00,delivered
SHP-0000686,ORD-100855,8,1,4,2026-05-10T15:55:28+00:00,2026-08-31T11:39:47+00:00,delivered
SHP-0000687,ORD-100856,3,2,4,2026-05-25T17:24:15+00:00,,in_transit
SHP-0000688,ORD-100857,5,3,10,2026-06-08T19:02:01+00:00,,in_transit
SHP-0000689,ORD-100860,3,14,4,2026-06-05T16:12:03+00:00,2026-08-31T15:41:27+00:00,delivered
SHP-0000690,ORD-100861,17,4,1,2026-06-06T15:51:35+00:00,2026-07-11T17:26:10+00:00,delivered
SHP-0000691,ORD-100863,1,11,11,2026-04-07T22:01:43+00:00,2026-04-08T16:27:55+00:00,delivered
SHP-0000692,ORD-100864,5,7,17,2026-04-14T04:08:08+00:00,2026-04-19T13:57:15+00:00,delivered
SHP-0000693,ORD-100866,18,6,8,2026-05-19T23:38:16+00:00,,in_transit
SHP-0000694,ORD-100867,14,17,14,2026-08-23T13:12:17+00:00,2026-08-31T05:16:37+00:00,delivered
SHP-0000695,ORD-100869,13,19,12,2026-03-26T05:18:56+00:00,2026-08-31T07:25:54+00:00,delivered
SHP-0000696,ORD-100870,9,10,7,2026-06-12T22:48:24+00:00,2026-06-17T23:15:09+00:00,delivered
SHP-0000697,ORD-100871,19,10,14,2026-04-09T17:21:32+00:00,2026-08-31T10:17:13+00:00,delivered
SHP-0000698,ORD-100872,14,8,17,2026-05-04T02:06:25+00:00,2026-08-31T03:22:55+00:00,delivered
SHP-0000699,ORD-100873,7,1,18,2026-08-28T04:24:46+00:00,2026-08-31T15:35:57+00:00,delivered
SHP-0000700,ORD-100875,20,20,14,2026-03-30T14:43:01+00:00,2026-05-31T18:29:05+00:00,delivered
SHP-0000701,ORD-100876,18,1,4,2026-04-30T12:49:45+00:00,,in_transit
SHP-0000702,ORD-100877,19,4,10,2026-08-05T01:52:36+00:00,,in_transit
SHP-0000703,ORD-100878,9,18,14,2026-03-26T13:59:07+00:00,2026-03-28T01:09:33+00:00,delivered
SHP-0000704,ORD-100879,18,16,19,2026-03-11T21:06:31+00:00,2026-05-01T02:27:03+00:00,delivered
SHP-0000705,ORD-100880,4,4,19,2026-04-23T21:19:59+00:00,2026-08-31T04:50:45+00:00,delivered
SHP-0000706,ORD-100881,5,5,16,2026-05-20T22:04:49+00:00,2026-05-26T20:19:20+00:00,delivered
SHP-0000707,ORD-100882,7,13,4,2026-06-23T18:18:10+00:00,2026-08-12T09:39:07+00:00,delivered
SHP-0000708,ORD-100883,5,3,14,2026-04-02T17:16:52+00:00,2026-04-07T21:11:24+00:00,delivered
SHP-0000709,ORD-100885,17,13,7,2026-07-15T11:23:49+00:00,2026-08-18T14:22:42+00:00,delivered
SHP-0000710,ORD-100886,10,3,10,2026-04-08T20:58:17+00:00,2026-04-16T00:42:02+00:00,delivered
SHP-0000711,ORD-100889,18,4,8,2026-04-12T11:56:50+00:00,2026-06-03T14:38:51+00:00,delivered
SHP-0000712,ORD-100890,4,12,16,2026-05-04T17:02:38+00:00,2026-08-31T13:18:07+00:00,delivered
SHP-0000713,ORD-100891,15,11,8,2026-07-16T09:04:39+00:00,,in_transit
SHP-0000714,ORD-100892,5,12,16,2026-07-12T17:41:45+00:00,2026-07-14T00:24:14+00:00,delivered
SHP-0000715,ORD-100893,8,12,19,2026-06-29T18:19:44+00:00,2026-08-31T11:58:31+00:00,delivered
SHP-0000716,ORD-100894,1,8,15,2026-07-20T08:23:28+00:00,2026-07-24T13:29:15+00:00,delivered
SHP-0000717,ORD-100895,3,1,17,2026-06-14T08:12:30+00:00,2026-08-31T04:22:14+00:00,delivered
SHP-0000718,ORD-100896,13,15,5,2026-08-08T09:07:46+00:00,2026-08-31T01:17:05+00:00,delivered
SHP-0000719,ORD-100898,13,12,6,2026-04-15T07:54:05+00:00,2026-08-31T21:38:18+00:00,delivered
SHP-0000720,ORD-100899,18,10,6,2026-04-06T19:08:53+00:00,2026-05-31T05:06:31+00:00,delivered
SHP-0000721,ORD-100903,16,9,16,2026-03-24T02:32:47+00:00,2026-08-31T22:45:43+00:00,delivered
SHP-0000722,ORD-100904,12,15,15,2026-08-02T17:49:04+00:00,2026-08-05T12:41:40+00:00,delivered
SHP-0000723,ORD-100905,11,6,16,2026-06-08T20:57:48+00:00,2026-06-14T10:03:22+00:00,delivered
SHP-0000724,ORD-100908,12,5,20,2026-07-30T09:12:01+00:00,,in_transit
SHP-0000725,ORD-100909,1,18,7,2026-05-05T21:31:26+00:00,2026-05-08T03:31:42+00:00,delivered
SHP-0000726,ORD-100910,19,6,14,2026-03-22T12:18:11+00:00,2026-08-31T12:51:22+00:00,delivered
SHP-0000727,ORD-100911,15,10,19,2026-04-28T13:10:10+00:00,2026-08-31T16:28:32+00:00,delivered
SHP-0000728,ORD-100912,19,11,4,2026-05-16T04:52:43+00:00,2026-08-31T10:24:34+00:00,delivered
SHP-0000729,ORD-100913,14,14,12,2026-04-03T00:11:09+00:00,2026-08-31T18:07:19+00:00,delivered
SHP-0000730,ORD-100914,10,8,20,2026-07-08T16:08:05+00:00,2026-07-09T14:01:13+00:00,delivered
SHP-0000731,ORD-100915,15,1,4,2026-07-24T02:08:56+00:00,2026-08-31T16:27:12+00:00,delivered
SHP-0000732,ORD-100916,1,6,18,2026-03-15T19:25:31+00:00,2026-03-20T00:50:32+00:00,delivered
SHP-0000733,ORD-100917,3,7,5,2026-08-27T08:39:23+00:00,,in_transit
SHP-0000734,ORD-100918,3,3,2,2026-07-26T09:03:17+00:00,2026-08-31T09:16:40+00:00,delivered
SHP-0000735,ORD-100919,3,2,7,2026-05-31T01:39:40+00:00,2026-08-31T10:22:32+00:00,delivered
SHP-0000736,ORD-100920,4,17,18,2026-06-14T20:45:13+00:00,2026-08-31T12:57:38+00:00,delivered
SHP-0000737,ORD-100922,2,13,5,2026-05-25T03:29:57+00:00,2026-08-31T09:10:24+00:00,delivered
SHP-0000738,ORD-100923,16,15,6,2026-05-28T15:48:24+00:00,2026-08-31T06:10:57+00:00,delivered
SHP-0000739,ORD-100924,19,18,15,2026-07-24T06:58:00+00:00,2026-08-31T07:00:51+00:00,delivered
SHP-0000740,ORD-100926,16,5,9,2026-07-01T04:12:18+00:00,2026-08-31T04:04:03+00:00,delivered
SHP-0000741,ORD-100927,10,14,4,2026-07-07T21:37:37+00:00,,in_transit
SHP-0000742,ORD-100928,16,9,1,2026-03-30T00:39:45+00:00,2026-08-31T06:18:49+00:00,delivered
SHP-0000743,ORD-100929,5,4,11,2026-04-13T15:50:40+00:00,2026-04-15T13:03:48+00:00,delivered
SHP-0000744,ORD-100930,4,15,11,2026-03-25T19:29:55+00:00,2026-08-31T21:16:54+00:00,delivered
SHP-0000745,ORD-100931,7,14,13,2026-04-28T09:43:53+00:00,2026-06-13T22:32:59+00:00,delivered
SHP-0000746,ORD-100932,5,1,2,2026-03-09T01:44:56+00:00,2026-03-15T21:08:18+00:00,delivered
SHP-0000747,ORD-100933,5,16,4,2026-03-08T12:41:12+00:00,2026-03-11T06:52:09+00:00,delivered
SHP-0000748,ORD-100934,2,2,2,2026-08-14T18:03:33+00:00,2026-08-31T02:58:03+00:00,delivered
SHP-0000749,ORD-100936,8,8,14,2026-05-28T12:10:34+00:00,2026-08-31T13:27:05+00:00,delivered
SHP-0000750,ORD-100937,1,18,7,2026-07-11T21:49:47+00:00,2026-07-12T02:02:22+00:00,delivered
SHP-0000751,ORD-100938,1,16,14,2026-08-06T15:44:55+00:00,2026-08-07T23:06:25+00:00,delivered
SHP-0000752,ORD-100939,17,13,6,2026-07-08T14:59:25+00:00,2026-08-10T00:05:46+00:00,delivered
SHP-0000753,ORD-100940,19,6,6,2026-04-12T17:58:41+00:00,,in_transit
SHP-0000754,ORD-100942,10,7,19,2026-03-09T02:52:08+00:00,2026-03-15T15:35:37+00:00,delivered
SHP-0000755,ORD-100943,12,9,9,2026-06-11T19:45:40+00:00,2026-06-13T22:38:11+00:00,delivered
SHP-0000756,ORD-100944,17,11,1,2026-06-24T02:41:32+00:00,2026-07-23T23:56:09+00:00,delivered
SHP-0000757,ORD-100945,2,5,9,2026-07-06T05:57:24+00:00,,in_transit
SHP-0000758,ORD-100946,14,3,9,2026-04-07T09:25:42+00:00,,in_transit
SHP-0000759,ORD-100947,12,3,9,2026-06-15T12:41:27+00:00,2026-06-22T07:16:21+00:00,delivered
SHP-0000760,ORD-100948,18,15,16,2026-08-20T11:33:30+00:00,2026-08-31T07:09:01+00:00,delivered
SHP-0000761,ORD-100949,17,12,2,2026-08-06T19:11:34+00:00,2026-08-31T10:51:03+00:00,delivered
SHP-0000762,ORD-100950,13,2,15,2026-06-30T14:14:58+00:00,,in_transit
SHP-0000763,ORD-100951,16,12,2,2026-04-07T21:08:44+00:00,2026-08-31T17:22:07+00:00,delivered
SHP-0000764,ORD-100953,4,18,14,2026-04-07T21:24:57+00:00,,in_transit
SHP-0000765,ORD-100954,12,3,19,2026-03-31T07:20:06+00:00,2026-04-02T19:52:58+00:00,delivered
SHP-0000766,ORD-100955,16,16,12,2026-08-19T13:46:46+00:00,2026-08-31T21:20:53+00:00,delivered
SHP-0000767,ORD-100956,6,1,19,2026-06-18T19:59:03+00:00,,in_transit
SHP-0000768,ORD-100959,17,6,8,2026-07-23T03:15:16+00:00,2026-08-20T21:09:35+00:00,delivered
SHP-0000769,ORD-100960,16,7,10,2026-06-03T07:27:56+00:00,2026-08-31T02:33:54+00:00,delivered
SHP-0000770,ORD-100961,12,11,3,2026-04-29T14:13:54+00:00,2026-05-03T12:57:50+00:00,delivered
SHP-0000771,ORD-100962,17,3,11,2026-03-30T14:13:43+00:00,2026-04-30T12:36:57+00:00,delivered
SHP-0000772,ORD-100964,3,12,2,2026-06-06T05:38:20+00:00,2026-08-31T06:47:19+00:00,delivered
SHP-0000773,ORD-100965,13,18,5,2026-06-27T07:50:27+00:00,2026-08-31T09:40:04+00:00,delivered
SHP-0000774,ORD-100967,18,14,8,2026-04-16T13:53:00+00:00,2026-06-09T16:07:46+00:00,delivered
SHP-0000775,ORD-100968,18,3,9,2026-07-24T22:45:06+00:00,2026-08-31T00:22:08+00:00,delivered
SHP-0000776,ORD-100969,2,19,3,2026-07-03T19:16:51+00:00,2026-08-31T02:48:07+00:00,delivered
SHP-0000777,ORD-100970,10,4,17,2026-06-04T16:26:48+00:00,,in_transit
SHP-0000778,ORD-100971,14,15,4,2026-05-02T06:34:54+00:00,2026-08-31T11:31:13+00:00,delivered
SHP-0000779,ORD-100972,16,7,7,2026-05-15T00:18:43+00:00,2026-08-31T05:31:27+00:00,delivered
SHP-0000780,ORD-100973,3,7,14,2026-06-29T08:30:01+00:00,2026-08-31T17:47:26+00:00,delivered
SHP-0000781,ORD-100974,13,8,13,2026-05-22T23:14:44+00:00,2026-08-31T15:43:38+00:00,delivered
SHP-0000782,ORD-100976,13,5,17,2026-05-25T05:17:30+00:00,2026-08-31T17:28:10+00:00,delivered
SHP-0000783,ORD-100978,17,12,17,2026-08-17T23:06:35+00:00,,in_transit
SHP-0000784,ORD-100980,14,16,3,2026-03-28T13:31:22+00:00,2026-08-31T20:52:00+00:00,delivered
SHP-0000785,ORD-100981,6,2,8,2026-03-31T15:43:10+00:00,2026-07-31T22:38:53+00:00,delivered
SHP-0000786,ORD-100982,12,11,4,2026-05-18T14:51:17+00:00,2026-05-22T04:58:20+00:00,delivered
SHP-0000787,ORD-100983,20,7,18,2026-08-30T08:20:14+00:00,2026-08-31T11:16:06+00:00,delivered
SHP-0000788,ORD-100984,11,2,19,2026-06-11T13:44:42+00:00,,in_transit
SHP-0000789,ORD-100985,12,14,15,2026-07-28T00:30:44+00:00,2026-08-02T19:30:12+00:00,delivered
SHP-0000790,ORD-100986,4,1,4,2026-07-02T17:06:41+00:00,2026-08-31T10:19:57+00:00,delivered
SHP-0000791,ORD-100987,10,1,20,2026-05-10T09:28:26+00:00,,in_transit
SHP-0000792,ORD-100988,3,10,5,2026-04-01T09:53:20+00:00,2026-07-01T14:02:20+00:00,delivered
SHP-0000793,ORD-100989,20,8,16,2026-03-18T12:45:24+00:00,2026-05-17T01:40:11+00:00,delivered
SHP-0000794,ORD-100990,19,18,7,2026-08-20T19:43:01+00:00,2026-08-31T02:53:04+00:00,delivered
SHP-0000795,ORD-100992,4,6,13,2026-07-14T19:08:35+00:00,2026-08-31T07:46:35+00:00,delivered
SHP-0000796,ORD-100993,11,9,15,2026-03-07T03:51:35+00:00,2026-03-14T12:21:02+00:00,delivered
SHP-0000797,ORD-100995,19,20,15,2026-07-18T02:05:01+00:00,2026-08-31T02:54:16+00:00,delivered
SHP-0000798,ORD-100996,7,14,1,2026-07-16T21:06:24+00:00,,in_transit
SHP-0000799,ORD-100997,10,1,9,2026-05-09T10:48:58+00:00,2026-05-16T18:33:20+00:00,delivered
SHP-0000800,ORD-100998,11,4,10,2026-06-16T01:54:08+00:00,2026-06-18T10:51:28+00:00,delivered
SHP-0000801,ORD-100999,2,11,17,2026-08-25T11:14:01+00:00,2026-08-31T21:24:12+00:00,delivered
SHP-0000802,ORD-101000,3,17,12,2026-03-09T04:58:55+00:00,2026-06-08T00:48:18+00:00,delivered
SHP-0000803,ORD-101001,16,20,9,2026-06-28T12:32:49+00:00,2026-08-31T21:18:13+00:00,delivered
SHP-0000804,ORD-101002,13,9,12,2026-08-31T14:29:56+00:00,,in_transit
SHP-0000805,ORD-101003,6,15,9,2026-08-21T00:48:50+00:00,2026-08-31T06:28:47+00:00,delivered
SHP-0000806,ORD-101004,16,3,11,2026-06-10T15:49:13+00:00,2026-08-31T06:19:05+00:00,delivered
SHP-0000807,ORD-101005,7,14,12,2026-03-18T07:21:11+00:00,2026-05-03T16:51:21+00:00,delivered
SHP-0000808,ORD-101006,5,18,4,2026-06-17T21:56:20+00:00,2026-06-22T10:05:05+00:00,delivered
SHP-0000809,ORD-101007,7,19,14,2026-06-25T12:42:41+00:00,2026-08-07T08:46:29+00:00,delivered
SHP-0000810,ORD-101008,18,19,6,2026-04-10T15:27:58+00:00,2026-05-31T00:46:11+00:00,delivered
SHP-0000811,ORD-101009,1,12,3,2026-05-21T06:56:05+00:00,,in_transit
SHP-0000812,ORD-101011,9,17,16,2026-06-28T20:14:53+00:00,2026-06-30T23:14:50+00:00,delivered
SHP-0000813,ORD-101012,3,17,12,2026-07-19T06:17:57+00:00,2026-08-31T00:09:22+00:00,delivered
SHP-0000814,ORD-101013,11,17,4,2026-07-16T12:29:22+00:00,2026-07-22T10:23:51+00:00,delivered
SHP-0000815,ORD-101014,20,20,6,2026-04-16T09:58:10+00:00,,in_transit
SHP-0000816,ORD-101015,20,10,13,2026-06-05T02:12:15+00:00,2026-08-05T09:05:05+00:00,delivered
SHP-0000817,ORD-101016,11,18,3,2026-08-14T21:45:06+00:00,2026-08-18T00:28:28+00:00,delivered
SHP-0000818,ORD-101017,20,5,14,2026-06-16T19:54:57+00:00,2026-08-15T19:37:06+00:00,delivered
SHP-0000819,ORD-101018,9,5,6,2026-05-30T21:16:08+00:00,,in_transit
SHP-0000820,ORD-101019,4,13,5,2026-06-15T00:33:12+00:00,2026-08-31T19:36:49+00:00,delivered
SHP-0000821,ORD-101020,9,5,18,2026-07-09T20:29:03+00:00,2026-07-14T15:08:48+00:00,delivered
SHP-0000822,ORD-101021,7,2,11,2026-04-13T21:32:56+00:00,,in_transit
SHP-0000823,ORD-101022,1,9,3,2026-08-30T20:32:46+00:00,2026-08-31T22:37:01+00:00,delivered
SHP-0000824,ORD-101023,17,18,16,2026-05-26T16:32:59+00:00,2026-06-29T04:14:32+00:00,delivered
SHP-0000825,ORD-101024,15,16,19,2026-06-09T08:42:48+00:00,2026-08-31T00:59:17+00:00,delivered
SHP-0000826,ORD-101025,3,6,19,2026-07-29T09:19:04+00:00,2026-08-31T23:15:35+00:00,delivered
SHP-0000827,ORD-101026,4,16,7,2026-05-09T20:03:52+00:00,2026-08-31T02:47:26+00:00,delivered
SHP-0000828,ORD-101028,11,7,2,2026-06-07T13:57:32+00:00,2026-06-10T04:15:23+00:00,delivered
SHP-0000829,ORD-101029,11,7,3,2026-06-19T15:20:57+00:00,2026-06-20T07:22:40+00:00,delivered
SHP-0000830,ORD-101030,11,4,4,2026-08-02T19:39:31+00:00,2026-08-08T14:20:48+00:00,delivered
SHP-0000831,ORD-101031,9,17,20,2026-05-27T13:15:59+00:00,,in_transit
SHP-0000832,ORD-101032,1,9,18,2026-03-14T23:13:19+00:00,2026-03-17T04:08:33+00:00,delivered
SHP-0000833,ORD-101033,20,7,7,2026-04-15T09:35:00+00:00,2026-06-12T08:00:50+00:00,delivered
SHP-0000834,ORD-101034,11,14,16,2026-04-29T08:59:47+00:00,2026-05-01T12:02:39+00:00,delivered
SHP-0000835,ORD-101036,5,13,16,2026-07-09T20:32:17+00:00,2026-07-12T06:38:23+00:00,delivered
SHP-0000836,ORD-101037,13,6,11,2026-03-03T06:43:06+00:00,2026-08-31T09:38:49+00:00,delivered
SHP-0000837,ORD-101038,9,10,20,2026-08-07T08:41:50+00:00,2026-08-14T00:23:20+00:00,delivered
SHP-0000838,ORD-101039,7,2,16,2026-08-14T12:44:15+00:00,2026-08-31T19:54:57+00:00,delivered
SHP-0000839,ORD-101040,4,9,8,2026-05-31T21:04:52+00:00,,in_transit
SHP-0000840,ORD-101041,9,12,18,2026-08-26T00:53:49+00:00,2026-08-28T17:23:23+00:00,delivered
SHP-0000841,ORD-101042,19,1,15,2026-05-31T03:16:25+00:00,2026-08-31T14:00:19+00:00,delivered
SHP-0000842,ORD-101043,15,13,4,2026-08-12T00:04:29+00:00,2026-08-31T06:38:52+00:00,delivered
SHP-0000843,ORD-101045,4,14,2,2026-06-12T15:03:29+00:00,2026-08-31T22:33:38+00:00,delivered
SHP-0000844,ORD-101046,5,2,20,2026-07-18T14:58:54+00:00,2026-07-19T02:17:12+00:00,delivered
SHP-0000845,ORD-101047,6,3,9,2026-07-08T16:01:12+00:00,2026-08-31T14:49:52+00:00,delivered
SHP-0000846,ORD-101049,8,6,11,2026-06-30T05:51:24+00:00,2026-08-31T02:16:40+00:00,delivered
SHP-0000847,ORD-101050,4,7,6,2026-07-31T11:43:52+00:00,2026-08-31T12:58:23+00:00,delivered
SHP-0000848,ORD-101051,9,15,14,2026-05-16T16:19:49+00:00,2026-05-17T22:37:13+00:00,delivered
SHP-0000849,ORD-101052,18,9,2,2026-05-14T03:07:11+00:00,2026-07-04T06:15:20+00:00,delivered
SHP-0000850,ORD-101053,6,16,2,2026-07-19T23:36:00+00:00,,in_transit
SHP-0000851,ORD-101055,4,6,13,2026-07-07T09:41:21+00:00,,in_transit
SHP-0000852,ORD-101056,9,11,4,2026-08-07T22:38:28+00:00,2026-08-08T07:19:08+00:00,delivered
SHP-0000853,ORD-101057,2,8,3,2026-04-03T19:15:40+00:00,2026-08-31T03:21:59+00:00,delivered
SHP-0000854,ORD-101059,18,7,20,2026-08-31T20:05:00+00:00,2026-08-31T16:52:19+00:00,delivered
SHP-0000855,ORD-101060,12,8,7,2026-06-26T02:36:21+00:00,,in_transit
SHP-0000856,ORD-101061,17,14,17,2026-08-12T14:58:03+00:00,2026-08-31T06:02:22+00:00,delivered
SHP-0000857,ORD-101063,4,8,3,2026-07-24T20:48:30+00:00,2026-08-31T21:40:42+00:00,delivered
SHP-0000858,ORD-101064,8,2,19,2026-03-15T09:44:55+00:00,,in_transit
SHP-0000859,ORD-101065,7,4,4,2026-04-02T03:03:30+00:00,2026-05-19T15:26:53+00:00,delivered
SHP-0000860,ORD-101066,16,1,7,2026-06-10T18:00:38+00:00,2026-08-31T16:21:17+00:00,delivered
SHP-0000861,ORD-101067,9,15,15,2026-08-25T14:28:38+00:00,2026-08-31T01:39:49+00:00,delivered
SHP-0000862,ORD-101068,15,2,15,2026-03-13T07:22:07+00:00,2026-08-31T21:50:05+00:00,delivered
SHP-0000863,ORD-101069,18,13,1,2026-08-01T12:36:16+00:00,2026-08-31T08:24:01+00:00,delivered
SHP-0000864,ORD-101070,8,16,2,2026-08-23T01:50:24+00:00,2026-08-31T16:21:15+00:00,delivered
SHP-0000865,ORD-101071,9,14,10,2026-07-15T04:23:21+00:00,2026-07-16T10:15:28+00:00,delivered
SHP-0000866,ORD-101072,16,16,2,2026-07-22T02:39:45+00:00,2026-08-31T07:56:04+00:00,delivered
SHP-0000867,ORD-101074,16,11,3,2026-08-21T22:02:11+00:00,2026-08-31T15:00:01+00:00,delivered
SHP-0000868,ORD-101075,16,17,16,2026-05-21T19:08:42+00:00,2026-08-31T02:25:17+00:00,delivered
SHP-0000869,ORD-101076,3,2,8,2026-03-18T23:25:03+00:00,2026-06-21T08:17:10+00:00,delivered
SHP-0000870,ORD-101077,18,18,11,2026-05-28T16:45:06+00:00,2026-07-21T15:04:17+00:00,delivered
SHP-0000871,ORD-101079,18,17,6,2026-04-11T18:58:06+00:00,2026-06-01T15:37:21+00:00,delivered
SHP-0000872,ORD-101080,18,15,8,2026-08-10T18:26:10+00:00,2026-08-31T05:19:35+00:00,delivered
SHP-0000873,ORD-101081,5,16,6,2026-05-31T08:19:12+00:00,2026-06-05T22:50:29+00:00,delivered
SHP-0000874,ORD-101082,10,2,6,2026-04-23T19:58:36+00:00,2026-04-28T07:57:33+00:00,delivered
SHP-0000875,ORD-101083,8,5,10,2026-05-11T05:25:24+00:00,2026-08-31T07:30:26+00:00,delivered
SHP-0000876,ORD-101084,5,15,6,2026-04-04T05:25:19+00:00,2026-04-06T03:45:07+00:00,delivered
SHP-0000877,ORD-101086,11,16,16,2026-08-07T02:22:15+00:00,2026-08-13T21:26:58+00:00,delivered
SHP-0000878,ORD-101087,1,2,7,2026-04-14T04:38:36+00:00,,in_transit
SHP-0000879,ORD-101088,19,2,10,2026-03-11T05:41:15+00:00,2026-08-31T10:16:42+00:00,delivered
SHP-0000880,ORD-101089,13,19,6,2026-08-08T22:22:11+00:00,2026-08-31T06:47:49+00:00,delivered
SHP-0000881,ORD-101090,16,7,2,2026-07-23T05:14:27+00:00,2026-08-31T08:21:15+00:00,delivered
SHP-0000882,ORD-101091,4,12,12,2026-04-16T10:34:54+00:00,,in_transit
SHP-0000883,ORD-101096,5,19,2,2026-03-17T03:02:05+00:00,2026-03-18T16:02:47+00:00,delivered
SHP-0000884,ORD-101097,14,18,12,2026-03-26T02:33:52+00:00,2026-08-31T16:30:45+00:00,delivered
SHP-0000885,ORD-101098,12,4,10,2026-06-17T14:09:40+00:00,2026-06-19T23:40:35+00:00,delivered
SHP-0000886,ORD-101099,15,12,10,2026-04-26T19:35:13+00:00,2026-08-31T03:41:16+00:00,delivered
SHP-0000887,ORD-101100,15,4,3,2026-03-23T13:19:22+00:00,,in_transit
SHP-0000888,ORD-101101,2,7,8,2026-05-31T15:45:30+00:00,2026-08-31T10:48:50+00:00,delivered
SHP-0000889,ORD-101102,8,12,10,2026-03-06T10:20:01+00:00,2026-08-31T21:03:08+00:00,delivered
SHP-0000890,ORD-101103,2,13,7,2026-05-29T00:12:51+00:00,2026-08-31T09:24:06+00:00,delivered
SHP-0000891,ORD-101104,10,9,4,2026-05-05T14:36:36+00:00,2026-05-09T00:31:44+00:00,delivered
SHP-0000892,ORD-101106,5,15,15,2026-06-26T03:11:23+00:00,2026-06-27T11:24:47+00:00,delivered
SHP-0000893,ORD-101107,12,14,2,2026-07-12T22:34:51+00:00,2026-07-19T02:26:25+00:00,delivered
SHP-0000894,ORD-101108,6,18,10,2026-04-26T09:19:09+00:00,2026-08-29T12:39:20+00:00,delivered
SHP-0000895,ORD-101109,5,4,18,2026-04-12T01:44:09+00:00,2026-04-16T01:14:04+00:00,delivered
SHP-0000896,ORD-101110,13,20,5,2026-08-12T23:20:54+00:00,2026-08-31T03:52:37+00:00,delivered
SHP-0000897,ORD-101111,20,18,4,2026-04-07T09:00:21+00:00,2026-06-05T03:54:54+00:00,delivered
SHP-0000898,ORD-101112,8,1,7,2026-04-12T03:16:51+00:00,2026-08-31T16:13:04+00:00,delivered
SHP-0000899,ORD-101113,13,19,20,2026-05-11T16:28:00+00:00,2026-08-31T08:39:40+00:00,delivered
SHP-0000900,ORD-101114,8,15,12,2026-05-05T07:04:44+00:00,2026-08-31T07:10:27+00:00,delivered
SHP-0000901,ORD-101115,18,2,13,2026-03-13T09:01:03+00:00,2026-05-02T10:14:25+00:00,delivered
SHP-0000902,ORD-101117,1,4,3,2026-03-15T14:06:36+00:00,2026-03-16T14:33:06+00:00,delivered
SHP-0000903,ORD-101119,19,4,16,2026-06-19T21:01:52+00:00,2026-08-31T05:14:36+00:00,delivered
SHP-0000904,ORD-101120,8,20,16,2026-06-04T20:53:29+00:00,,in_transit
SHP-0000905,ORD-101121,4,12,17,2026-06-28T12:54:21+00:00,,in_transit
SHP-0000906,ORD-101122,8,14,1,2026-08-08T11:23:35+00:00,,in_transit
SHP-0000907,ORD-101123,4,13,10,2026-07-04T12:13:52+00:00,2026-08-31T11:48:16+00:00,delivered
SHP-0000908,ORD-101124,18,5,12,2026-08-26T10:08:38+00:00,2026-08-31T12:47:37+00:00,delivered
SHP-0000909,ORD-101126,14,17,5,2026-03-20T20:48:12+00:00,2026-08-31T21:47:35+00:00,delivered
SHP-0000910,ORD-101129,8,8,5,2026-03-09T07:50:36+00:00,,in_transit
SHP-0000911,ORD-101130,3,6,13,2026-08-31T19:15:29+00:00,2026-08-31T14:58:06+00:00,delivered
SHP-0000912,ORD-101131,9,4,3,2026-08-05T09:50:14+00:00,2026-08-11T16:07:55+00:00,delivered
SHP-0000913,ORD-101132,2,2,13,2026-06-21T22:56:10+00:00,,in_transit
SHP-0000914,ORD-101133,16,4,14,2026-07-16T05:56:46+00:00,2026-08-31T07:29:10+00:00,delivered
SHP-0000915,ORD-101134,13,8,15,2026-03-08T18:12:38+00:00,,in_transit
SHP-0000916,ORD-101135,16,1,7,2026-07-30T22:33:27+00:00,2026-08-31T12:59:29+00:00,delivered
SHP-0000917,ORD-101138,18,1,3,2026-04-06T19:28:54+00:00,2026-05-26T00:30:08+00:00,delivered
SHP-0000918,ORD-101140,11,5,17,2026-03-25T07:00:45+00:00,2026-03-27T07:20:02+00:00,delivered
SHP-0000919,ORD-101141,9,5,18,2026-08-25T00:55:38+00:00,,in_transit
SHP-0000920,ORD-101142,14,19,15,2026-08-31T00:01:43+00:00,2026-08-31T13:25:16+00:00,delivered
SHP-0000921,ORD-101143,10,5,10,2026-05-16T03:07:22+00:00,2026-05-19T16:00:37+00:00,delivered
SHP-0000922,ORD-101144,11,6,5,2026-03-07T21:50:35+00:00,2026-03-09T22:15:44+00:00,delivered
SHP-0000923,ORD-101145,11,7,20,2026-07-09T11:02:49+00:00,2026-07-11T10:47:55+00:00,delivered
SHP-0000924,ORD-101146,3,12,18,2026-03-31T16:00:45+00:00,2026-06-30T00:16:58+00:00,delivered
SHP-0000925,ORD-101148,10,15,19,2026-08-19T17:14:01+00:00,2026-08-21T03:43:12+00:00,delivered
SHP-0000926,ORD-101149,10,4,12,2026-05-26T21:59:10+00:00,2026-06-03T01:51:48+00:00,delivered
SHP-0000927,ORD-101150,4,19,20,2026-04-25T23:14:00+00:00,,in_transit
SHP-0000928,ORD-101151,16,18,17,2026-05-12T21:22:56+00:00,2026-08-31T16:43:31+00:00,delivered
SHP-0000929,ORD-101152,17,19,1,2026-06-05T20:00:30+00:00,2026-07-06T01:45:58+00:00,delivered
SHP-0000930,ORD-101153,16,6,14,2026-07-30T04:24:40+00:00,2026-08-31T12:37:57+00:00,delivered
SHP-0000931,ORD-101154,11,19,2,2026-05-15T14:51:38+00:00,2026-05-18T19:33:21+00:00,delivered
SHP-0000932,ORD-101155,19,7,2,2026-06-19T14:41:42+00:00,2026-08-31T21:02:31+00:00,delivered
SHP-0000933,ORD-101157,17,5,13,2026-05-23T10:12:10+00:00,2026-06-22T07:05:48+00:00,delivered
SHP-0000934,ORD-101158,8,12,12,2026-05-21T22:28:02+00:00,2026-08-31T22:22:20+00:00,delivered
SHP-0000935,ORD-101159,2,4,18,2026-03-13T18:15:59+00:00,2026-08-31T03:49:10+00:00,delivered
SHP-0000936,ORD-101161,10,7,11,2026-05-15T13:00:31+00:00,2026-05-21T01:08:26+00:00,delivered
SHP-0000937,ORD-101162,16,5,14,2026-07-17T18:01:11+00:00,2026-08-31T18:24:46+00:00,delivered
SHP-0000938,ORD-101165,3,18,5,2026-08-01T04:32:14+00:00,,in_transit
SHP-0000939,ORD-101166,15,17,1,2026-06-23T02:10:26+00:00,2026-08-31T06:09:10+00:00,delivered
SHP-0000940,ORD-101167,18,9,11,2026-03-16T05:23:29+00:00,2026-05-10T04:44:40+00:00,delivered
SHP-0000941,ORD-101168,15,20,17,2026-07-20T16:38:29+00:00,2026-08-31T02:09:57+00:00,delivered
SHP-0000942,ORD-101169,18,17,14,2026-05-19T01:21:24+00:00,,in_transit
SHP-0000943,ORD-101170,13,17,7,2026-07-19T03:56:11+00:00,2026-08-31T04:29:37+00:00,delivered
SHP-0000944,ORD-101171,9,4,12,2026-04-07T05:02:30+00:00,2026-04-13T15:55:57+00:00,delivered
SHP-0000945,ORD-101172,4,14,3,2026-03-18T21:03:20+00:00,2026-08-31T20:58:18+00:00,delivered
SHP-0000946,ORD-101173,3,12,2,2026-03-11T04:22:42+00:00,2026-06-07T23:11:00+00:00,delivered
SHP-0000947,ORD-101174,19,15,11,2026-07-03T20:14:55+00:00,,in_transit
SHP-0000948,ORD-101175,14,2,10,2026-05-25T02:25:18+00:00,2026-08-31T21:41:10+00:00,delivered
SHP-0000949,ORD-101176,12,20,15,2026-04-26T12:34:07+00:00,2026-05-04T12:47:36+00:00,delivered
SHP-0000950,ORD-101177,13,20,2,2026-03-05T16:03:13+00:00,2026-08-31T08:17:37+00:00,delivered
SHP-0000951,ORD-101178,17,19,4,2026-06-14T03:57:07+00:00,,in_transit
SHP-0000952,ORD-101179,2,9,18,2026-08-30T00:56:48+00:00,2026-08-31T23:44:12+00:00,delivered
SHP-0000953,ORD-101180,5,19,17,2026-04-09T15:58:50+00:00,2026-04-12T17:52:10+00:00,delivered
SHP-0000954,ORD-101181,4,6,3,2026-08-31T08:27:05+00:00,2026-08-31T21:30:50+00:00,delivered
SHP-0000955,ORD-101182,6,17,9,2026-07-08T14:48:18+00:00,2026-08-31T09:17:21+00:00,delivered
SHP-0000956,ORD-101184,8,1,14,2026-07-12T10:39:16+00:00,2026-08-31T01:51:29+00:00,delivered
SHP-0000957,ORD-101187,14,18,2,2026-04-21T12:26:04+00:00,2026-08-31T17:57:31+00:00,delivered
SHP-0000958,ORD-101188,10,6,17,2026-05-31T22:34:24+00:00,2026-06-03T10:08:04+00:00,delivered
SHP-0000959,ORD-101189,19,15,3,2026-03-12T23:48:55+00:00,2026-08-31T19:34:35+00:00,delivered
SHP-0000960,ORD-101190,7,11,6,2026-04-12T15:09:33+00:00,2026-05-27T13:34:44+00:00,delivered
SHP-0000961,ORD-101191,13,6,7,2026-03-10T20:08:54+00:00,2026-08-31T10:57:27+00:00,delivered
SHP-0000962,ORD-101192,16,15,1,2026-08-13T09:45:10+00:00,2026-08-31T05:35:22+00:00,delivered
SHP-0000963,ORD-101193,2,17,13,2026-04-11T10:24:38+00:00,2026-08-31T20:29:14+00:00,delivered
SHP-0000964,ORD-101194,10,18,20,2026-05-12T10:22:34+00:00,2026-05-14T22:10:18+00:00,delivered
SHP-0000965,ORD-101197,8,1,5,2026-06-02T20:41:28+00:00,2026-08-31T10:25:29+00:00,delivered
SHP-0000966,ORD-101198,6,8,13,2026-07-11T04:36:45+00:00,2026-08-31T10:20:57+00:00,delivered
SHP-0000967,ORD-101201,10,7,1,2026-05-23T16:46:49+00:00,,in_transit
SHP-0000968,ORD-101203,14,16,20,2026-04-30T08:05:08+00:00,2026-08-31T09:59:52+00:00,delivered
SHP-0000969,ORD-101204,8,12,16,2026-04-11T02:12:13+00:00,2026-08-31T08:51:32+00:00,delivered
SHP-0000970,ORD-101205,20,7,17,2026-06-20T02:14:02+00:00,2026-08-17T05:39:05+00:00,delivered
SHP-0000971,ORD-101206,10,12,6,2026-07-31T06:07:52+00:00,2026-08-07T21:26:19+00:00,delivered
SHP-0000972,ORD-101207,4,3,16,2026-08-23T02:00:54+00:00,2026-08-31T15:03:19+00:00,delivered
SHP-0000973,ORD-101208,7,3,9,2026-08-26T16:30:49+00:00,2026-08-31T13:01:31+00:00,delivered
SHP-0000974,ORD-101209,12,7,16,2026-03-18T20:32:46+00:00,2026-03-23T03:25:01+00:00,delivered
SHP-0000975,ORD-101211,20,7,10,2026-06-11T06:54:01+00:00,2026-08-14T06:15:11+00:00,delivered
SHP-0000976,ORD-101212,13,11,18,2026-05-27T22:09:43+00:00,2026-08-31T05:09:33+00:00,delivered
SHP-0000977,ORD-101213,18,1,2,2026-05-29T08:44:15+00:00,2026-07-19T04:15:34+00:00,delivered
SHP-0000978,ORD-101214,9,15,11,2026-06-22T11:56:10+00:00,2026-06-23T12:14:06+00:00,delivered
SHP-0000979,ORD-101215,15,7,13,2026-07-05T02:04:26+00:00,2026-08-31T22:19:45+00:00,delivered
SHP-0000980,ORD-101217,1,3,9,2026-05-27T00:12:18+00:00,2026-05-30T07:31:28+00:00,delivered
SHP-0000981,ORD-101218,9,16,5,2026-08-10T07:33:24+00:00,2026-08-16T20:08:09+00:00,delivered
SHP-0000982,ORD-101219,16,20,19,2026-05-11T02:26:43+00:00,2026-08-31T08:01:49+00:00,delivered
SHP-0000983,ORD-101221,11,14,5,2026-08-31T15:21:10+00:00,2026-08-31T22:44:22+00:00,delivered
SHP-0000984,ORD-101223,14,2,3,2026-08-31T14:00:29+00:00,,in_transit
SHP-0000985,ORD-101224,4,8,11,2026-04-04T22:22:49+00:00,2026-08-31T20:45:57+00:00,delivered
SHP-0000986,ORD-101225,18,3,11,2026-04-24T16:35:08+00:00,2026-06-18T22:30:06+00:00,delivered
SHP-0000987,ORD-101226,3,15,12,2026-07-14T09:11:46+00:00,2026-08-31T01:48:36+00:00,delivered
SHP-0000988,ORD-101227,10,2,16,2026-07-05T17:35:56+00:00,,in_transit
SHP-0000989,ORD-101228,5,16,19,2026-05-29T18:03:39+00:00,,in_transit
SHP-0000990,ORD-101229,13,1,1,2026-06-17T06:43:47+00:00,2026-08-31T03:49:45+00:00,delivered
SHP-0000991,ORD-101230,1,14,16,2026-08-02T23:19:34+00:00,2026-08-05T19:09:43+00:00,delivered
SHP-0000992,ORD-101231,14,11,15,2026-08-25T04:27:30+00:00,,in_transit
SHP-0000993,ORD-101232,12,7,10,2026-08-22T10:48:08+00:00,,in_transit
SHP-0000994,ORD-101233,5,1,20,2026-03-17T22:48:02+00:00,,in_transit
SHP-0000995,ORD-101234,9,11,18,2026-03-13T06:30:48+00:00,2026-03-20T11:07:08+00:00,delivered
SHP-0000996,ORD-101236,17,10,5,2026-04-30T20:13:16+00:00,2026-05-28T17:44:37+00:00,delivered
SHP-0000997,ORD-101238,7,16,14,2026-07-18T18:42:24+00:00,2026-08-31T21:43:07+00:00,delivered
SHP-0000998,ORD-101239,1,14,17,2026-08-16T16:23:39+00:00,2026-08-22T06:41:38+00:00,delivered
SHP-0000999,ORD-101240,9,17,12,2026-04-04T18:52:43+00:00,2026-04-07T05:06:38+00:00,delivered
SHP-0001000,ORD-101241,12,16,3,2026-06-03T09:53:36+00:00,2026-06-08T09:31:26+00:00,delivered
SHP-0001001,ORD-101242,18,13,6,2026-06-20T04:06:20+00:00,,in_transit
SHP-0001002,ORD-101243,19,18,19,2026-06-12T11:20:50+00:00,,in_transit
SHP-0001003,ORD-101244,10,13,8,2026-06-16T21:47:10+00:00,2026-06-24T06:24:42+00:00,delivered
SHP-0001004,ORD-101245,13,19,4,2026-08-19T01:38:00+00:00,2026-08-31T00:51:06+00:00,delivered
SHP-0001005,ORD-101246,18,2,20,2026-07-13T21:01:38+00:00,2026-08-31T02:30:27+00:00,delivered
SHP-0001006,ORD-101247,16,11,5,2026-03-28T16:36:01+00:00,2026-08-31T23:49:50+00:00,delivered
SHP-0001007,ORD-101248,11,18,17,2026-06-10T07:28:17+00:00,2026-06-11T18:33:59+00:00,delivered
SHP-0001008,ORD-101250,17,4,6,2026-07-28T03:43:22+00:00,2026-08-31T19:21:11+00:00,delivered
SHP-0001009,ORD-101251,2,9,15,2026-05-03T08:29:27+00:00,2026-08-31T06:30:25+00:00,delivered
SHP-0001010,ORD-101252,19,18,14,2026-04-04T22:32:45+00:00,2026-08-31T22:20:22+00:00,delivered
SHP-0001011,ORD-101253,3,14,13,2026-08-12T00:06:52+00:00,2026-08-31T04:54:34+00:00,delivered
SHP-0001012,ORD-101254,17,12,15,2026-05-21T03:34:05+00:00,2026-06-19T05:54:18+00:00,delivered
SHP-0001013,ORD-101255,18,15,3,2026-03-18T16:27:50+00:00,2026-05-08T18:26:34+00:00,delivered
SHP-0001014,ORD-101256,16,7,5,2026-03-22T02:48:12+00:00,2026-08-31T04:37:14+00:00,delivered
SHP-0001015,ORD-101257,19,1,13,2026-06-02T12:06:04+00:00,,in_transit
SHP-0001016,ORD-101258,6,3,18,2026-06-16T02:57:07+00:00,2026-08-31T01:53:41+00:00,delivered
SHP-0001017,ORD-101259,5,17,20,2026-08-21T03:54:01+00:00,2026-08-25T19:27:35+00:00,delivered
SHP-0001018,ORD-101261,4,18,8,2026-08-27T08:27:36+00:00,2026-08-31T03:16:02+00:00,delivered
SHP-0001019,ORD-101262,9,16,9,2026-05-14T04:38:17+00:00,2026-05-19T18:41:02+00:00,delivered
SHP-0001020,ORD-101263,10,13,20,2026-04-07T02:56:38+00:00,2026-04-12T14:25:48+00:00,delivered
SHP-0001021,ORD-101266,14,5,11,2026-07-04T04:17:11+00:00,2026-08-31T06:05:45+00:00,delivered
SHP-0001022,ORD-101267,11,3,7,2026-04-10T23:07:32+00:00,2026-04-13T10:12:49+00:00,delivered
SHP-0001023,ORD-101269,9,17,5,2026-08-27T07:05:13+00:00,2026-08-28T03:27:59+00:00,delivered
SHP-0001024,ORD-101270,20,14,7,2026-07-25T21:21:23+00:00,2026-08-31T16:49:39+00:00,delivered
SHP-0001025,ORD-101273,15,2,16,2026-06-12T10:13:04+00:00,2026-08-31T23:42:08+00:00,delivered
SHP-0001026,ORD-101274,7,4,1,2026-08-31T12:05:17+00:00,2026-08-31T08:14:00+00:00,delivered
SHP-0001027,ORD-101275,12,12,8,2026-04-09T07:52:15+00:00,2026-04-18T03:51:07+00:00,delivered
SHP-0001028,ORD-101276,19,18,12,2026-06-26T17:45:26+00:00,,in_transit
SHP-0001029,ORD-101277,3,10,19,2026-07-16T01:58:13+00:00,2026-08-31T16:08:31+00:00,delivered
SHP-0001030,ORD-101278,4,7,13,2026-04-14T17:29:19+00:00,,in_transit
SHP-0001031,ORD-101279,16,15,13,2026-07-07T22:08:10+00:00,,in_transit
SHP-0001032,ORD-101280,5,7,20,2026-04-01T06:12:54+00:00,2026-04-06T08:45:50+00:00,delivered
SHP-0001033,ORD-101281,10,9,7,2026-06-02T10:33:51+00:00,2026-06-04T05:12:16+00:00,delivered
SHP-0001034,ORD-101282,9,13,8,2026-07-28T14:35:43+00:00,2026-08-01T05:07:01+00:00,delivered
SHP-0001035,ORD-101284,12,19,16,2026-07-27T05:31:25+00:00,2026-08-01T22:25:21+00:00,delivered
SHP-0001036,ORD-101285,14,18,10,2026-07-14T05:27:50+00:00,2026-08-31T17:01:35+00:00,delivered
SHP-0001037,ORD-101286,5,10,10,2026-04-20T05:47:12+00:00,,in_transit
SHP-0001038,ORD-101287,9,20,1,2026-07-07T09:53:40+00:00,2026-07-13T08:52:29+00:00,delivered
SHP-0001039,ORD-101289,6,12,12,2026-06-21T21:28:39+00:00,2026-08-31T19:30:06+00:00,delivered
SHP-0001040,ORD-101290,6,11,14,2026-07-06T16:35:44+00:00,2026-08-31T18:27:32+00:00,delivered
SHP-0001041,ORD-101291,18,7,14,2026-06-19T08:17:56+00:00,2026-08-10T06:44:58+00:00,delivered
SHP-0001042,ORD-101292,2,9,11,2026-04-15T20:02:45+00:00,2026-08-31T08:54:28+00:00,delivered
SHP-0001043,ORD-101294,11,18,12,2026-03-10T12:37:12+00:00,,in_transit
SHP-0001044,ORD-101295,20,3,12,2026-04-02T00:46:56+00:00,,in_transit
SHP-0001045,ORD-101296,7,13,14,2026-04-17T23:02:15+00:00,2026-06-03T20:27:17+00:00,delivered
SHP-0001046,ORD-101297,5,1,6,2026-07-04T20:31:27+00:00,,in_transit
SHP-0001047,ORD-101299,7,11,1,2026-05-03T11:42:48+00:00,2026-06-22T16:37:13+00:00,delivered
SHP-0001048,ORD-101303,17,9,17,2026-03-06T06:51:00+00:00,2026-04-07T14:33:46+00:00,delivered
SHP-0001049,ORD-101304,9,2,20,2026-07-13T00:12:07+00:00,2026-07-15T15:11:32+00:00,delivered
SHP-0001050,ORD-101305,18,17,9,2026-07-11T08:17:56+00:00,,in_transit
SHP-0001051,ORD-101306,18,20,13,2026-07-25T12:12:14+00:00,2026-08-31T04:38:38+00:00,delivered
SHP-0001052,ORD-101307,20,11,1,2026-04-15T00:18:08+00:00,2026-06-17T06:05:35+00:00,delivered
SHP-0001053,ORD-101309,17,4,12,2026-05-16T02:34:10+00:00,2026-06-18T07:33:53+00:00,delivered
SHP-0001054,ORD-101310,5,12,12,2026-08-22T20:29:43+00:00,,in_transit
SHP-0001055,ORD-101311,17,11,1,2026-07-15T22:48:18+00:00,2026-08-18T03:43:51+00:00,delivered
SHP-0001056,ORD-101312,18,20,7,2026-05-14T11:55:21+00:00,2026-07-06T11:50:22+00:00,delivered
SHP-0001057,ORD-101313,17,4,5,2026-03-21T06:32:28+00:00,2026-04-23T09:56:45+00:00,delivered
SHP-0001058,ORD-101314,10,4,14,2026-08-01T13:08:12+00:00,2026-08-08T14:57:16+00:00,delivered
SHP-0001059,ORD-101315,19,1,13,2026-05-29T09:07:50+00:00,2026-08-31T08:39:46+00:00,delivered
SHP-0001060,ORD-101316,5,2,2,2026-07-07T10:18:23+00:00,,in_transit
SHP-0001061,ORD-101317,18,20,12,2026-05-03T00:19:51+00:00,2026-06-26T16:03:35+00:00,delivered
SHP-0001062,ORD-101319,15,1,3,2026-07-30T01:23:23+00:00,,in_transit
SHP-0001063,ORD-101320,18,15,17,2026-04-21T05:41:04+00:00,2026-06-11T17:35:40+00:00,delivered
SHP-0001064,ORD-101321,18,14,10,2026-08-07T15:17:09+00:00,,in_transit
SHP-0001065,ORD-101322,14,15,10,2026-05-20T08:39:36+00:00,,in_transit
SHP-0001066,ORD-101323,10,7,20,2026-06-10T08:00:09+00:00,2026-06-17T09:41:09+00:00,delivered
SHP-0001067,ORD-101324,13,16,5,2026-07-31T05:57:03+00:00,2026-08-31T08:24:35+00:00,delivered
SHP-0001068,ORD-101325,15,8,2,2026-04-26T08:50:21+00:00,,in_transit
SHP-0001069,ORD-101326,19,5,13,2026-06-08T20:47:30+00:00,2026-08-31T10:04:54+00:00,delivered
SHP-0001070,ORD-101327,14,9,9,2026-05-07T05:02:03+00:00,2026-08-31T13:22:12+00:00,delivered
SHP-0001071,ORD-101329,19,9,7,2026-07-16T05:53:11+00:00,2026-08-31T01:34:05+00:00,delivered
SHP-0001072,ORD-101330,19,17,20,2026-07-10T02:47:52+00:00,2026-08-31T00:25:02+00:00,delivered
SHP-0001073,ORD-101331,2,16,1,2026-03-13T22:11:22+00:00,2026-08-31T10:54:08+00:00,delivered
SHP-0001074,ORD-101333,12,11,7,2026-04-03T14:07:18+00:00,,in_transit
SHP-0001075,ORD-101335,13,13,16,2026-03-25T23:03:09+00:00,2026-08-31T01:43:15+00:00,delivered
SHP-0001076,ORD-101337,3,12,9,2026-08-27T16:18:46+00:00,2026-08-31T00:40:55+00:00,delivered
SHP-0001077,ORD-101338,11,9,14,2026-03-22T23:33:50+00:00,2026-03-24T08:11:25+00:00,delivered
SHP-0001078,ORD-101339,11,12,8,2026-03-30T07:26:12+00:00,2026-04-02T09:25:49+00:00,delivered
SHP-0001079,ORD-101340,8,15,2,2026-03-03T20:41:09+00:00,2026-08-31T08:14:28+00:00,delivered
SHP-0001080,ORD-101341,15,16,3,2026-03-04T14:41:53+00:00,2026-08-31T20:52:36+00:00,delivered
SHP-0001081,ORD-101342,12,19,3,2026-06-09T12:38:49+00:00,2026-06-16T23:23:57+00:00,delivered
SHP-0001082,ORD-101343,7,13,12,2026-05-06T22:45:51+00:00,2026-06-22T23:19:02+00:00,delivered
SHP-0001083,ORD-101344,10,11,14,2026-06-01T04:41:46+00:00,2026-06-04T00:30:34+00:00,delivered
SHP-0001084,ORD-101345,15,8,14,2026-03-30T00:37:41+00:00,2026-08-31T00:38:56+00:00,delivered
SHP-0001085,ORD-101346,19,1,12,2026-05-14T21:42:44+00:00,2026-08-31T21:10:33+00:00,delivered
SHP-0001086,ORD-101347,15,20,13,2026-06-30T09:27:01+00:00,2026-08-31T20:41:49+00:00,delivered
SHP-0001087,ORD-101348,15,15,10,2026-04-23T23:33:50+00:00,2026-08-31T23:53:36+00:00,delivered
SHP-0001088,ORD-101349,20,4,18,2026-04-17T04:46:07+00:00,2026-06-21T06:23:34+00:00,delivered
SHP-0001089,ORD-101350,16,19,16,2026-05-08T03:11:22+00:00,2026-08-31T12:38:37+00:00,delivered
SHP-0001090,ORD-101351,2,16,18,2026-03-22T06:02:20+00:00,2026-08-31T07:48:35+00:00,delivered
SHP-0001091,ORD-101353,16,15,15,2026-05-05T16:27:21+00:00,2026-08-31T18:14:05+00:00,delivered
SHP-0001092,ORD-101354,8,11,7,2026-07-25T11:15:32+00:00,2026-08-31T06:19:41+00:00,delivered
SHP-0001093,ORD-101355,3,7,13,2026-03-21T18:44:54+00:00,2026-06-21T16:02:46+00:00,delivered
SHP-0001094,ORD-101356,15,9,9,2026-08-14T03:03:50+00:00,2026-08-31T18:41:58+00:00,delivered
SHP-0001095,ORD-101357,3,20,14,2026-03-08T19:57:39+00:00,2026-06-05T16:34:56+00:00,delivered
SHP-0001096,ORD-101359,13,6,5,2026-03-16T21:15:36+00:00,2026-08-31T19:45:44+00:00,delivered
SHP-0001097,ORD-101360,1,2,2,2026-07-07T13:03:50+00:00,2026-07-11T08:30:43+00:00,delivered
SHP-0001098,ORD-101361,19,6,10,2026-07-14T20:06:31+00:00,2026-08-31T00:58:10+00:00,delivered
SHP-0001099,ORD-101362,13,1,5,2026-03-20T16:21:38+00:00,2026-08-31T11:46:51+00:00,delivered
SHP-0001100,ORD-101363,11,3,19,2026-06-22T03:41:43+00:00,2026-06-26T18:11:10+00:00,delivered
SHP-0001101,ORD-101364,10,19,19,2026-04-11T06:37:07+00:00,2026-04-17T22:45:25+00:00,delivered
SHP-0001102,ORD-101365,6,20,4,2026-06-15T07:42:24+00:00,2026-08-31T14:11:51+00:00,delivered
SHP-0001103,ORD-101368,9,15,16,2026-06-11T12:01:19+00:00,,in_transit
SHP-0001104,ORD-101369,5,7,2,2026-08-08T11:54:04+00:00,2026-08-09T00:15:53+00:00,delivered
SHP-0001105,ORD-101370,20,18,19,2026-08-31T21:13:37+00:00,2026-08-31T13:47:51+00:00,delivered
SHP-0001106,ORD-101371,16,14,17,2026-06-23T00:30:56+00:00,2026-08-31T14:35:41+00:00,delivered
SHP-0001107,ORD-101372,2,14,19,2026-05-13T18:11:43+00:00,,in_transit
SHP-0001108,ORD-101373,7,19,10,2026-05-23T21:36:39+00:00,,in_transit
SHP-0001109,ORD-101374,13,12,9,2026-04-23T23:10:10+00:00,2026-08-31T17:17:47+00:00,delivered
SHP-0001110,ORD-101375,19,10,11,2026-05-26T03:43:14+00:00,2026-08-31T19:26:31+00:00,delivered
SHP-0001111,ORD-101376,8,14,16,2026-06-12T16:50:51+00:00,2026-08-31T07:16:08+00:00,delivered
SHP-0001112,ORD-101377,2,11,5,2026-08-31T03:04:57+00:00,,in_transit
SHP-0001113,ORD-101379,2,15,2,2026-06-20T04:33:16+00:00,2026-08-31T00:34:05+00:00,delivered
SHP-0001114,ORD-101380,3,9,7,2026-06-18T20:19:42+00:00,2026-08-31T21:08:01+00:00,delivered
SHP-0001115,ORD-101381,9,10,4,2026-04-26T06:07:15+00:00,2026-05-02T00:04:00+00:00,delivered
SHP-0001116,ORD-101383,15,20,18,2026-04-05T02:34:36+00:00,2026-08-31T04:50:13+00:00,delivered
SHP-0001117,ORD-101384,20,17,14,2026-06-28T16:51:53+00:00,2026-08-29T10:21:47+00:00,delivered
SHP-0001118,ORD-101385,15,18,11,2026-04-30T07:42:25+00:00,2026-08-31T18:06:49+00:00,delivered
SHP-0001119,ORD-101386,5,14,15,2026-03-11T00:08:03+00:00,2026-03-13T16:20:54+00:00,delivered
SHP-0001120,ORD-101388,8,5,1,2026-08-21T08:01:49+00:00,2026-08-31T23:02:29+00:00,delivered
SHP-0001121,ORD-101389,20,14,5,2026-05-22T09:19:52+00:00,2026-07-25T08:17:09+00:00,delivered
SHP-0001122,ORD-101390,2,11,15,2026-08-27T01:44:18+00:00,,in_transit
SHP-0001123,ORD-101391,10,2,7,2026-04-29T20:49:03+00:00,2026-05-04T19:51:51+00:00,delivered
SHP-0001124,ORD-101393,4,13,12,2026-03-28T03:32:50+00:00,2026-08-31T08:59:22+00:00,delivered
SHP-0001125,ORD-101394,6,16,10,2026-06-30T00:52:50+00:00,2026-08-31T11:56:24+00:00,delivered
SHP-0001126,ORD-101395,11,2,2,2026-04-24T11:55:08+00:00,2026-04-30T20:37:13+00:00,delivered
SHP-0001127,ORD-101396,3,20,19,2026-08-22T22:39:19+00:00,2026-08-31T21:20:42+00:00,delivered
SHP-0001128,ORD-101397,5,7,5,2026-06-17T06:22:35+00:00,2026-06-20T01:11:51+00:00,delivered
SHP-0001129,ORD-101398,19,15,7,2026-05-01T11:16:50+00:00,2026-08-31T18:43:56+00:00,delivered
SHP-0001130,ORD-101399,5,14,10,2026-06-02T01:03:27+00:00,,in_transit
SHP-0001131,ORD-101400,13,19,8,2026-07-26T17:22:57+00:00,2026-08-31T06:31:29+00:00,delivered
SHP-0001132,ORD-101401,10,14,2,2026-08-17T02:48:27+00:00,2026-08-23T23:12:38+00:00,delivered
SHP-0001133,ORD-101402,19,4,16,2026-08-07T09:12:07+00:00,2026-08-31T11:42:57+00:00,delivered
SHP-0001134,ORD-101403,13,14,3,2026-03-16T15:37:58+00:00,,in_transit
SHP-0001135,ORD-101404,19,5,15,2026-06-17T23:06:33+00:00,2026-08-31T21:46:55+00:00,delivered
SHP-0001136,ORD-101405,5,9,1,2026-04-09T21:17:02+00:00,2026-04-14T03:29:26+00:00,delivered
SHP-0001137,ORD-101406,13,10,11,2026-05-27T18:22:10+00:00,2026-08-31T01:30:49+00:00,delivered
SHP-0001138,ORD-101407,5,5,15,2026-06-23T16:13:38+00:00,2026-06-29T06:46:50+00:00,delivered
SHP-0001139,ORD-101409,3,11,7,2026-05-07T15:04:23+00:00,,in_transit
SHP-0001140,ORD-101412,6,2,5,2026-08-24T07:13:04+00:00,2026-08-31T18:26:49+00:00,delivered
SHP-0001141,ORD-101413,20,20,10,2026-08-10T02:29:21+00:00,2026-08-31T13:55:00+00:00,delivered
SHP-0001142,ORD-101415,11,10,5,2026-05-29T01:19:50+00:00,2026-05-30T17:58:07+00:00,delivered
SHP-0001143,ORD-101416,18,7,19,2026-05-11T09:06:27+00:00,2026-07-01T09:38:55+00:00,delivered
SHP-0001144,ORD-101417,13,14,10,2026-06-24T02:32:28+00:00,,in_transit
SHP-0001145,ORD-101418,8,9,15,2026-08-17T00:18:02+00:00,2026-08-31T14:34:00+00:00,delivered
SHP-0001146,ORD-101419,19,16,6,2026-04-23T02:09:54+00:00,2026-08-31T04:23:24+00:00,delivered
SHP-0001147,ORD-101420,1,18,7,2026-03-08T13:41:38+00:00,2026-03-09T10:58:31+00:00,delivered
SHP-0001148,ORD-101421,7,11,14,2026-03-11T23:59:34+00:00,,in_transit
SHP-0001149,ORD-101422,20,3,16,2026-08-22T09:57:18+00:00,2026-08-31T08:46:37+00:00,delivered
SHP-0001150,ORD-101423,13,12,17,2026-07-24T13:27:07+00:00,2026-08-31T23:20:16+00:00,delivered
SHP-0001151,ORD-101424,5,9,19,2026-05-17T05:05:40+00:00,2026-05-23T05:26:13+00:00,delivered
SHP-0001152,ORD-101425,5,9,12,2026-04-23T13:29:59+00:00,2026-04-26T22:17:32+00:00,delivered
SHP-0001153,ORD-101426,3,4,13,2026-06-05T21:52:47+00:00,2026-08-31T18:05:57+00:00,delivered
SHP-0001154,ORD-101427,12,11,5,2026-06-22T18:27:19+00:00,2026-06-24T16:42:47+00:00,delivered
SHP-0001155,ORD-101429,9,9,2,2026-04-08T01:24:51+00:00,,in_transit
SHP-0001156,ORD-101430,5,7,19,2026-05-19T07:15:52+00:00,2026-05-21T02:34:44+00:00,delivered
SHP-0001157,ORD-101431,3,13,4,2026-03-29T10:04:17+00:00,2026-06-29T11:09:36+00:00,delivered
SHP-0001158,ORD-101432,14,14,20,2026-08-04T13:56:15+00:00,2026-08-31T10:22:25+00:00,delivered
SHP-0001159,ORD-101433,7,19,4,2026-07-20T23:27:08+00:00,2026-08-31T19:39:47+00:00,delivered
SHP-0001160,ORD-101434,14,20,2,2026-08-03T02:52:56+00:00,2026-08-31T15:36:46+00:00,delivered
SHP-0001161,ORD-101436,1,12,13,2026-04-21T05:52:19+00:00,2026-04-22T20:17:57+00:00,delivered
SHP-0001162,ORD-101437,9,13,5,2026-06-16T10:15:43+00:00,2026-06-20T06:46:08+00:00,delivered
SHP-0001163,ORD-101439,12,20,1,2026-03-15T14:30:06+00:00,2026-03-20T02:01:58+00:00,delivered
SHP-0001164,ORD-101440,18,15,12,2026-04-15T15:14:21+00:00,,in_transit
SHP-0001165,ORD-101441,10,8,8,2026-07-22T18:03:27+00:00,2026-07-24T06:56:16+00:00,delivered
SHP-0001166,ORD-101442,16,20,4,2026-08-07T04:28:22+00:00,2026-08-31T14:58:07+00:00,delivered
SHP-0001167,ORD-101443,8,11,20,2026-07-25T02:02:00+00:00,2026-08-31T20:46:43+00:00,delivered
SHP-0001168,ORD-101444,9,14,19,2026-05-07T02:16:09+00:00,,in_transit
SHP-0001169,ORD-101446,17,11,17,2026-03-14T23:55:27+00:00,2026-04-17T06:40:08+00:00,delivered
SHP-0001170,ORD-101447,16,8,6,2026-06-25T22:18:52+00:00,2026-08-31T13:40:13+00:00,delivered
SHP-0001171,ORD-101448,12,7,11,2026-08-16T02:52:32+00:00,2026-08-19T14:20:31+00:00,delivered
SHP-0001172,ORD-101449,4,11,5,2026-07-09T05:36:53+00:00,2026-08-31T22:14:28+00:00,delivered
SHP-0001173,ORD-101450,9,7,15,2026-07-14T20:08:14+00:00,,in_transit
SHP-0001174,ORD-101452,5,18,15,2026-05-22T17:59:13+00:00,2026-05-26T06:38:03+00:00,delivered
SHP-0001175,ORD-101453,10,14,1,2026-07-08T21:36:40+00:00,2026-07-13T22:35:14+00:00,delivered
SHP-0001176,ORD-101454,7,6,16,2026-07-12T07:40:19+00:00,2026-08-29T14:47:52+00:00,delivered
SHP-0001177,ORD-101455,14,14,14,2026-07-20T12:06:02+00:00,2026-08-31T08:40:16+00:00,delivered
SHP-0001178,ORD-101456,4,17,16,2026-05-19T19:10:17+00:00,2026-08-31T23:47:33+00:00,delivered
SHP-0001179,ORD-101457,20,4,18,2026-05-08T07:34:01+00:00,2026-07-08T22:41:15+00:00,delivered
SHP-0001180,ORD-101458,13,6,6,2026-07-30T00:04:24+00:00,2026-08-31T02:49:43+00:00,delivered
SHP-0001181,ORD-101459,4,13,7,2026-07-08T21:04:18+00:00,2026-08-31T07:52:52+00:00,delivered
SHP-0001182,ORD-101460,1,20,1,2026-07-31T07:06:42+00:00,2026-08-01T05:39:22+00:00,delivered
SHP-0001183,ORD-101461,15,17,8,2026-07-04T08:13:50+00:00,2026-08-31T09:54:19+00:00,delivered
SHP-0001184,ORD-101462,16,20,8,2026-03-31T21:46:46+00:00,2026-08-31T08:03:02+00:00,delivered
SHP-0001185,ORD-101463,1,18,8,2026-07-19T04:43:47+00:00,2026-07-20T08:44:04+00:00,delivered
SHP-0001186,ORD-101464,12,7,6,2026-04-19T12:31:43+00:00,2026-04-25T05:33:57+00:00,delivered
SHP-0001187,ORD-101465,4,11,4,2026-03-25T10:12:32+00:00,2026-08-31T19:00:11+00:00,delivered
SHP-0001188,ORD-101466,9,1,10,2026-04-16T21:00:23+00:00,2026-04-21T06:41:54+00:00,delivered
SHP-0001189,ORD-101467,3,14,16,2026-08-05T14:03:14+00:00,2026-08-31T05:35:18+00:00,delivered
SHP-0001190,ORD-101468,17,17,8,2026-05-06T10:20:45+00:00,2026-06-07T01:21:59+00:00,delivered
SHP-0001191,ORD-101469,3,4,3,2026-07-09T05:04:52+00:00,2026-08-31T04:00:23+00:00,delivered
SHP-0001192,ORD-101470,9,16,9,2026-03-10T15:51:04+00:00,2026-03-15T02:04:43+00:00,delivered
SHP-0001193,ORD-101472,9,4,4,2026-03-18T08:52:58+00:00,2026-03-19T18:03:58+00:00,delivered
SHP-0001194,ORD-101473,14,10,11,2026-07-09T02:59:57+00:00,2026-08-31T03:28:27+00:00,delivered
SHP-0001195,ORD-101475,5,16,6,2026-05-24T14:10:39+00:00,2026-05-26T11:45:32+00:00,delivered
SHP-0001196,ORD-101476,7,20,17,2026-04-28T09:49:24+00:00,2026-06-16T21:27:12+00:00,delivered
SHP-0001197,ORD-101477,18,5,8,2026-05-15T19:04:35+00:00,,in_transit
SHP-0001198,ORD-101478,18,2,4,2026-06-17T08:44:56+00:00,2026-08-10T06:15:17+00:00,delivered
SHP-0001199,ORD-101479,3,4,10,2026-06-06T06:17:55+00:00,2026-08-31T11:51:45+00:00,delivered
SHP-0001200,ORD-101481,10,14,9,2026-04-13T15:41:39+00:00,2026-04-16T19:07:07+00:00,delivered
SHP-0001201,ORD-101482,9,3,17,2026-08-19T07:54:17+00:00,2026-08-20T08:23:41+00:00,delivered
SHP-0001202,ORD-101483,19,10,8,2026-04-16T23:30:34+00:00,2026-08-31T04:16:25+00:00,delivered
SHP-0001203,ORD-101484,13,3,17,2026-04-16T15:38:44+00:00,2026-08-31T04:51:54+00:00,delivered
SHP-0001204,ORD-101485,2,20,18,2026-06-08T13:50:55+00:00,2026-08-31T15:10:35+00:00,delivered
SHP-0001205,ORD-101488,3,19,12,2026-05-14T05:33:45+00:00,2026-08-16T02:45:22+00:00,delivered
SHP-0001206,ORD-101489,20,7,20,2026-08-31T08:46:43+00:00,2026-08-31T01:23:37+00:00,delivered
SHP-0001207,ORD-101491,20,10,5,2026-06-19T12:10:42+00:00,,in_transit
SHP-0001208,ORD-101492,13,11,13,2026-05-20T11:15:21+00:00,2026-08-31T19:40:14+00:00,delivered
SHP-0001209,ORD-101493,9,18,12,2026-08-14T23:58:47+00:00,,in_transit
SHP-0001210,ORD-101494,11,11,6,2026-03-22T06:50:39+00:00,,in_transit
SHP-0001211,ORD-101495,16,18,11,2026-05-07T02:45:12+00:00,2026-08-31T10:14:53+00:00,delivered
SHP-0001212,ORD-101496,20,17,12,2026-07-05T04:01:25+00:00,2026-08-31T00:17:03+00:00,delivered
SHP-0001213,ORD-101497,7,16,3,2026-05-09T12:03:15+00:00,2026-06-22T22:39:04+00:00,delivered
SHP-0001214,ORD-101498,8,18,18,2026-03-19T01:46:10+00:00,2026-08-31T02:14:30+00:00,delivered
SHP-0001215,ORD-101499,3,10,11,2026-03-11T19:56:03+00:00,2026-06-13T09:22:22+00:00,delivered
SHP-0001216,ORD-101501,20,13,9,2026-04-05T00:27:08+00:00,,in_transit
SHP-0001217,ORD-101502,1,9,5,2026-06-09T14:44:56+00:00,2026-06-12T17:15:47+00:00,delivered
SHP-0001218,ORD-101504,2,11,20,2026-04-13T18:04:47+00:00,,in_transit
SHP-0001219,ORD-101505,19,16,18,2026-05-12T11:21:16+00:00,2026-08-31T23:33:24+00:00,delivered
SHP-0001220,ORD-101506,1,11,2,2026-03-21T23:08:58+00:00,2026-03-23T13:31:09+00:00,delivered
SHP-0001221,ORD-101507,1,4,14,2026-03-18T03:14:42+00:00,2026-03-23T01:43:15+00:00,delivered
SHP-0001222,ORD-101508,1,13,16,2026-07-06T21:57:32+00:00,2026-07-08T04:48:35+00:00,delivered
SHP-0001223,ORD-101509,3,8,13,2026-05-31T08:26:40+00:00,2026-08-30T13:59:47+00:00,delivered
SHP-0001224,ORD-101510,11,13,3,2026-07-27T18:08:05+00:00,2026-07-29T11:25:38+00:00,delivered
SHP-0001225,ORD-101511,14,8,2,2026-07-26T11:10:31+00:00,2026-08-31T02:36:27+00:00,delivered
SHP-0001226,ORD-101512,2,7,4,2026-05-09T19:05:36+00:00,2026-08-31T03:31:24+00:00,delivered
SHP-0001227,ORD-101513,14,1,14,2026-05-03T06:22:26+00:00,2026-08-31T04:11:12+00:00,delivered
SHP-0001228,ORD-101514,7,6,16,2026-08-13T06:01:13+00:00,2026-08-31T06:54:47+00:00,delivered
SHP-0001229,ORD-101515,5,5,1,2026-05-20T07:53:34+00:00,2026-05-21T03:35:32+00:00,delivered
SHP-0001230,ORD-101516,14,6,17,2026-08-21T02:29:31+00:00,2026-08-31T03:41:59+00:00,delivered
SHP-0001231,ORD-101517,1,7,16,2026-04-25T19:03:45+00:00,2026-04-28T10:00:12+00:00,delivered
SHP-0001232,ORD-101519,11,13,11,2026-04-03T04:18:54+00:00,2026-04-10T02:08:44+00:00,delivered
SHP-0001233,ORD-101520,10,19,15,2026-07-20T14:31:26+00:00,2026-07-22T10:07:17+00:00,delivered
SHP-0001234,ORD-101521,19,4,19,2026-03-25T20:20:42+00:00,,in_transit
SHP-0001235,ORD-101522,19,3,12,2026-08-21T19:22:46+00:00,2026-08-31T22:57:37+00:00,delivered
SHP-0001236,ORD-101523,15,10,3,2026-07-13T04:40:29+00:00,,in_transit
SHP-0001237,ORD-101525,7,15,8,2026-07-21T09:49:16+00:00,2026-08-31T00:12:41+00:00,delivered
SHP-0001238,ORD-101526,8,13,15,2026-06-07T06:38:15+00:00,2026-08-31T01:20:16+00:00,delivered
SHP-0001239,ORD-101527,13,18,4,2026-05-05T01:54:10+00:00,2026-08-31T16:32:27+00:00,delivered
SHP-0001240,ORD-101529,2,8,10,2026-07-26T23:31:18+00:00,2026-08-31T08:25:28+00:00,delivered
SHP-0001241,ORD-101530,13,6,12,2026-07-27T20:04:06+00:00,,in_transit
SHP-0001242,ORD-101532,2,2,13,2026-08-24T05:53:46+00:00,,in_transit
SHP-0001243,ORD-101533,19,19,7,2026-05-23T20:39:55+00:00,2026-08-31T05:44:48+00:00,delivered
SHP-0001244,ORD-101535,11,15,16,2026-04-02T02:37:08+00:00,,in_transit
SHP-0001245,ORD-101536,18,16,4,2026-07-21T19:55:41+00:00,2026-08-31T14:31:33+00:00,delivered
SHP-0001246,ORD-101537,9,10,11,2026-08-03T07:28:22+00:00,2026-08-08T03:44:47+00:00,delivered
SHP-0001247,ORD-101538,6,8,18,2026-06-01T11:04:20+00:00,2026-08-31T15:57:15+00:00,delivered
SHP-0001248,ORD-101539,14,3,19,2026-05-16T07:16:27+00:00,2026-08-31T16:47:13+00:00,delivered
SHP-0001249,ORD-101540,2,11,16,2026-04-17T16:40:08+00:00,2026-08-31T10:55:56+00:00,delivered
SHP-0001250,ORD-101541,7,17,13,2026-07-17T05:45:59+00:00,2026-08-31T02:24:07+00:00,delivered
SHP-0001251,ORD-101542,17,19,9,2026-08-10T02:49:50+00:00,2026-08-31T19:09:11+00:00,delivered
SHP-0001252,ORD-101543,6,20,6,2026-08-30T10:34:57+00:00,,in_transit
SHP-0001253,ORD-101544,8,20,1,2026-03-24T09:28:37+00:00,,in_transit
SHP-0001254,ORD-101545,18,10,15,2026-06-08T12:03:43+00:00,2026-08-01T09:40:13+00:00,delivered
SHP-0001255,ORD-101546,17,4,16,2026-07-17T05:47:25+00:00,,in_transit
SHP-0001256,ORD-101547,17,2,8,2026-03-07T03:03:45+00:00,,in_transit
SHP-0001257,ORD-101548,4,13,5,2026-06-10T05:57:36+00:00,2026-08-31T19:58:59+00:00,delivered
SHP-0001258,ORD-101549,3,1,4,2026-03-29T14:16:39+00:00,2026-06-25T09:26:37+00:00,delivered
SHP-0001259,ORD-101550,11,18,10,2026-04-23T10:30:55+00:00,2026-04-29T20:31:34+00:00,delivered
SHP-0001260,ORD-101551,5,1,12,2026-03-22T20:59:47+00:00,2026-03-23T05:15:42+00:00,delivered
SHP-0001261,ORD-101552,14,6,19,2026-06-22T17:44:10+00:00,2026-08-31T23:51:04+00:00,delivered
SHP-0001262,ORD-101553,19,19,12,2026-04-18T04:07:54+00:00,,in_transit
SHP-0001263,ORD-101555,2,12,2,2026-07-02T23:48:10+00:00,2026-08-31T22:48:10+00:00,delivered
SHP-0001264,ORD-101556,9,18,12,2026-08-04T23:33:01+00:00,2026-08-08T04:53:46+00:00,delivered
SHP-0001265,ORD-101557,8,7,15,2026-03-09T15:10:06+00:00,2026-08-31T17:08:58+00:00,delivered
SHP-0001266,ORD-101558,20,12,13,2026-03-15T16:43:56+00:00,2026-05-12T06:45:16+00:00,delivered
SHP-0001267,ORD-101559,9,10,16,2026-07-15T08:06:09+00:00,2026-07-21T12:46:03+00:00,delivered
SHP-0001268,ORD-101560,18,13,20,2026-03-30T22:21:30+00:00,2026-05-18T12:01:08+00:00,delivered
SHP-0001269,ORD-101561,12,18,3,2026-04-05T07:21:15+00:00,2026-04-12T04:16:53+00:00,delivered
SHP-0001270,ORD-101562,13,8,10,2026-05-10T22:55:01+00:00,,in_transit
SHP-0001271,ORD-101563,3,10,12,2026-05-07T12:55:21+00:00,2026-08-10T17:04:38+00:00,delivered
SHP-0001272,ORD-101564,16,17,1,2026-06-25T09:51:07+00:00,,in_transit
SHP-0001273,ORD-101565,16,8,14,2026-05-22T07:19:48+00:00,2026-08-31T16:29:11+00:00,delivered
SHP-0001274,ORD-101566,4,3,18,2026-03-12T04:53:49+00:00,,in_transit
SHP-0001275,ORD-101567,4,12,18,2026-04-15T10:56:23+00:00,2026-08-31T03:46:44+00:00,delivered
SHP-0001276,ORD-101568,15,13,16,2026-08-31T00:31:52+00:00,,in_transit
SHP-0001277,ORD-101569,14,14,10,2026-08-08T01:28:49+00:00,2026-08-31T03:03:46+00:00,delivered
SHP-0001278,ORD-101570,16,16,19,2026-04-11T23:38:09+00:00,2026-08-31T08:37:45+00:00,delivered
SHP-0001279,ORD-101571,4,15,18,2026-08-15T22:42:46+00:00,2026-08-31T16:57:53+00:00,delivered
SHP-0001280,ORD-101572,16,13,1,2026-03-20T20:06:30+00:00,2026-08-31T17:20:12+00:00,delivered
SHP-0001281,ORD-101574,12,15,6,2026-04-08T18:46:38+00:00,2026-04-16T09:11:44+00:00,delivered
SHP-0001282,ORD-101575,10,19,3,2026-04-24T10:32:19+00:00,2026-04-26T12:40:14+00:00,delivered
SHP-0001283,ORD-101577,12,6,9,2026-03-11T05:40:41+00:00,2026-03-13T10:14:47+00:00,delivered
SHP-0001284,ORD-101578,14,8,6,2026-07-25T03:14:24+00:00,,in_transit
SHP-0001285,ORD-101579,15,12,16,2026-07-23T00:23:10+00:00,2026-08-31T23:22:42+00:00,delivered
SHP-0001286,ORD-101580,12,6,11,2026-03-12T21:22:04+00:00,2026-03-14T01:24:41+00:00,delivered
SHP-0001287,ORD-101581,3,11,17,2026-07-03T20:01:42+00:00,2026-08-31T08:51:55+00:00,delivered
SHP-0001288,ORD-101582,20,4,6,2026-07-06T18:46:28+00:00,2026-08-31T08:33:44+00:00,delivered
SHP-0001289,ORD-101583,20,11,17,2026-07-24T17:51:37+00:00,2026-08-31T16:54:01+00:00,delivered
SHP-0001290,ORD-101584,1,2,11,2026-05-27T12:45:14+00:00,2026-05-28T22:46:57+00:00,delivered
SHP-0001291,ORD-101585,17,14,9,2026-08-17T04:32:07+00:00,2026-08-31T13:28:53+00:00,delivered
SHP-0001292,ORD-101586,12,3,9,2026-07-26T23:27:23+00:00,2026-07-30T00:15:14+00:00,delivered
SHP-0001293,ORD-101587,12,13,9,2026-07-08T11:02:33+00:00,2026-07-16T09:41:06+00:00,delivered
SHP-0001294,ORD-101588,5,6,14,2026-08-30T03:57:13+00:00,2026-08-31T12:16:06+00:00,delivered
SHP-0001295,ORD-101589,19,12,9,2026-06-03T20:52:59+00:00,2026-08-31T01:33:14+00:00,delivered
SHP-0001296,ORD-101590,5,20,14,2026-08-21T04:29:27+00:00,2026-08-22T11:42:58+00:00,delivered
SHP-0001297,ORD-101591,6,20,20,2026-04-06T22:48:22+00:00,,in_transit
SHP-0001298,ORD-101592,16,10,12,2026-07-25T00:08:47+00:00,2026-08-31T13:08:36+00:00,delivered
SHP-0001299,ORD-101593,19,7,6,2026-05-16T07:47:44+00:00,,in_transit
SHP-0001300,ORD-101594,17,15,18,2026-06-22T05:25:01+00:00,2026-07-23T16:16:15+00:00,delivered
SHP-0001301,ORD-101595,18,6,15,2026-06-24T14:16:23+00:00,2026-08-16T15:30:28+00:00,delivered
SHP-0001302,ORD-101596,11,7,17,2026-03-15T07:37:52+00:00,,in_transit
SHP-0001303,ORD-101597,18,13,19,2026-07-06T22:46:53+00:00,2026-08-30T15:03:56+00:00,delivered
SHP-0001304,ORD-101598,19,3,17,2026-04-17T18:33:50+00:00,2026-08-31T16:42:50+00:00,delivered
SHP-0001305,ORD-101599,7,2,3,2026-08-31T19:17:29+00:00,2026-08-31T20:21:40+00:00,delivered
SHP-0001306,ORD-101600,16,16,18,2026-07-05T20:40:09+00:00,2026-08-31T18:05:45+00:00,delivered
SHP-0001307,ORD-101601,1,6,11,2026-03-14T02:20:31+00:00,2026-03-19T19:03:25+00:00,delivered
SHP-0001308,ORD-101603,16,10,17,2026-04-19T06:54:02+00:00,,in_transit
SHP-0001309,ORD-101605,15,3,1,2026-08-24T09:45:41+00:00,2026-08-31T01:13:42+00:00,delivered
SHP-0001310,ORD-101608,2,16,7,2026-04-27T10:46:00+00:00,,in_transit
SHP-0001311,ORD-101609,18,3,9,2026-03-26T19:44:40+00:00,2026-05-14T05:43:24+00:00,delivered
SHP-0001312,ORD-101610,7,2,19,2026-08-19T10:04:40+00:00,2026-08-31T08:14:37+00:00,delivered
SHP-0001313,ORD-101611,11,7,12,2026-06-10T06:55:59+00:00,2026-06-14T16:06:05+00:00,delivered
SHP-0001314,ORD-101614,10,16,3,2026-08-31T22:08:47+00:00,2026-08-31T02:23:31+00:00,delivered
SHP-0001315,ORD-101615,3,12,12,2026-07-16T04:44:34+00:00,,in_transit
SHP-0001316,ORD-101616,18,7,12,2026-07-06T19:41:26+00:00,2026-08-24T11:46:57+00:00,delivered
SHP-0001317,ORD-101617,16,13,10,2026-04-11T11:48:01+00:00,2026-08-31T17:30:20+00:00,delivered
SHP-0001318,ORD-101620,8,10,7,2026-05-18T17:56:40+00:00,2026-08-31T05:13:31+00:00,delivered
SHP-0001319,ORD-101623,19,12,12,2026-04-01T14:07:15+00:00,2026-08-31T16:47:38+00:00,delivered
SHP-0001320,ORD-101624,20,17,9,2026-07-17T16:29:28+00:00,,in_transit
SHP-0001321,ORD-101625,13,20,2,2026-03-22T20:49:01+00:00,2026-08-31T04:46:11+00:00,delivered
SHP-0001322,ORD-101628,20,18,5,2026-07-01T22:50:30+00:00,2026-08-31T20:30:32+00:00,delivered
SHP-0001323,ORD-101629,15,17,11,2026-06-19T10:00:50+00:00,,in_transit
SHP-0001324,ORD-101630,2,15,20,2026-08-26T07:45:11+00:00,2026-08-31T21:05:01+00:00,delivered
SHP-0001325,ORD-101631,5,16,4,2026-06-15T02:29:28+00:00,2026-06-16T23:22:27+00:00,delivered
SHP-0001326,ORD-101632,7,11,7,2026-07-30T22:35:51+00:00,2026-08-31T15:21:45+00:00,delivered
SHP-0001327,ORD-101633,12,5,18,2026-04-22T03:20:24+00:00,2026-04-30T14:11:04+00:00,delivered
SHP-0001328,ORD-101634,8,16,8,2026-07-22T00:55:56+00:00,2026-08-31T07:30:06+00:00,delivered
SHP-0001329,ORD-101636,17,11,10,2026-04-03T03:51:00+00:00,2026-05-04T23:58:48+00:00,delivered
SHP-0001330,ORD-101637,15,16,17,2026-07-04T09:48:23+00:00,2026-08-31T04:13:21+00:00,delivered
SHP-0001331,ORD-101638,5,1,17,2026-03-14T21:07:27+00:00,2026-03-16T03:25:24+00:00,delivered
SHP-0001332,ORD-101639,4,10,11,2026-03-25T17:19:02+00:00,2026-08-31T01:02:55+00:00,delivered
SHP-0001333,ORD-101641,20,4,16,2026-05-03T01:33:46+00:00,2026-07-05T10:49:32+00:00,delivered
SHP-0001334,ORD-101643,2,17,15,2026-03-12T06:04:31+00:00,,in_transit
SHP-0001335,ORD-101645,13,6,19,2026-04-12T11:59:31+00:00,2026-08-31T12:11:49+00:00,delivered
SHP-0001336,ORD-101646,19,6,13,2026-05-20T02:16:53+00:00,2026-08-31T01:57:17+00:00,delivered
SHP-0001337,ORD-101648,10,16,14,2026-05-31T04:01:38+00:00,2026-06-01T08:38:32+00:00,delivered
SHP-0001338,ORD-101649,18,11,12,2026-04-20T10:24:05+00:00,2026-06-12T06:18:09+00:00,delivered
SHP-0001339,ORD-101650,7,19,12,2026-04-08T08:59:08+00:00,2026-05-26T02:53:00+00:00,delivered
SHP-0001340,ORD-101651,12,10,2,2026-04-07T22:42:11+00:00,2026-04-11T12:12:13+00:00,delivered
SHP-0001341,ORD-101652,20,20,11,2026-04-26T16:50:32+00:00,2026-06-30T09:27:56+00:00,delivered
SHP-0001342,ORD-101653,19,16,12,2026-08-13T20:56:31+00:00,2026-08-31T02:12:26+00:00,delivered
SHP-0001343,ORD-101654,13,7,4,2026-06-15T15:28:38+00:00,2026-08-31T22:45:49+00:00,delivered
SHP-0001344,ORD-101655,11,9,18,2026-05-03T00:10:15+00:00,2026-05-04T03:25:25+00:00,delivered
SHP-0001345,ORD-101657,8,13,12,2026-07-24T01:18:25+00:00,2026-08-31T05:15:45+00:00,delivered
SHP-0001346,ORD-101658,5,3,2,2026-06-15T16:18:02+00:00,2026-06-19T01:26:08+00:00,delivered
SHP-0001347,ORD-101659,11,14,12,2026-07-03T01:34:13+00:00,2026-07-05T13:33:25+00:00,delivered
SHP-0001348,ORD-101660,18,1,2,2026-03-25T10:54:50+00:00,2026-05-12T19:57:09+00:00,delivered
SHP-0001349,ORD-101661,13,20,7,2026-04-18T05:08:36+00:00,2026-08-31T10:11:09+00:00,delivered
SHP-0001350,ORD-101662,6,18,2,2026-05-25T01:30:52+00:00,,in_transit
SHP-0001351,ORD-101663,19,11,18,2026-04-17T07:34:31+00:00,2026-08-31T20:01:17+00:00,delivered
SHP-0001352,ORD-101664,2,17,1,2026-03-05T09:12:13+00:00,2026-08-31T11:37:45+00:00,delivered
SHP-0001353,ORD-101665,4,1,14,2026-06-07T05:11:51+00:00,2026-08-31T06:20:11+00:00,delivered
SHP-0001354,ORD-101666,2,15,4,2026-08-24T19:50:37+00:00,2026-08-31T02:30:05+00:00,delivered
SHP-0001355,ORD-101667,11,14,8,2026-06-30T11:38:23+00:00,2026-07-03T20:22:10+00:00,delivered
SHP-0001356,ORD-101668,16,13,16,2026-06-22T03:03:25+00:00,,in_transit
SHP-0001357,ORD-101671,13,17,10,2026-04-02T11:56:19+00:00,2026-08-31T09:44:51+00:00,delivered
SHP-0001358,ORD-101673,1,3,15,2026-08-25T00:24:06+00:00,2026-08-26T15:25:56+00:00,delivered
SHP-0001359,ORD-101676,7,3,14,2026-05-11T16:16:25+00:00,2026-06-25T23:04:50+00:00,delivered
SHP-0001360,ORD-101677,8,9,19,2026-07-12T10:00:27+00:00,2026-08-31T13:48:55+00:00,delivered
SHP-0001361,ORD-101678,11,18,20,2026-08-14T21:02:40+00:00,2026-08-15T21:00:31+00:00,delivered
SHP-0001362,ORD-101679,18,10,16,2026-06-21T09:53:31+00:00,2026-08-13T20:54:17+00:00,delivered
SHP-0001363,ORD-101680,8,1,19,2026-05-09T06:30:01+00:00,2026-08-31T10:03:16+00:00,delivered
SHP-0001364,ORD-101681,4,16,19,2026-07-14T04:32:04+00:00,2026-08-31T01:38:22+00:00,delivered
SHP-0001365,ORD-101682,9,13,6,2026-06-24T23:31:32+00:00,2026-06-29T08:02:51+00:00,delivered
SHP-0001366,ORD-101683,20,3,6,2026-03-08T10:24:31+00:00,2026-05-07T05:13:15+00:00,delivered
SHP-0001367,ORD-101685,16,2,15,2026-04-19T19:15:57+00:00,,in_transit
SHP-0001368,ORD-101686,9,11,8,2026-03-31T20:51:58+00:00,2026-04-02T21:54:50+00:00,delivered
SHP-0001369,ORD-101687,19,4,14,2026-06-03T21:50:57+00:00,2026-08-31T16:46:40+00:00,delivered
SHP-0001370,ORD-101688,5,16,11,2026-07-29T06:23:48+00:00,,in_transit
SHP-0001371,ORD-101689,2,8,17,2026-04-16T10:56:45+00:00,2026-08-31T01:35:30+00:00,delivered
SHP-0001372,ORD-101690,2,2,17,2026-07-29T00:39:51+00:00,2026-08-31T04:24:41+00:00,delivered
SHP-0001373,ORD-101693,8,12,11,2026-04-24T20:32:33+00:00,2026-08-31T10:58:14+00:00,delivered
SHP-0001374,ORD-101694,7,12,8,2026-05-08T14:04:23+00:00,2026-06-25T16:31:47+00:00,delivered
SHP-0001375,ORD-101695,10,11,8,2026-03-29T00:38:15+00:00,2026-03-31T03:37:21+00:00,delivered
SHP-0001376,ORD-101696,7,7,1,2026-03-31T13:06:51+00:00,2026-05-20T18:40:41+00:00,delivered
SHP-0001377,ORD-101697,19,9,16,2026-04-07T07:09:23+00:00,2026-08-31T09:27:35+00:00,delivered
SHP-0001378,ORD-101699,5,11,15,2026-03-10T23:44:46+00:00,2026-03-13T08:20:27+00:00,delivered
SHP-0001379,ORD-101700,3,12,11,2026-06-24T13:30:51+00:00,,in_transit
SHP-0001380,ORD-101701,1,1,19,2026-07-26T02:53:16+00:00,2026-07-27T12:40:30+00:00,delivered
SHP-0001381,ORD-101702,14,10,18,2026-06-02T18:38:09+00:00,2026-08-31T11:26:01+00:00,delivered
SHP-0001382,ORD-101705,4,13,7,2026-06-05T03:40:02+00:00,2026-08-31T15:51:30+00:00,delivered
SHP-0001383,ORD-101706,8,12,17,2026-04-12T19:57:48+00:00,2026-08-31T18:26:18+00:00,delivered
SHP-0001384,ORD-101707,9,20,6,2026-08-25T18:29:47+00:00,2026-08-29T15:59:45+00:00,delivered
SHP-0001385,ORD-101710,8,2,20,2026-05-12T02:37:07+00:00,2026-08-31T22:25:48+00:00,delivered
SHP-0001386,ORD-101711,7,1,17,2026-06-04T11:26:48+00:00,,in_transit
SHP-0001387,ORD-101714,9,7,1,2026-06-02T21:28:10+00:00,2026-06-03T18:57:21+00:00,delivered
SHP-0001388,ORD-101715,16,14,14,2026-04-06T19:34:01+00:00,2026-08-31T12:01:15+00:00,delivered
SHP-0001389,ORD-101716,6,8,16,2026-06-29T15:55:49+00:00,2026-08-31T03:27:22+00:00,delivered
SHP-0001390,ORD-101718,16,7,2,2026-04-15T15:42:02+00:00,2026-08-31T19:32:09+00:00,delivered
SHP-0001391,ORD-101719,17,18,1,2026-03-18T02:44:24+00:00,,in_transit
SHP-0001392,ORD-101720,19,18,5,2026-08-13T17:29:38+00:00,2026-08-31T07:04:06+00:00,delivered
SHP-0001393,ORD-101721,9,14,14,2026-06-23T20:37:16+00:00,2026-06-24T11:38:24+00:00,delivered
SHP-0001394,ORD-101723,6,5,3,2026-07-17T14:36:13+00:00,2026-08-31T14:30:50+00:00,delivered
SHP-0001395,ORD-101724,13,13,18,2026-04-13T22:29:48+00:00,2026-08-31T22:29:09+00:00,delivered
SHP-0001396,ORD-101725,16,15,13,2026-08-01T22:55:54+00:00,2026-08-31T01:18:01+00:00,delivered
SHP-0001397,ORD-101726,20,3,1,2026-06-06T14:51:06+00:00,2026-08-03T09:01:16+00:00,delivered
SHP-0001398,ORD-101727,3,8,12,2026-04-06T10:01:05+00:00,2026-07-04T09:39:25+00:00,delivered
SHP-0001399,ORD-101728,7,3,8,2026-06-04T15:03:44+00:00,,in_transit
SHP-0001400,ORD-101729,3,15,7,2026-08-19T14:13:15+00:00,2026-08-31T05:06:45+00:00,delivered
SHP-0001401,ORD-101730,16,9,1,2026-08-13T00:26:04+00:00,2026-08-31T05:46:43+00:00,delivered
SHP-0001402,ORD-101731,17,18,1,2026-06-08T01:19:21+00:00,2026-07-13T02:04:53+00:00,delivered
SHP-0001403,ORD-101732,3,14,14,2026-05-23T01:54:20+00:00,2026-08-23T15:31:38+00:00,delivered
SHP-0001404,ORD-101733,17,16,11,2026-05-27T08:56:06+00:00,2026-06-30T03:49:46+00:00,delivered
SHP-0001405,ORD-101734,17,16,18,2026-04-12T12:54:20+00:00,2026-05-10T17:10:25+00:00,delivered
SHP-0001406,ORD-101735,9,14,6,2026-05-10T13:32:16+00:00,2026-05-13T14:42:32+00:00,delivered
SHP-0001407,ORD-101736,15,3,9,2026-03-14T07:27:23+00:00,2026-08-31T01:27:34+00:00,delivered
SHP-0001408,ORD-101737,16,15,12,2026-04-11T03:45:47+00:00,2026-08-31T00:05:44+00:00,delivered
SHP-0001409,ORD-101738,1,16,5,2026-03-04T22:05:38+00:00,2026-03-10T01:27:27+00:00,delivered
SHP-0001410,ORD-101739,6,15,9,2026-04-17T22:03:57+00:00,2026-08-16T06:27:53+00:00,delivered
SHP-0001411,ORD-101740,19,3,6,2026-03-28T21:49:10+00:00,,in_transit
SHP-0001412,ORD-101742,3,3,14,2026-06-13T22:26:09+00:00,2026-08-31T14:57:24+00:00,delivered
SHP-0001413,ORD-101743,13,18,1,2026-05-30T12:39:17+00:00,2026-08-31T11:02:51+00:00,delivered
SHP-0001414,ORD-101744,20,19,8,2026-06-24T00:48:00+00:00,2026-08-25T07:54:45+00:00,delivered
SHP-0001415,ORD-101745,14,20,2,2026-03-18T20:53:20+00:00,,in_transit
SHP-0001416,ORD-101748,11,5,18,2026-07-06T11:04:20+00:00,2026-07-09T05:00:23+00:00,delivered
SHP-0001417,ORD-101749,2,4,7,2026-04-01T19:47:44+00:00,,in_transit
SHP-0001418,ORD-101750,17,12,3,2026-08-12T10:27:37+00:00,,in_transit
SHP-0001419,ORD-101751,7,20,2,2026-04-26T12:03:23+00:00,2026-06-13T05:54:13+00:00,delivered
SHP-0001420,ORD-101752,7,18,3,2026-06-17T18:14:57+00:00,2026-07-31T04:41:20+00:00,delivered
SHP-0001421,ORD-101753,13,4,12,2026-07-30T01:48:34+00:00,2026-08-31T11:26:35+00:00,delivered
SHP-0001422,ORD-101754,11,2,5,2026-03-30T06:00:17+00:00,2026-04-05T07:15:43+00:00,delivered
SHP-0001423,ORD-101755,7,1,1,2026-05-04T09:15:49+00:00,2026-06-18T15:01:16+00:00,delivered
SHP-0001424,ORD-101756,14,14,14,2026-06-08T06:26:32+00:00,2026-08-31T23:32:38+00:00,delivered
SHP-0001425,ORD-101758,6,3,14,2026-05-18T17:36:24+00:00,2026-08-31T16:41:41+00:00,delivered
SHP-0001426,ORD-101759,1,5,6,2026-06-07T20:18:06+00:00,2026-06-08T21:28:38+00:00,delivered
SHP-0001427,ORD-101760,20,17,15,2026-08-07T17:36:02+00:00,2026-08-31T23:16:16+00:00,delivered
SHP-0001428,ORD-101761,18,14,14,2026-05-04T23:46:26+00:00,,in_transit
SHP-0001429,ORD-101762,2,11,8,2026-05-22T14:06:08+00:00,2026-08-31T16:11:59+00:00,delivered
SHP-0001430,ORD-101763,17,16,20,2026-07-17T19:17:46+00:00,2026-08-19T12:08:17+00:00,delivered
SHP-0001431,ORD-101764,8,1,15,2026-04-22T16:17:45+00:00,2026-08-31T01:33:19+00:00,delivered
SHP-0001432,ORD-101765,9,10,5,2026-03-06T08:21:35+00:00,2026-03-08T10:57:21+00:00,delivered
SHP-0001433,ORD-101766,13,9,2,2026-06-28T13:42:01+00:00,,in_transit
SHP-0001434,ORD-101768,18,8,12,2026-08-19T12:23:31+00:00,2026-08-31T13:05:03+00:00,delivered
SHP-0001435,ORD-101769,18,2,3,2026-03-16T04:52:27+00:00,2026-05-03T20:25:02+00:00,delivered
SHP-0001436,ORD-101770,10,19,11,2026-06-11T09:21:19+00:00,2026-06-13T13:25:22+00:00,delivered
SHP-0001437,ORD-101772,11,2,18,2026-04-18T21:42:25+00:00,2026-04-19T01:47:28+00:00,delivered
SHP-0001438,ORD-101773,3,9,8,2026-04-01T09:53:36+00:00,2026-06-30T14:26:58+00:00,delivered
SHP-0001439,ORD-101774,10,12,7,2026-08-22T22:53:57+00:00,2026-08-28T22:36:56+00:00,delivered
SHP-0001440,ORD-101775,18,1,8,2026-07-07T20:08:38+00:00,2026-08-30T08:46:14+00:00,delivered
SHP-0001441,ORD-101776,15,10,2,2026-08-30T09:54:57+00:00,,in_transit
SHP-0001442,ORD-101777,15,14,15,2026-04-04T20:57:50+00:00,,in_transit
SHP-0001443,ORD-101780,12,9,2,2026-06-30T22:55:29+00:00,2026-07-06T06:58:16+00:00,delivered
SHP-0001444,ORD-101781,1,4,5,2026-07-12T16:10:04+00:00,2026-07-14T22:46:53+00:00,delivered
SHP-0001445,ORD-101782,4,17,19,2026-03-22T06:49:29+00:00,,in_transit
SHP-0001446,ORD-101783,15,6,15,2026-03-16T12:11:59+00:00,2026-08-31T12:42:13+00:00,delivered
SHP-0001447,ORD-101784,7,17,16,2026-04-06T15:42:21+00:00,2026-05-22T14:38:59+00:00,delivered
SHP-0001448,ORD-101785,7,1,4,2026-08-07T13:51:58+00:00,2026-08-31T04:47:38+00:00,delivered
SHP-0001449,ORD-101786,4,8,7,2026-05-22T06:04:41+00:00,2026-08-31T11:41:21+00:00,delivered
SHP-0001450,ORD-101788,1,5,11,2026-03-15T07:32:57+00:00,,in_transit
SHP-0001451,ORD-101789,2,16,10,2026-08-17T21:53:50+00:00,2026-08-31T22:55:59+00:00,delivered
SHP-0001452,ORD-101790,6,4,10,2026-04-17T20:19:16+00:00,2026-08-20T19:12:46+00:00,delivered
SHP-0001453,ORD-101791,20,3,12,2026-05-11T14:54:59+00:00,2026-07-10T15:28:42+00:00,delivered
SHP-0001454,ORD-101792,14,14,15,2026-07-15T04:01:30+00:00,2026-08-31T02:41:34+00:00,delivered
SHP-0001455,ORD-101793,19,2,9,2026-03-29T07:17:00+00:00,,in_transit
SHP-0001456,ORD-101795,12,14,6,2026-06-27T03:19:44+00:00,2026-06-29T19:50:19+00:00,delivered
SHP-0001457,ORD-101796,1,19,13,2026-06-18T03:22:55+00:00,2026-06-19T18:12:03+00:00,delivered
SHP-0001458,ORD-101797,16,15,19,2026-04-01T20:54:43+00:00,2026-08-31T08:07:07+00:00,delivered
SHP-0001459,ORD-101798,15,17,8,2026-08-04T00:32:42+00:00,2026-08-31T19:55:59+00:00,delivered
SHP-0001460,ORD-101799,16,17,6,2026-07-19T22:14:00+00:00,2026-08-31T05:28:16+00:00,delivered
SHP-0001461,ORD-101800,2,3,3,2026-07-25T10:24:28+00:00,2026-08-31T14:54:09+00:00,delivered
SHP-0001462,ORD-101801,17,6,7,2026-03-19T21:06:23+00:00,,in_transit
SHP-0001463,ORD-101802,14,17,3,2026-08-12T22:15:24+00:00,,in_transit
SHP-0001464,ORD-101803,1,18,3,2026-03-09T10:06:38+00:00,,in_transit
SHP-0001465,ORD-101804,8,20,17,2026-08-06T13:43:03+00:00,,in_transit
SHP-0001466,ORD-101806,5,9,1,2026-08-04T08:39:41+00:00,,in_transit
SHP-0001467,ORD-101807,16,19,18,2026-08-31T19:27:11+00:00,2026-08-31T02:28:22+00:00,delivered
SHP-0001468,ORD-101808,5,20,5,2026-08-24T04:28:58+00:00,2026-08-29T07:13:16+00:00,delivered
SHP-0001469,ORD-101809,16,3,8,2026-08-28T16:40:00+00:00,2026-08-31T17:50:11+00:00,delivered
SHP-0001470,ORD-101810,4,7,16,2026-05-22T11:00:32+00:00,2026-08-31T07:10:57+00:00,delivered
SHP-0001471,ORD-101811,7,1,16,2026-08-06T06:56:14+00:00,2026-08-31T13:10:35+00:00,delivered
SHP-0001472,ORD-101812,1,12,17,2026-03-07T14:47:11+00:00,2026-03-12T05:23:47+00:00,delivered
SHP-0001473,ORD-101814,5,7,10,2026-06-17T03:53:57+00:00,,in_transit
SHP-0001474,ORD-101815,15,8,20,2026-07-04T12:51:52+00:00,2026-08-31T05:45:09+00:00,delivered
SHP-0001475,ORD-101816,15,9,9,2026-08-25T04:37:36+00:00,2026-08-31T08:49:26+00:00,delivered
SHP-0001476,ORD-101817,13,13,17,2026-04-02T06:33:46+00:00,,in_transit
SHP-0001477,ORD-101819,2,19,13,2026-05-03T19:19:04+00:00,2026-08-31T20:02:43+00:00,delivered
SHP-0001478,ORD-101820,7,13,1,2026-05-22T07:49:26+00:00,,in_transit
SHP-0001479,ORD-101821,1,7,18,2026-07-11T07:49:04+00:00,2026-07-17T15:54:26+00:00,delivered
SHP-0001480,ORD-101822,19,16,9,2026-03-21T14:10:38+00:00,2026-08-31T16:54:47+00:00,delivered
SHP-0001481,ORD-101828,3,10,12,2026-08-02T01:44:45+00:00,2026-08-31T01:40:47+00:00,delivered
SHP-0001482,ORD-101829,18,5,11,2026-03-03T02:02:19+00:00,2026-04-26T22:11:26+00:00,delivered
SHP-0001483,ORD-101830,9,15,7,2026-06-06T01:55:55+00:00,2026-06-08T00:37:25+00:00,delivered
SHP-0001484,ORD-101832,8,18,10,2026-05-03T03:25:09+00:00,2026-08-31T22:00:01+00:00,delivered
SHP-0001485,ORD-101833,13,10,13,2026-07-05T23:18:41+00:00,2026-08-31T11:32:45+00:00,delivered
SHP-0001486,ORD-101834,2,11,4,2026-03-27T23:37:59+00:00,2026-08-31T11:02:29+00:00,delivered
SHP-0001487,ORD-101835,13,14,12,2026-06-28T13:34:56+00:00,2026-08-31T06:46:38+00:00,delivered
SHP-0001488,ORD-101836,18,11,8,2026-08-12T09:31:24+00:00,2026-08-31T12:50:43+00:00,delivered
SHP-0001489,ORD-101837,10,12,1,2026-03-25T17:03:03+00:00,,in_transit
SHP-0001490,ORD-101839,9,10,15,2026-04-23T01:09:53+00:00,2026-04-27T22:27:42+00:00,delivered
SHP-0001491,ORD-101840,14,19,12,2026-03-04T09:59:04+00:00,2026-08-31T05:34:01+00:00,delivered
SHP-0001492,ORD-101841,12,12,14,2026-05-11T03:08:51+00:00,2026-05-15T18:27:41+00:00,delivered
SHP-0001493,ORD-101842,13,5,12,2026-05-14T14:56:00+00:00,2026-08-31T18:37:36+00:00,delivered
SHP-0001494,ORD-101843,19,6,18,2026-04-15T13:21:53+00:00,2026-08-31T04:00:15+00:00,delivered
SHP-0001495,ORD-101844,4,17,10,2026-07-17T00:06:47+00:00,2026-08-31T01:14:35+00:00,delivered
SHP-0001496,ORD-101845,16,14,19,2026-06-29T03:56:19+00:00,2026-08-31T22:17:01+00:00,delivered
SHP-0001497,ORD-101846,17,20,6,2026-06-27T18:24:11+00:00,2026-07-30T19:58:29+00:00,delivered
SHP-0001498,ORD-101847,14,20,3,2026-05-01T18:42:02+00:00,,in_transit
SHP-0001499,ORD-101848,14,3,19,2026-06-15T03:30:50+00:00,2026-08-31T01:59:22+00:00,delivered
SHP-0001500,ORD-101849,6,17,9,2026-08-23T06:18:04+00:00,,in_transit
SHP-0001501,ORD-101850,12,4,9,2026-08-22T10:59:22+00:00,2026-08-27T23:22:19+00:00,delivered
SHP-0001502,ORD-101851,10,1,1,2026-06-26T17:55:41+00:00,2026-07-03T07:30:40+00:00,delivered
SHP-0001503,ORD-101852,20,12,14,2026-05-10T00:33:33+00:00,,in_transit
SHP-0001504,ORD-101853,9,14,7,2026-03-20T02:16:36+00:00,2026-03-21T17:29:13+00:00,delivered
SHP-0001505,ORD-101855,8,7,8,2026-03-02T23:30:41+00:00,2026-08-31T17:51:06+00:00,delivered
SHP-0001506,ORD-101856,6,16,3,2026-08-11T13:03:41+00:00,2026-08-31T02:12:25+00:00,delivered
SHP-0001507,ORD-101857,8,1,11,2026-07-09T22:01:15+00:00,2026-08-31T16:32:04+00:00,delivered
SHP-0001508,ORD-101858,3,17,4,2026-06-16T08:27:36+00:00,2026-08-31T05:50:28+00:00,delivered
SHP-0001509,ORD-101859,8,3,11,2026-08-02T13:51:56+00:00,2026-08-31T03:55:43+00:00,delivered
SHP-0001510,ORD-101861,3,15,10,2026-04-09T16:21:25+00:00,2026-07-12T04:18:35+00:00,delivered
SHP-0001511,ORD-101862,7,11,3,2026-06-25T22:15:26+00:00,2026-08-10T19:56:41+00:00,delivered
SHP-0001512,ORD-101864,8,17,8,2026-08-22T13:04:34+00:00,,in_transit
SHP-0001513,ORD-101865,17,1,6,2026-08-28T11:53:54+00:00,,in_transit
SHP-0001514,ORD-101868,18,3,8,2026-03-06T04:39:19+00:00,2026-04-26T19:50:13+00:00,delivered
SHP-0001515,ORD-101869,6,18,3,2026-08-23T00:43:58+00:00,2026-08-31T06:40:09+00:00,delivered
SHP-0001516,ORD-101870,16,14,3,2026-08-20T21:21:12+00:00,2026-08-31T12:52:07+00:00,delivered
SHP-0001517,ORD-101871,15,13,20,2026-06-06T14:21:29+00:00,2026-08-31T09:13:14+00:00,delivered
SHP-0001518,ORD-101872,12,19,14,2026-05-10T18:25:24+00:00,2026-05-14T20:19:38+00:00,delivered
SHP-0001519,ORD-101873,2,13,4,2026-07-20T18:56:15+00:00,2026-08-31T10:06:08+00:00,delivered
SHP-0001520,ORD-101874,20,11,11,2026-03-16T14:38:39+00:00,2026-05-16T08:54:45+00:00,delivered
SHP-0001521,ORD-101875,1,12,4,2026-03-13T01:18:06+00:00,2026-03-15T14:44:04+00:00,delivered
SHP-0001522,ORD-101876,13,20,10,2026-07-06T10:16:42+00:00,2026-08-31T04:01:53+00:00,delivered
SHP-0001523,ORD-101877,6,4,8,2026-07-18T21:24:24+00:00,2026-08-31T12:36:17+00:00,delivered
SHP-0001524,ORD-101878,9,20,10,2026-07-21T19:03:43+00:00,2026-07-24T10:37:02+00:00,delivered
SHP-0001525,ORD-101879,10,11,9,2026-05-08T14:52:41+00:00,2026-05-15T02:03:38+00:00,delivered
SHP-0001526,ORD-101880,18,12,18,2026-07-03T15:30:29+00:00,,in_transit
SHP-0001527,ORD-101883,18,20,17,2026-06-12T13:19:01+00:00,,in_transit
SHP-0001528,ORD-101884,9,19,11,2026-06-14T09:06:08+00:00,2026-06-18T07:52:16+00:00,delivered
SHP-0001529,ORD-101885,15,6,1,2026-06-09T11:15:54+00:00,,in_transit
SHP-0001530,ORD-101886,11,4,11,2026-03-09T20:29:20+00:00,2026-03-11T09:00:17+00:00,delivered
SHP-0001531,ORD-101887,9,5,1,2026-08-27T02:35:17+00:00,2026-08-31T19:19:57+00:00,delivered
SHP-0001532,ORD-101888,11,16,8,2026-06-25T21:11:40+00:00,2026-06-26T20:41:56+00:00,delivered
SHP-0001533,ORD-101889,12,9,14,2026-04-08T14:43:11+00:00,,in_transit
SHP-0001534,ORD-101890,9,3,8,2026-05-19T16:18:45+00:00,2026-05-20T15:44:32+00:00,delivered
SHP-0001535,ORD-101891,11,11,9,2026-03-22T13:45:22+00:00,,in_transit
SHP-0001536,ORD-101892,5,1,8,2026-03-18T03:20:34+00:00,2026-03-19T10:15:50+00:00,delivered
SHP-0001537,ORD-101893,13,19,12,2026-05-20T01:30:35+00:00,,in_transit
SHP-0001538,ORD-101894,8,6,13,2026-03-07T04:01:57+00:00,2026-08-31T05:47:39+00:00,delivered
SHP-0001539,ORD-101895,12,12,3,2026-08-31T17:32:32+00:00,2026-08-31T02:01:37+00:00,delivered
SHP-0001540,ORD-101896,15,14,12,2026-07-22T20:41:37+00:00,2026-08-31T17:38:35+00:00,delivered
SHP-0001541,ORD-101897,17,17,15,2026-05-15T11:33:28+00:00,2026-06-19T03:34:51+00:00,delivered
SHP-0001542,ORD-101898,2,19,1,2026-07-30T20:25:52+00:00,2026-08-31T14:18:13+00:00,delivered
SHP-0001543,ORD-101899,18,2,7,2026-05-07T12:31:58+00:00,2026-06-24T03:04:11+00:00,delivered
SHP-0001544,ORD-101901,16,13,3,2026-08-26T20:55:33+00:00,2026-08-31T20:00:04+00:00,delivered
SHP-0001545,ORD-101902,6,10,13,2026-03-26T23:16:17+00:00,2026-07-29T04:13:08+00:00,delivered
SHP-0001546,ORD-101903,4,18,4,2026-03-13T01:03:29+00:00,2026-08-31T02:16:07+00:00,delivered
SHP-0001547,ORD-101904,20,15,12,2026-03-09T14:37:01+00:00,2026-05-11T17:40:23+00:00,delivered
SHP-0001548,ORD-101905,8,17,10,2026-06-14T17:45:54+00:00,2026-08-31T23:52:30+00:00,delivered
SHP-0001549,ORD-101906,11,2,1,2026-04-13T00:09:25+00:00,,in_transit
SHP-0001550,ORD-101907,15,16,5,2026-05-30T20:12:03+00:00,2026-08-31T10:05:06+00:00,delivered
SHP-0001551,ORD-101908,12,10,8,2026-07-10T01:25:20+00:00,,in_transit
SHP-0001552,ORD-101910,15,10,4,2026-06-18T09:30:56+00:00,2026-08-31T08:26:47+00:00,delivered
SHP-0001553,ORD-101911,12,8,19,2026-08-05T11:05:24+00:00,2026-08-14T22:30:51+00:00,delivered
SHP-0001554,ORD-101912,13,20,20,2026-03-10T12:46:42+00:00,,in_transit
SHP-0001555,ORD-101913,8,20,12,2026-04-09T21:43:40+00:00,,in_transit
SHP-0001556,ORD-101914,8,9,7,2026-07-10T08:52:36+00:00,2026-08-31T20:33:13+00:00,delivered
SHP-0001557,ORD-101915,14,18,16,2026-05-05T23:18:15+00:00,2026-08-31T12:09:06+00:00,delivered
SHP-0001558,ORD-101916,20,2,18,2026-06-16T09:22:16+00:00,2026-08-15T17:45:37+00:00,delivered
SHP-0001559,ORD-101918,18,5,10,2026-06-30T12:54:39+00:00,2026-08-23T10:45:11+00:00,delivered
SHP-0001560,ORD-101920,5,15,17,2026-08-11T09:07:14+00:00,2026-08-16T13:19:34+00:00,delivered
SHP-0001561,ORD-101921,8,5,10,2026-04-02T17:34:07+00:00,,in_transit
SHP-0001562,ORD-101922,1,9,4,2026-08-18T03:41:49+00:00,,in_transit
SHP-0001563,ORD-101923,4,5,15,2026-03-10T15:44:06+00:00,2026-08-31T14:30:04+00:00,delivered
SHP-0001564,ORD-101924,13,2,13,2026-08-16T08:52:06+00:00,2026-08-31T05:36:40+00:00,delivered
SHP-0001565,ORD-101925,20,17,1,2026-06-10T05:15:35+00:00,2026-08-12T17:28:08+00:00,delivered
SHP-0001566,ORD-101926,11,16,6,2026-06-19T23:41:54+00:00,,in_transit
SHP-0001567,ORD-101927,5,19,15,2026-03-16T12:41:25+00:00,2026-03-17T05:13:55+00:00,delivered
SHP-0001568,ORD-101928,4,10,19,2026-06-03T05:45:56+00:00,,in_transit
SHP-0001569,ORD-101929,7,7,17,2026-07-23T19:06:56+00:00,2026-08-31T08:25:41+00:00,delivered
SHP-0001570,ORD-101930,3,15,20,2026-08-20T16:39:43+00:00,2026-08-31T20:02:11+00:00,delivered
SHP-0001571,ORD-101931,4,2,2,2026-05-13T18:55:11+00:00,2026-08-31T08:37:16+00:00,delivered
SHP-0001572,ORD-101932,6,1,3,2026-07-23T18:57:31+00:00,2026-08-31T11:29:51+00:00,delivered
SHP-0001573,ORD-101933,7,1,4,2026-08-18T10:44:41+00:00,2026-08-31T19:46:00+00:00,delivered
SHP-0001574,ORD-101934,4,12,4,2026-04-04T18:44:02+00:00,2026-08-31T00:08:58+00:00,delivered
SHP-0001575,ORD-101935,15,2,18,2026-04-07T06:21:28+00:00,2026-08-31T14:24:15+00:00,delivered
SHP-0001576,ORD-101938,12,13,10,2026-06-02T16:30:07+00:00,2026-06-11T16:10:42+00:00,delivered
SHP-0001577,ORD-101940,20,20,11,2026-07-10T20:06:54+00:00,2026-08-31T15:02:27+00:00,delivered
SHP-0001578,ORD-101941,17,6,19,2026-03-29T16:06:42+00:00,2026-05-01T18:17:10+00:00,delivered
SHP-0001579,ORD-101942,8,10,7,2026-08-15T12:03:53+00:00,,in_transit
SHP-0001580,ORD-101944,9,17,2,2026-08-04T17:18:12+00:00,,in_transit
SHP-0001581,ORD-101945,20,18,15,2026-06-16T13:36:20+00:00,2026-08-17T10:39:23+00:00,delivered
SHP-0001582,ORD-101946,19,10,4,2026-03-26T05:47:15+00:00,2026-08-31T11:37:58+00:00,delivered
SHP-0001583,ORD-101947,9,10,20,2026-05-24T04:32:52+00:00,2026-05-29T03:58:50+00:00,delivered
SHP-0001584,ORD-101948,7,13,8,2026-04-06T09:17:13+00:00,2026-05-19T20:54:31+00:00,delivered
SHP-0001585,ORD-101949,9,8,12,2026-08-23T03:30:08+00:00,2026-08-27T21:40:46+00:00,delivered
SHP-0001586,ORD-101950,7,16,5,2026-08-20T05:16:02+00:00,2026-08-31T10:18:41+00:00,delivered
SHP-0001587,ORD-101953,17,1,15,2026-06-05T19:47:08+00:00,2026-07-06T06:58:33+00:00,delivered
SHP-0001588,ORD-101954,13,20,2,2026-03-03T20:25:20+00:00,2026-08-31T10:33:38+00:00,delivered
SHP-0001589,ORD-101955,13,19,16,2026-08-02T03:47:54+00:00,2026-08-31T01:52:27+00:00,delivered
SHP-0001590,ORD-101956,13,5,9,2026-05-04T23:38:09+00:00,2026-08-31T10:19:08+00:00,delivered
SHP-0001591,ORD-101958,20,11,8,2026-04-16T05:38:20+00:00,2026-06-14T22:59:14+00:00,delivered
SHP-0001592,ORD-101960,2,8,13,2026-07-17T01:08:31+00:00,2026-08-31T12:15:57+00:00,delivered
SHP-0001593,ORD-101961,4,20,18,2026-05-28T18:30:45+00:00,2026-08-31T09:20:51+00:00,delivered
SHP-0001594,ORD-101962,15,11,6,2026-04-21T23:10:13+00:00,2026-08-31T06:32:59+00:00,delivered
SHP-0001595,ORD-101963,20,6,10,2026-03-11T10:59:10+00:00,2026-05-09T08:19:04+00:00,delivered
SHP-0001596,ORD-101964,19,20,7,2026-04-12T06:41:29+00:00,,in_transit
SHP-0001597,ORD-101965,4,2,19,2026-06-02T20:47:17+00:00,2026-08-31T10:15:48+00:00,delivered
SHP-0001598,ORD-101966,18,18,14,2026-07-03T02:35:27+00:00,2026-08-20T00:30:00+00:00,delivered
SHP-0001599,ORD-101967,10,13,19,2026-07-10T04:42:53+00:00,2026-07-17T11:02:35+00:00,delivered
SHP-0001600,ORD-101969,3,7,14,2026-04-08T08:10:53+00:00,2026-07-09T15:02:15+00:00,delivered
SHP-0001601,ORD-101972,18,15,18,2026-05-05T14:03:27+00:00,2026-06-26T18:28:18+00:00,delivered
SHP-0001602,ORD-101973,13,10,5,2026-05-16T03:07:47+00:00,2026-08-31T11:25:38+00:00,delivered
SHP-0001603,ORD-101974,16,3,10,2026-05-19T18:11:01+00:00,2026-08-31T05:44:12+00:00,delivered
SHP-0001604,ORD-101975,19,7,3,2026-08-04T00:51:22+00:00,,in_transit
SHP-0001605,ORD-101978,16,12,20,2026-03-17T06:16:07+00:00,2026-08-31T03:16:13+00:00,delivered
SHP-0001606,ORD-101979,13,3,6,2026-03-30T04:00:28+00:00,2026-08-31T15:12:31+00:00,delivered
SHP-0001607,ORD-101980,11,8,14,2026-03-11T01:06:43+00:00,2026-03-13T10:49:14+00:00,delivered
SHP-0001608,ORD-101981,19,17,4,2026-08-16T05:53:46+00:00,2026-08-31T19:39:43+00:00,delivered
SHP-0001609,ORD-101983,3,9,6,2026-05-27T15:15:34+00:00,2026-08-23T04:25:27+00:00,delivered
SHP-0001610,ORD-101984,14,5,9,2026-08-11T06:01:47+00:00,2026-08-31T22:56:29+00:00,delivered
SHP-0001611,ORD-101985,16,8,7,2026-06-30T23:48:06+00:00,2026-08-31T02:45:44+00:00,delivered
SHP-0001612,ORD-101986,15,5,13,2026-07-29T20:53:55+00:00,,in_transit
SHP-0001613,ORD-101987,2,19,20,2026-08-24T20:22:02+00:00,2026-08-31T06:13:52+00:00,delivered
SHP-0001614,ORD-101988,13,14,20,2026-08-28T05:23:03+00:00,2026-08-31T17:13:02+00:00,delivered
SHP-0001615,ORD-101989,19,19,4,2026-07-11T20:32:07+00:00,2026-08-31T14:25:05+00:00,delivered
SHP-0001616,ORD-101990,10,11,12,2026-08-05T00:44:42+00:00,2026-08-07T15:27:28+00:00,delivered
SHP-0001617,ORD-101991,9,10,18,2026-04-19T13:28:54+00:00,2026-04-20T06:27:31+00:00,delivered
SHP-0001618,ORD-101994,9,9,10,2026-03-28T08:57:38+00:00,2026-03-29T15:56:25+00:00,delivered
SHP-0001619,ORD-101995,9,2,6,2026-04-28T23:24:01+00:00,2026-04-29T10:17:49+00:00,delivered
SHP-0001620,ORD-101996,6,15,9,2026-07-14T11:12:56+00:00,2026-08-31T06:42:37+00:00,delivered
SHP-0001621,ORD-101998,15,7,4,2026-05-01T16:45:13+00:00,2026-08-31T14:25:48+00:00,delivered
SHP-0001622,ORD-101999,9,6,4,2026-04-19T13:31:25+00:00,2026-04-20T10:04:50+00:00,delivered
SHP-0001623,ORD-102000,1,12,14,2026-07-14T11:35:08+00:00,2026-07-15T22:19:08+00:00,delivered
SHP-0001624,ORD-102001,19,17,4,2026-04-27T08:18:38+00:00,2026-08-31T19:48:01+00:00,delivered
SHP-0001625,ORD-102003,20,5,20,2026-03-13T20:47:16+00:00,2026-05-11T05:38:33+00:00,delivered
SHP-0001626,ORD-102004,9,2,7,2026-03-25T19:22:52+00:00,2026-03-28T16:54:08+00:00,delivered
SHP-0001627,ORD-102005,2,8,13,2026-08-17T14:13:13+00:00,2026-08-31T22:03:41+00:00,delivered
SHP-0001628,ORD-102006,3,9,17,2026-05-09T22:10:44+00:00,,in_transit
SHP-0001629,ORD-102007,8,9,3,2026-06-17T19:24:19+00:00,2026-08-31T02:31:42+00:00,delivered
SHP-0001630,ORD-102008,2,11,9,2026-03-19T00:08:14+00:00,2026-08-31T15:30:24+00:00,delivered
SHP-0001631,ORD-102009,16,13,16,2026-04-03T11:24:11+00:00,2026-08-31T18:14:58+00:00,delivered
SHP-0001632,ORD-102010,12,6,6,2026-05-06T21:03:54+00:00,2026-05-11T12:42:19+00:00,delivered
SHP-0001633,ORD-102013,5,11,10,2026-07-14T08:55:54+00:00,2026-07-20T22:15:35+00:00,delivered
SHP-0001634,ORD-102014,9,6,16,2026-03-18T05:19:28+00:00,,in_transit
SHP-0001635,ORD-102015,4,7,13,2026-03-31T15:54:05+00:00,2026-08-31T02:47:31+00:00,delivered
SHP-0001636,ORD-102016,17,20,18,2026-07-07T16:46:36+00:00,,in_transit
SHP-0001637,ORD-102017,14,11,15,2026-07-03T17:23:44+00:00,2026-08-31T14:39:09+00:00,delivered
SHP-0001638,ORD-102019,8,20,1,2026-05-07T14:52:01+00:00,2026-08-31T02:28:05+00:00,delivered
SHP-0001639,ORD-102020,15,8,6,2026-07-01T23:05:02+00:00,2026-08-31T07:23:15+00:00,delivered
SHP-0001640,ORD-102022,4,7,13,2026-08-28T15:39:32+00:00,2026-08-31T09:23:24+00:00,delivered
SHP-0001641,ORD-102023,8,1,9,2026-06-21T04:55:37+00:00,2026-08-31T20:01:24+00:00,delivered
SHP-0001642,ORD-102024,5,16,18,2026-08-08T05:03:36+00:00,2026-08-12T01:27:38+00:00,delivered
SHP-0001643,ORD-102025,7,20,2,2026-07-10T03:23:56+00:00,2026-08-25T18:48:52+00:00,delivered
SHP-0001644,ORD-102026,12,9,7,2026-08-10T07:26:00+00:00,2026-08-15T03:52:55+00:00,delivered
SHP-0001645,ORD-102027,16,20,5,2026-05-10T18:05:48+00:00,,in_transit
SHP-0001646,ORD-102028,16,19,1,2026-08-03T02:26:52+00:00,2026-08-31T12:01:57+00:00,delivered
SHP-0001647,ORD-102029,1,11,7,2026-03-30T20:50:01+00:00,2026-03-31T03:23:12+00:00,delivered
SHP-0001648,ORD-102030,8,11,11,2026-04-16T11:06:43+00:00,2026-08-31T13:17:35+00:00,delivered
SHP-0001649,ORD-102031,19,3,13,2026-04-26T12:31:28+00:00,,in_transit
SHP-0001650,ORD-102032,1,20,9,2026-08-10T04:37:00+00:00,2026-08-11T08:44:12+00:00,delivered
SHP-0001651,ORD-102033,17,7,15,2026-08-24T15:13:48+00:00,2026-08-31T06:30:01+00:00,delivered
SHP-0001652,ORD-102034,5,19,12,2026-03-15T22:41:07+00:00,2026-03-17T08:01:46+00:00,delivered
SHP-0001653,ORD-102036,17,12,14,2026-06-01T02:17:17+00:00,2026-07-05T04:20:53+00:00,delivered
SHP-0001654,ORD-102041,7,19,1,2026-06-11T10:46:39+00:00,2026-07-24T10:12:32+00:00,delivered
SHP-0001655,ORD-102042,1,3,12,2026-08-07T10:21:05+00:00,2026-08-13T18:32:47+00:00,delivered
SHP-0001656,ORD-102043,10,17,16,2026-07-31T20:42:10+00:00,2026-08-05T04:16:49+00:00,delivered
SHP-0001657,ORD-102044,18,4,8,2026-03-19T03:18:23+00:00,2026-05-11T15:33:48+00:00,delivered
SHP-0001658,ORD-102045,13,14,10,2026-04-06T09:11:05+00:00,2026-08-31T06:04:18+00:00,delivered
SHP-0001659,ORD-102046,8,17,15,2026-06-30T22:11:22+00:00,2026-08-31T19:37:47+00:00,delivered
SHP-0001660,ORD-102047,19,15,13,2026-06-22T06:13:36+00:00,2026-08-31T14:10:44+00:00,delivered
SHP-0001661,ORD-102049,5,3,14,2026-08-29T12:47:55+00:00,2026-08-31T06:07:26+00:00,delivered
SHP-0001662,ORD-102050,16,2,7,2026-05-20T15:07:20+00:00,2026-08-31T04:15:37+00:00,delivered
SHP-0001663,ORD-102051,12,7,15,2026-07-14T02:51:17+00:00,2026-07-22T23:37:54+00:00,delivered
SHP-0001664,ORD-102052,18,20,9,2026-07-07T05:17:19+00:00,2026-08-31T08:49:32+00:00,delivered
SHP-0001665,ORD-102053,15,16,15,2026-08-05T20:14:18+00:00,2026-08-31T16:10:47+00:00,delivered
SHP-0001666,ORD-102054,15,17,4,2026-05-16T10:26:31+00:00,2026-08-31T20:33:53+00:00,delivered
SHP-0001667,ORD-102055,10,2,16,2026-04-03T14:41:03+00:00,2026-04-04T23:29:38+00:00,delivered
SHP-0001668,ORD-102057,6,4,16,2026-06-01T15:18:40+00:00,2026-08-31T10:54:53+00:00,delivered
SHP-0001669,ORD-102058,12,3,1,2026-06-20T13:18:57+00:00,2026-06-24T04:03:17+00:00,delivered
SHP-0001670,ORD-102059,13,6,12,2026-03-12T01:03:36+00:00,2026-08-31T14:14:28+00:00,delivered
SHP-0001671,ORD-102060,6,11,18,2026-04-03T16:16:17+00:00,2026-07-31T21:46:49+00:00,delivered
SHP-0001672,ORD-102061,12,5,8,2026-04-04T05:06:53+00:00,,in_transit
SHP-0001673,ORD-102063,1,2,15,2026-05-28T14:10:10+00:00,2026-05-29T09:13:05+00:00,delivered
SHP-0001674,ORD-102064,18,16,17,2026-07-01T14:13:57+00:00,,in_transit
SHP-0001675,ORD-102066,8,13,18,2026-06-04T08:26:02+00:00,2026-08-31T17:43:39+00:00,delivered
SHP-0001676,ORD-102067,4,4,10,2026-08-31T21:24:04+00:00,,in_transit
SHP-0001677,ORD-102068,13,2,9,2026-08-06T06:31:29+00:00,2026-08-31T02:37:47+00:00,delivered
SHP-0001678,ORD-102069,6,12,3,2026-08-07T02:37:37+00:00,2026-08-31T17:48:57+00:00,delivered
SHP-0001679,ORD-102070,13,6,12,2026-05-22T19:45:10+00:00,2026-08-31T16:21:07+00:00,delivered
SHP-0001680,ORD-102071,15,16,13,2026-04-16T02:31:25+00:00,2026-08-31T10:50:55+00:00,delivered
SHP-0001681,ORD-102072,16,16,17,2026-04-12T06:25:54+00:00,,in_transit
SHP-0001682,ORD-102073,4,7,14,2026-05-31T21:52:01+00:00,2026-08-31T11:00:39+00:00,delivered
SHP-0001683,ORD-102074,16,6,16,2026-03-03T18:14:37+00:00,2026-08-31T15:18:28+00:00,delivered
SHP-0001684,ORD-102075,5,17,7,2026-08-26T04:48:19+00:00,2026-08-28T12:46:36+00:00,delivered
SHP-0001685,ORD-102076,16,7,8,2026-04-15T12:46:11+00:00,2026-08-31T08:01:39+00:00,delivered
SHP-0001686,ORD-102077,5,16,6,2026-05-09T05:57:09+00:00,2026-05-10T22:45:45+00:00,delivered
SHP-0001687,ORD-102078,11,3,14,2026-06-01T00:34:25+00:00,,in_transit
SHP-0001688,ORD-102079,10,19,13,2026-08-01T12:47:19+00:00,2026-08-09T10:54:09+00:00,delivered
SHP-0001689,ORD-102081,14,6,5,2026-04-27T06:24:17+00:00,2026-08-31T12:03:47+00:00,delivered
SHP-0001690,ORD-102082,19,15,16,2026-08-30T08:45:57+00:00,2026-08-31T06:07:31+00:00,delivered
SHP-0001691,ORD-102083,5,9,15,2026-04-17T06:06:29+00:00,,in_transit
SHP-0001692,ORD-102084,4,7,11,2026-03-11T20:27:46+00:00,2026-08-31T23:20:05+00:00,delivered
SHP-0001693,ORD-102086,12,9,11,2026-05-09T17:44:02+00:00,2026-05-13T18:41:37+00:00,delivered
SHP-0001694,ORD-102087,17,14,11,2026-05-18T03:12:13+00:00,2026-06-19T10:15:46+00:00,delivered
SHP-0001695,ORD-102088,14,5,16,2026-04-01T22:16:30+00:00,2026-08-31T12:30:05+00:00,delivered
SHP-0001696,ORD-102089,14,4,13,2026-08-06T14:35:59+00:00,2026-08-31T02:39:48+00:00,delivered
SHP-0001697,ORD-102090,15,11,1,2026-05-22T08:25:53+00:00,2026-08-31T03:28:21+00:00,delivered
SHP-0001698,ORD-102091,14,2,20,2026-03-31T11:25:12+00:00,2026-08-31T08:08:22+00:00,delivered
SHP-0001699,ORD-102092,2,10,7,2026-04-28T11:34:44+00:00,2026-08-31T15:32:13+00:00,delivered
SHP-0001700,ORD-102093,12,9,8,2026-08-07T15:44:26+00:00,2026-08-14T22:41:44+00:00,delivered
SHP-0001701,ORD-102094,14,11,12,2026-06-15T06:38:17+00:00,,in_transit
SHP-0001702,ORD-102095,2,9,4,2026-06-18T14:37:13+00:00,2026-08-31T10:44:40+00:00,delivered
SHP-0001703,ORD-102096,20,10,1,2026-05-17T11:10:47+00:00,2026-07-19T15:16:02+00:00,delivered
SHP-0001704,ORD-102097,16,1,19,2026-08-13T00:25:45+00:00,2026-08-31T10:04:42+00:00,delivered
SHP-0001705,ORD-102098,12,5,19,2026-03-29T04:08:03+00:00,2026-04-01T15:03:32+00:00,delivered
SHP-0001706,ORD-102100,6,8,18,2026-08-06T17:57:19+00:00,2026-08-31T07:12:13+00:00,delivered
SHP-0001707,ORD-102103,4,5,4,2026-07-05T20:54:34+00:00,2026-08-31T17:46:52+00:00,delivered
SHP-0001708,ORD-102104,3,8,18,2026-06-08T17:15:56+00:00,2026-08-31T04:59:55+00:00,delivered
SHP-0001709,ORD-102105,19,15,6,2026-08-25T16:25:15+00:00,2026-08-31T11:18:58+00:00,delivered
SHP-0001710,ORD-102106,19,12,20,2026-08-28T02:16:20+00:00,2026-08-31T02:30:40+00:00,delivered
SHP-0001711,ORD-102107,20,13,11,2026-03-13T06:48:18+00:00,2026-05-13T16:11:28+00:00,delivered
SHP-0001712,ORD-102108,2,4,12,2026-04-16T21:19:19+00:00,2026-08-31T02:00:43+00:00,delivered
SHP-0001713,ORD-102109,10,5,6,2026-07-22T03:46:41+00:00,2026-07-30T00:12:43+00:00,delivered
SHP-0001714,ORD-102110,15,20,15,2026-05-25T05:38:21+00:00,2026-08-31T01:09:58+00:00,delivered
SHP-0001715,ORD-102111,11,6,6,2026-06-03T11:06:29+00:00,2026-06-06T06:44:01+00:00,delivered
SHP-0001716,ORD-102112,14,12,18,2026-06-21T05:40:39+00:00,2026-08-31T09:23:36+00:00,delivered
SHP-0001717,ORD-102113,13,6,12,2026-05-31T13:59:18+00:00,2026-08-31T14:48:35+00:00,delivered
SHP-0001718,ORD-102114,17,12,19,2026-06-01T20:00:20+00:00,2026-07-03T10:04:06+00:00,delivered
SHP-0001719,ORD-102115,5,14,1,2026-05-27T22:40:24+00:00,2026-05-28T09:44:25+00:00,delivered
SHP-0001720,ORD-102116,17,4,6,2026-08-29T07:35:00+00:00,2026-08-31T05:21:11+00:00,delivered
SHP-0001721,ORD-102117,19,18,20,2026-08-23T07:46:34+00:00,2026-08-31T08:23:48+00:00,delivered
SHP-0001722,ORD-102122,10,14,11,2026-06-01T08:36:02+00:00,2026-06-04T17:40:59+00:00,delivered
SHP-0001723,ORD-102123,18,19,13,2026-06-24T21:57:01+00:00,,in_transit
SHP-0001724,ORD-102124,13,11,12,2026-03-26T18:53:23+00:00,2026-08-31T12:54:38+00:00,delivered
SHP-0001725,ORD-102125,6,1,1,2026-07-06T05:45:14+00:00,2026-08-31T15:27:07+00:00,delivered
SHP-0001726,ORD-102127,18,16,17,2026-05-30T15:55:00+00:00,2026-07-18T07:46:34+00:00,delivered
SHP-0001727,ORD-102129,3,17,5,2026-08-12T05:56:03+00:00,2026-08-31T05:47:03+00:00,delivered
SHP-0001728,ORD-102130,10,19,12,2026-07-14T15:07:51+00:00,2026-07-16T13:56:16+00:00,delivered
SHP-0001729,ORD-102133,8,16,20,2026-05-04T13:35:23+00:00,2026-08-31T19:59:44+00:00,delivered
SHP-0001730,ORD-102135,13,4,4,2026-06-22T07:17:16+00:00,2026-08-31T01:40:54+00:00,delivered
SHP-0001731,ORD-102136,13,5,12,2026-07-20T09:29:53+00:00,2026-08-31T23:38:28+00:00,delivered
SHP-0001732,ORD-102137,2,10,10,2026-05-15T08:19:26+00:00,2026-08-31T10:06:55+00:00,delivered
SHP-0001733,ORD-102138,12,18,10,2026-07-04T04:04:15+00:00,2026-07-10T07:05:30+00:00,delivered
SHP-0001734,ORD-102139,4,4,6,2026-04-29T10:48:50+00:00,2026-08-31T04:10:16+00:00,delivered
SHP-0001735,ORD-102140,7,3,20,2026-07-15T15:22:13+00:00,2026-08-29T01:28:19+00:00,delivered
SHP-0001736,ORD-102142,4,17,20,2026-03-02T08:51:49+00:00,2026-08-28T07:10:05+00:00,delivered
SHP-0001737,ORD-102143,12,1,14,2026-03-29T08:12:12+00:00,2026-04-03T09:08:49+00:00,delivered
SHP-0001738,ORD-102144,19,1,9,2026-08-18T01:53:59+00:00,2026-08-31T19:28:08+00:00,delivered
SHP-0001739,ORD-102145,7,7,8,2026-04-20T04:18:41+00:00,2026-06-09T07:07:24+00:00,delivered
SHP-0001740,ORD-102146,1,6,12,2026-08-18T15:39:51+00:00,2026-08-19T04:05:58+00:00,delivered
SHP-0001741,ORD-102147,19,9,10,2026-06-22T20:39:23+00:00,2026-08-31T15:48:10+00:00,delivered
SHP-0001742,ORD-102148,2,12,9,2026-06-22T09:01:48+00:00,2026-08-31T17:03:03+00:00,delivered
SHP-0001743,ORD-102149,15,14,18,2026-06-22T11:30:55+00:00,2026-08-31T00:13:24+00:00,delivered
SHP-0001744,ORD-102150,8,16,5,2026-07-29T10:52:07+00:00,2026-08-31T06:26:12+00:00,delivered
SHP-0001745,ORD-102151,5,5,19,2026-08-03T05:20:18+00:00,2026-08-04T21:22:10+00:00,delivered
SHP-0001746,ORD-102152,11,8,12,2026-08-31T23:59:54+00:00,2026-08-31T06:24:21+00:00,delivered
SHP-0001747,ORD-102153,6,3,16,2026-04-23T09:41:28+00:00,2026-08-25T22:30:24+00:00,delivered
SHP-0001748,ORD-102154,1,2,13,2026-05-13T08:14:30+00:00,2026-05-16T19:28:34+00:00,delivered
SHP-0001749,ORD-102155,20,19,20,2026-08-17T11:11:59+00:00,2026-08-31T07:56:56+00:00,delivered
SHP-0001750,ORD-102156,4,15,20,2026-08-14T01:45:33+00:00,2026-08-31T06:53:40+00:00,delivered
SHP-0001751,ORD-102157,18,15,19,2026-03-10T18:49:48+00:00,2026-05-04T11:48:39+00:00,delivered
SHP-0001752,ORD-102159,11,18,13,2026-03-19T14:33:43+00:00,2026-03-20T10:33:00+00:00,delivered
SHP-0001753,ORD-102160,20,7,11,2026-05-09T02:51:49+00:00,2026-07-11T19:41:24+00:00,delivered
SHP-0001754,ORD-102161,16,14,16,2026-05-31T10:33:00+00:00,2026-08-31T21:03:13+00:00,delivered
SHP-0001755,ORD-102162,19,15,4,2026-04-29T16:16:26+00:00,,in_transit
SHP-0001756,ORD-102163,19,13,20,2026-03-17T20:52:28+00:00,2026-08-31T02:02:01+00:00,delivered
SHP-0001757,ORD-102165,13,5,5,2026-03-20T04:46:07+00:00,2026-08-31T03:00:58+00:00,delivered
SHP-0001758,ORD-102166,13,4,10,2026-07-24T19:19:05+00:00,2026-08-31T02:02:53+00:00,delivered
SHP-0001759,ORD-102167,14,16,1,2026-04-30T04:52:20+00:00,2026-08-31T03:04:57+00:00,delivered
SHP-0001760,ORD-102168,10,12,6,2026-08-02T07:07:42+00:00,2026-08-05T13:13:15+00:00,delivered
SHP-0001761,ORD-102169,11,5,1,2026-05-16T07:06:49+00:00,2026-05-19T19:51:40+00:00,delivered
SHP-0001762,ORD-102170,14,13,14,2026-06-25T12:55:28+00:00,2026-08-31T22:37:58+00:00,delivered
SHP-0001763,ORD-102171,14,15,4,2026-04-16T07:44:52+00:00,2026-08-31T13:22:29+00:00,delivered
SHP-0001764,ORD-102172,15,9,18,2026-03-30T20:18:08+00:00,2026-08-31T12:27:20+00:00,delivered
SHP-0001765,ORD-102173,10,10,8,2026-08-01T12:26:20+00:00,2026-08-04T20:06:54+00:00,delivered
SHP-0001766,ORD-102174,19,14,17,2026-05-18T05:08:49+00:00,2026-08-31T06:22:24+00:00,delivered
SHP-0001767,ORD-102176,12,5,7,2026-08-23T02:22:15+00:00,2026-08-26T20:24:53+00:00,delivered
SHP-0001768,ORD-102177,9,15,20,2026-04-14T04:07:55+00:00,2026-04-19T00:23:56+00:00,delivered
SHP-0001769,ORD-102178,3,14,7,2026-03-12T17:00:53+00:00,2026-06-12T04:28:41+00:00,delivered
SHP-0001770,ORD-102179,17,2,15,2026-04-15T10:14:55+00:00,2026-05-14T09:15:05+00:00,delivered
SHP-0001771,ORD-102181,1,12,18,2026-06-06T09:42:30+00:00,2026-06-10T09:55:03+00:00,delivered
SHP-0001772,ORD-102182,8,9,5,2026-07-24T03:01:00+00:00,2026-08-31T00:46:41+00:00,delivered
SHP-0001773,ORD-102183,10,20,18,2026-08-13T12:24:59+00:00,2026-08-14T23:22:28+00:00,delivered
SHP-0001774,ORD-102184,14,5,12,2026-08-01T23:22:12+00:00,,in_transit
SHP-0001775,ORD-102185,11,17,16,2026-08-18T01:07:14+00:00,,in_transit
SHP-0001776,ORD-102186,4,15,3,2026-03-20T07:20:43+00:00,2026-08-31T17:30:04+00:00,delivered
SHP-0001777,ORD-102187,7,5,1,2026-05-30T20:38:39+00:00,2026-07-15T03:27:05+00:00,delivered
SHP-0001778,ORD-102188,18,13,13,2026-06-17T19:37:06+00:00,2026-08-11T23:22:02+00:00,delivered
SHP-0001779,ORD-102189,5,18,11,2026-07-19T09:01:10+00:00,2026-07-20T10:24:48+00:00,delivered
SHP-0001780,ORD-102190,5,13,3,2026-03-29T06:44:57+00:00,2026-03-30T13:52:22+00:00,delivered
SHP-0001781,ORD-102191,15,15,16,2026-05-03T15:58:18+00:00,2026-08-31T10:52:43+00:00,delivered
SHP-0001782,ORD-102192,10,12,15,2026-06-17T22:32:52+00:00,2026-06-18T10:29:47+00:00,delivered
SHP-0001783,ORD-102193,13,12,5,2026-03-18T13:05:03+00:00,2026-08-31T00:32:59+00:00,delivered
SHP-0001784,ORD-102194,17,11,19,2026-08-07T12:03:00+00:00,2026-08-31T16:54:13+00:00,delivered
SHP-0001785,ORD-102195,3,4,17,2026-07-23T18:36:51+00:00,2026-08-31T15:05:36+00:00,delivered
SHP-0001786,ORD-102197,14,3,16,2026-08-31T15:12:04+00:00,2026-08-31T10:50:47+00:00,delivered
SHP-0001787,ORD-102198,3,14,12,2026-08-07T02:05:55+00:00,2026-08-31T19:15:31+00:00,delivered
SHP-0001788,ORD-102199,5,7,10,2026-05-23T03:14:50+00:00,2026-05-28T05:34:05+00:00,delivered
SHP-0001789,ORD-102200,1,18,5,2026-04-20T03:32:54+00:00,,in_transit
SHP-0001790,ORD-102202,9,14,11,2026-03-13T22:26:39+00:00,2026-03-18T01:34:45+00:00,delivered
SHP-0001791,ORD-102203,14,3,1,2026-08-27T13:23:49+00:00,2026-08-31T08:55:53+00:00,delivered
SHP-0001792,ORD-102204,5,16,15,2026-08-05T08:19:54+00:00,2026-08-07T06:24:28+00:00,delivered
SHP-0001793,ORD-102205,2,17,6,2026-08-26T15:47:43+00:00,2026-08-31T10:47:48+00:00,delivered
SHP-0001794,ORD-102206,16,10,12,2026-04-23T16:40:45+00:00,2026-08-31T16:35:32+00:00,delivered
SHP-0001795,ORD-102207,16,6,8,2026-08-07T20:45:36+00:00,2026-08-31T18:45:58+00:00,delivered
SHP-0001796,ORD-102208,4,5,9,2026-03-07T03:06:17+00:00,2026-08-30T01:56:20+00:00,delivered
SHP-0001797,ORD-102209,6,18,9,2026-03-12T20:43:36+00:00,2026-07-14T22:04:01+00:00,delivered
SHP-0001798,ORD-102211,15,18,19,2026-06-15T18:45:55+00:00,2026-08-31T21:56:19+00:00,delivered
SHP-0001799,ORD-102212,8,6,9,2026-03-18T03:43:28+00:00,,in_transit
SHP-0001800,ORD-102213,7,15,4,2026-06-15T16:36:57+00:00,2026-07-30T09:04:18+00:00,delivered
SHP-0001801,ORD-102214,13,3,16,2026-04-12T10:01:46+00:00,2026-08-31T22:21:57+00:00,delivered
SHP-0001802,ORD-102215,19,11,3,2026-06-18T19:25:25+00:00,,in_transit
SHP-0001803,ORD-102216,16,20,3,2026-03-25T15:24:46+00:00,,in_transit
SHP-0001804,ORD-102217,16,15,17,2026-03-04T09:12:00+00:00,2026-08-31T09:21:11+00:00,delivered
SHP-0001805,ORD-102218,1,10,20,2026-04-29T20:32:31+00:00,2026-05-04T17:41:46+00:00,delivered
SHP-0001806,ORD-102219,9,7,16,2026-08-04T11:23:47+00:00,2026-08-11T00:41:43+00:00,delivered
SHP-0001807,ORD-102220,18,6,12,2026-06-04T14:23:01+00:00,2026-07-23T07:08:09+00:00,delivered
SHP-0001808,ORD-102221,3,14,14,2026-04-06T05:09:51+00:00,,in_transit
SHP-0001809,ORD-102222,9,17,14,2026-07-05T08:07:40+00:00,2026-07-09T10:33:49+00:00,delivered
SHP-0001810,ORD-102223,19,7,18,2026-05-04T23:50:25+00:00,2026-08-31T13:35:32+00:00,delivered
SHP-0001811,ORD-102224,19,20,17,2026-07-17T00:24:33+00:00,,in_transit
SHP-0001812,ORD-102226,18,15,18,2026-06-12T13:28:42+00:00,2026-08-05T14:29:47+00:00,delivered
SHP-0001813,ORD-102227,8,8,5,2026-08-29T08:35:44+00:00,2026-08-31T01:45:15+00:00,delivered
SHP-0001814,ORD-102228,16,1,13,2026-04-19T07:23:30+00:00,2026-08-31T04:37:19+00:00,delivered
SHP-0001815,ORD-102229,9,12,17,2026-07-01T00:01:37+00:00,2026-07-05T07:32:41+00:00,delivered
SHP-0001816,ORD-102230,19,8,13,2026-07-11T09:39:36+00:00,2026-08-31T09:50:20+00:00,delivered
SHP-0001817,ORD-102232,2,4,9,2026-03-05T11:15:55+00:00,,in_transit
SHP-0001818,ORD-102233,13,12,19,2026-08-16T07:55:37+00:00,2026-08-31T11:23:33+00:00,delivered
SHP-0001819,ORD-102234,6,19,19,2026-04-08T11:41:05+00:00,2026-08-08T02:12:39+00:00,delivered
SHP-0001820,ORD-102235,13,14,20,2026-07-24T11:45:04+00:00,2026-08-31T00:22:47+00:00,delivered
SHP-0001821,ORD-102236,14,17,19,2026-04-25T19:48:37+00:00,2026-08-31T17:28:56+00:00,delivered
SHP-0001822,ORD-102237,13,2,18,2026-04-05T06:47:06+00:00,2026-08-31T01:20:24+00:00,delivered
SHP-0001823,ORD-102238,4,12,10,2026-04-11T14:04:39+00:00,2026-08-31T17:53:27+00:00,delivered
SHP-0001824,ORD-102239,6,19,10,2026-07-09T08:40:25+00:00,2026-08-31T11:25:00+00:00,delivered
SHP-0001825,ORD-102240,12,18,19,2026-03-06T06:52:51+00:00,2026-03-15T13:21:31+00:00,delivered
SHP-0001826,ORD-102245,6,18,4,2026-07-13T10:30:53+00:00,2026-08-31T22:48:13+00:00,delivered
SHP-0001827,ORD-102246,2,4,10,2026-03-26T08:27:26+00:00,2026-08-31T11:42:48+00:00,delivered
SHP-0001828,ORD-102247,20,10,11,2026-08-18T21:21:15+00:00,2026-08-31T17:35:23+00:00,delivered
SHP-0001829,ORD-102248,13,14,6,2026-04-27T05:24:27+00:00,2026-08-31T17:06:53+00:00,delivered
SHP-0001830,ORD-102249,17,12,7,2026-05-22T06:05:42+00:00,2026-06-24T17:03:42+00:00,delivered
SHP-0001831,ORD-102250,3,16,17,2026-08-10T09:30:12+00:00,,in_transit
SHP-0001832,ORD-102252,4,16,10,2026-07-05T00:33:28+00:00,2026-08-31T22:43:43+00:00,delivered
SHP-0001833,ORD-102254,8,5,10,2026-05-17T03:23:59+00:00,,in_transit
SHP-0001834,ORD-102255,17,13,9,2026-06-22T19:58:07+00:00,,in_transit
SHP-0001835,ORD-102256,10,3,12,2026-05-25T15:14:12+00:00,,in_transit
SHP-0001836,ORD-102257,14,1,16,2026-07-14T03:36:23+00:00,,in_transit
SHP-0001837,ORD-102259,12,17,17,2026-05-26T02:24:52+00:00,2026-05-28T17:16:15+00:00,delivered
SHP-0001838,ORD-102261,10,4,20,2026-06-10T19:03:32+00:00,,in_transit
SHP-0001839,ORD-102262,17,14,20,2026-07-02T10:03:16+00:00,,in_transit
SHP-0001840,ORD-102263,5,9,19,2026-08-15T06:03:50+00:00,2026-08-20T21:58:23+00:00,delivered
SHP-0001841,ORD-102265,15,12,14,2026-05-06T09:45:03+00:00,2026-08-31T22:12:27+00:00,delivered
SHP-0001842,ORD-102266,6,18,19,2026-08-29T05:09:20+00:00,2026-08-31T11:56:57+00:00,delivered
SHP-0001843,ORD-102267,16,15,2,2026-05-13T06:05:47+00:00,2026-08-31T13:27:22+00:00,delivered
SHP-0001844,ORD-102269,10,11,6,2026-08-24T02:22:04+00:00,2026-08-28T10:44:15+00:00,delivered
SHP-0001845,ORD-102271,16,12,4,2026-05-23T05:06:55+00:00,2026-08-31T06:37:21+00:00,delivered
SHP-0001846,ORD-102272,20,5,4,2026-07-12T09:16:20+00:00,,in_transit
SHP-0001847,ORD-102273,16,12,20,2026-03-31T03:13:11+00:00,2026-08-31T02:43:07+00:00,delivered
SHP-0001848,ORD-102274,18,7,3,2026-05-19T01:56:56+00:00,,in_transit
SHP-0001849,ORD-102275,15,6,13,2026-03-24T00:56:11+00:00,2026-08-31T13:40:49+00:00,delivered
SHP-0001850,ORD-102276,11,19,4,2026-06-21T20:36:18+00:00,2026-06-24T21:33:06+00:00,delivered
SHP-0001851,ORD-102277,15,6,16,2026-05-11T01:08:32+00:00,2026-08-31T10:13:12+00:00,delivered
SHP-0001852,ORD-102278,19,13,12,2026-08-03T02:19:44+00:00,2026-08-31T22:42:44+00:00,delivered
SHP-0001853,ORD-102279,9,2,7,2026-06-30T21:03:42+00:00,,in_transit
SHP-0001854,ORD-102280,5,7,4,2026-06-29T08:36:17+00:00,2026-07-01T08:57:10+00:00,delivered
SHP-0001855,ORD-102281,11,10,4,2026-04-15T09:00:22+00:00,2026-04-16T10:07:51+00:00,delivered
SHP-0001856,ORD-102284,9,18,4,2026-04-06T05:09:19+00:00,2026-04-07T18:06:35+00:00,delivered
SHP-0001857,ORD-102286,20,20,16,2026-07-01T00:34:24+00:00,2026-08-31T06:15:31+00:00,delivered
SHP-0001858,ORD-102287,10,6,11,2026-08-14T12:36:58+00:00,,in_transit
SHP-0001859,ORD-102288,9,10,6,2026-06-24T04:26:41+00:00,2026-06-27T19:18:34+00:00,delivered
SHP-0001860,ORD-102289,7,13,11,2026-03-26T06:54:52+00:00,2026-05-09T07:04:22+00:00,delivered
SHP-0001861,ORD-102290,13,7,10,2026-06-20T16:42:20+00:00,2026-08-31T04:56:20+00:00,delivered
SHP-0001862,ORD-102291,6,16,1,2026-08-31T21:24:18+00:00,2026-08-31T03:42:38+00:00,delivered
SHP-0001863,ORD-102293,4,12,5,2026-06-12T12:38:40+00:00,,in_transit
SHP-0001864,ORD-102294,7,13,16,2026-06-16T20:54:59+00:00,2026-08-04T15:42:19+00:00,delivered
SHP-0001865,ORD-102295,13,1,6,2026-08-03T20:26:42+00:00,2026-08-31T03:53:28+00:00,delivered
SHP-0001866,ORD-102296,4,11,5,2026-08-03T12:01:52+00:00,2026-08-31T17:18:37+00:00,delivered
SHP-0001867,ORD-102297,17,7,6,2026-04-20T23:21:28+00:00,2026-05-23T19:10:39+00:00,delivered
SHP-0001868,ORD-102298,20,5,16,2026-03-15T06:01:53+00:00,2026-05-13T02:11:03+00:00,delivered
SHP-0001869,ORD-102299,5,4,8,2026-04-30T20:48:39+00:00,2026-05-04T02:06:44+00:00,delivered
SHP-0001870,ORD-102300,16,9,17,2026-07-01T12:21:29+00:00,2026-08-31T03:19:16+00:00,delivered
SHP-0001871,ORD-102301,7,19,17,2026-03-10T02:04:13+00:00,2026-04-29T04:03:11+00:00,delivered
SHP-0001872,ORD-102302,1,3,15,2026-07-12T18:26:15+00:00,,in_transit
SHP-0001873,ORD-102303,1,9,9,2026-08-11T03:50:50+00:00,2026-08-12T04:45:33+00:00,delivered
SHP-0001874,ORD-102304,3,11,16,2026-08-21T22:42:18+00:00,2026-08-31T00:57:47+00:00,delivered
SHP-0001875,ORD-102305,2,14,8,2026-05-05T10:31:33+00:00,2026-08-31T16:22:05+00:00,delivered
SHP-0001876,ORD-102306,4,11,4,2026-06-15T03:35:23+00:00,2026-08-31T10:33:49+00:00,delivered
SHP-0001877,ORD-102307,3,4,9,2026-04-02T01:34:07+00:00,2026-07-01T16:37:00+00:00,delivered
SHP-0001878,ORD-102308,8,15,3,2026-05-29T17:04:54+00:00,2026-08-31T14:32:49+00:00,delivered
SHP-0001879,ORD-102309,7,10,17,2026-07-16T05:19:40+00:00,,in_transit
SHP-0001880,ORD-102311,10,7,1,2026-07-28T14:49:24+00:00,2026-07-30T06:40:02+00:00,delivered
SHP-0001881,ORD-102314,8,19,14,2026-05-12T06:41:25+00:00,,in_transit
SHP-0001882,ORD-102316,18,9,4,2026-06-03T21:27:20+00:00,2026-07-27T11:24:54+00:00,delivered
SHP-0001883,ORD-102317,13,16,19,2026-06-18T05:51:56+00:00,2026-08-31T11:36:27+00:00,delivered
SHP-0001884,ORD-102318,6,17,14,2026-06-04T02:32:27+00:00,2026-08-31T17:03:53+00:00,delivered
SHP-0001885,ORD-102319,17,4,1,2026-04-21T02:45:15+00:00,2026-05-24T06:08:52+00:00,delivered
SHP-0001886,ORD-102320,19,2,11,2026-07-21T13:21:47+00:00,2026-08-31T03:57:19+00:00,delivered
SHP-0001887,ORD-102321,5,17,14,2026-05-31T08:33:48+00:00,2026-06-01T16:48:12+00:00,delivered
SHP-0001888,ORD-102323,4,18,16,2026-06-02T10:59:21+00:00,2026-08-31T11:02:50+00:00,delivered
SHP-0001889,ORD-102324,11,3,10,2026-06-21T05:01:06+00:00,,in_transit
SHP-0001890,ORD-102325,9,6,16,2026-08-09T07:14:03+00:00,2026-08-11T06:26:42+00:00,delivered
SHP-0001891,ORD-102326,19,11,10,2026-03-06T19:24:35+00:00,,in_transit
SHP-0001892,ORD-102327,4,3,15,2026-07-06T00:38:36+00:00,2026-08-31T12:28:26+00:00,delivered
SHP-0001893,ORD-102328,4,9,10,2026-03-26T08:04:22+00:00,2026-08-31T00:51:03+00:00,delivered
SHP-0001894,ORD-102329,13,15,11,2026-08-23T17:36:11+00:00,,in_transit
SHP-0001895,ORD-102330,7,9,17,2026-07-24T19:12:53+00:00,2026-08-31T04:57:46+00:00,delivered
SHP-0001896,ORD-102331,5,10,17,2026-04-30T09:09:26+00:00,2026-05-02T05:17:07+00:00,delivered
SHP-0001897,ORD-102332,18,15,18,2026-08-04T11:25:52+00:00,2026-08-31T16:21:43+00:00,delivered
SHP-0001898,ORD-102333,12,5,6,2026-03-26T21:33:31+00:00,2026-04-02T02:25:22+00:00,delivered
SHP-0001899,ORD-102336,18,3,13,2026-07-10T06:16:49+00:00,2026-08-31T05:09:52+00:00,delivered
SHP-0001900,ORD-102337,11,16,20,2026-03-25T01:34:47+00:00,2026-03-27T20:39:32+00:00,delivered
SHP-0001901,ORD-102338,14,12,19,2026-08-18T07:39:26+00:00,2026-08-31T00:51:49+00:00,delivered
SHP-0001902,ORD-102340,5,15,4,2026-08-25T02:13:41+00:00,2026-08-26T05:51:56+00:00,delivered
SHP-0001903,ORD-102342,7,20,17,2026-04-11T15:13:08+00:00,2026-05-24T16:17:24+00:00,delivered
SHP-0001904,ORD-102343,15,12,19,2026-05-22T17:39:46+00:00,2026-08-31T19:33:17+00:00,delivered
SHP-0001905,ORD-102344,20,11,17,2026-03-17T17:59:36+00:00,2026-05-20T09:25:46+00:00,delivered
SHP-0001906,ORD-102345,18,2,19,2026-07-09T16:05:43+00:00,,in_transit
SHP-0001907,ORD-102347,3,20,2,2026-04-25T01:13:11+00:00,2026-07-29T15:23:04+00:00,delivered
SHP-0001908,ORD-102348,14,12,9,2026-03-08T07:28:45+00:00,2026-08-31T06:14:34+00:00,delivered
SHP-0001909,ORD-102350,5,5,11,2026-05-10T14:01:42+00:00,,in_transit
SHP-0001910,ORD-102351,15,4,12,2026-03-18T22:26:51+00:00,2026-08-31T02:06:14+00:00,delivered
SHP-0001911,ORD-102353,9,5,13,2026-06-20T06:43:11+00:00,2026-06-25T16:45:30+00:00,delivered
SHP-0001912,ORD-102355,18,4,19,2026-03-11T12:42:40+00:00,2026-04-28T23:46:43+00:00,delivered
SHP-0001913,ORD-102357,16,8,19,2026-03-03T22:22:24+00:00,2026-08-31T01:34:37+00:00,delivered
SHP-0001914,ORD-102358,2,4,4,2026-07-16T15:12:36+00:00,2026-08-31T18:39:46+00:00,delivered
SHP-0001915,ORD-102359,13,10,11,2026-06-17T00:25:52+00:00,2026-08-31T11:03:09+00:00,delivered
SHP-0001916,ORD-102360,5,4,9,2026-06-30T05:45:32+00:00,2026-07-03T13:39:54+00:00,delivered
SHP-0001917,ORD-102362,17,6,5,2026-05-12T06:46:15+00:00,2026-06-12T07:30:27+00:00,delivered
SHP-0001918,ORD-102364,1,17,19,2026-05-30T02:18:03+00:00,2026-06-01T20:13:19+00:00,delivered
SHP-0001919,ORD-102365,13,8,18,2026-08-01T04:12:31+00:00,2026-08-31T03:32:59+00:00,delivered
SHP-0001920,ORD-102366,18,2,3,2026-05-13T15:55:51+00:00,,in_transit
SHP-0001921,ORD-102367,8,19,8,2026-04-30T02:40:02+00:00,2026-08-31T02:11:30+00:00,delivered
SHP-0001922,ORD-102368,5,1,20,2026-06-10T11:24:25+00:00,,in_transit
SHP-0001923,ORD-102369,3,4,9,2026-07-22T18:55:08+00:00,,in_transit
SHP-0001924,ORD-102371,11,2,1,2026-08-17T06:51:53+00:00,,in_transit
SHP-0001925,ORD-102372,18,18,8,2026-03-18T02:57:38+00:00,2026-05-08T09:35:58+00:00,delivered
SHP-0001926,ORD-102373,6,10,2,2026-06-23T05:03:58+00:00,2026-08-31T03:00:14+00:00,delivered
SHP-0001927,ORD-102375,2,19,1,2026-03-11T08:58:00+00:00,2026-08-31T08:52:35+00:00,delivered
SHP-0001928,ORD-102376,3,15,14,2026-05-04T09:20:24+00:00,2026-08-04T09:15:41+00:00,delivered
SHP-0001929,ORD-102377,17,19,4,2026-05-21T09:32:29+00:00,2026-06-22T15:56:02+00:00,delivered
SHP-0001930,ORD-102378,4,19,13,2026-08-05T17:56:04+00:00,,in_transit
SHP-0001931,ORD-102379,13,14,13,2026-06-15T11:29:58+00:00,2026-08-31T21:53:32+00:00,delivered
SHP-0001932,ORD-102380,18,14,17,2026-06-18T04:12:41+00:00,2026-08-12T10:02:46+00:00,delivered
SHP-0001933,ORD-102381,8,15,2,2026-07-02T14:15:41+00:00,,in_transit
SHP-0001934,ORD-102382,12,18,19,2026-05-09T05:51:40+00:00,2026-05-16T16:51:28+00:00,delivered
SHP-0001935,ORD-102384,2,8,10,2026-06-24T09:39:05+00:00,2026-08-31T11:47:18+00:00,delivered
SHP-0001936,ORD-102385,16,14,12,2026-05-22T23:54:03+00:00,2026-08-31T07:16:12+00:00,delivered
SHP-0001937,ORD-102386,9,15,4,2026-03-30T00:17:50+00:00,2026-03-31T16:29:07+00:00,delivered
SHP-0001938,ORD-102387,20,10,13,2026-07-27T03:55:59+00:00,2026-08-31T10:02:12+00:00,delivered
SHP-0001939,ORD-102388,3,20,3,2026-07-02T11:41:26+00:00,,in_transit
SHP-0001940,ORD-102389,7,6,11,2026-03-09T20:00:04+00:00,2026-04-25T08:13:20+00:00,delivered
SHP-0001941,ORD-102390,3,11,5,2026-06-15T08:54:17+00:00,2026-08-31T02:19:50+00:00,delivered
SHP-0001942,ORD-102391,14,7,20,2026-05-11T04:38:45+00:00,2026-08-31T01:56:24+00:00,delivered
SHP-0001943,ORD-102393,4,5,8,2026-04-15T12:08:20+00:00,2026-08-31T18:43:47+00:00,delivered
SHP-0001944,ORD-102394,8,14,6,2026-04-05T07:48:34+00:00,2026-08-31T00:56:01+00:00,delivered
SHP-0001945,ORD-102395,17,20,5,2026-04-26T07:14:45+00:00,2026-05-25T03:30:09+00:00,delivered
SHP-0001946,ORD-102396,19,15,5,2026-04-04T22:19:22+00:00,,in_transit
SHP-0001947,ORD-102397,1,18,6,2026-05-10T03:25:12+00:00,2026-05-11T09:18:24+00:00,delivered
SHP-0001948,ORD-102398,5,14,7,2026-08-02T14:55:35+00:00,2026-08-03T04:16:10+00:00,delivered
SHP-0001949,ORD-102399,7,1,9,2026-06-12T08:29:18+00:00,2026-07-29T15:22:39+00:00,delivered
SHP-0001950,ORD-102400,3,12,7,2026-06-23T05:37:15+00:00,2026-08-31T22:20:11+00:00,delivered
SHP-0001951,ORD-102401,5,9,16,2026-05-11T04:45:34+00:00,2026-05-17T15:20:59+00:00,delivered
SHP-0001952,ORD-102402,11,10,18,2026-08-21T15:10:18+00:00,2026-08-28T03:16:39+00:00,delivered
SHP-0001953,ORD-102404,6,7,2,2026-03-09T23:10:31+00:00,2026-07-09T15:36:05+00:00,delivered
SHP-0001954,ORD-102405,19,5,12,2026-04-04T14:36:50+00:00,2026-08-31T19:35:59+00:00,delivered
SHP-0001955,ORD-102406,17,16,2,2026-07-15T00:14:30+00:00,,in_transit
SHP-0001956,ORD-102407,18,2,18,2026-03-30T10:07:22+00:00,2026-05-22T18:10:43+00:00,delivered
SHP-0001957,ORD-102408,6,17,16,2026-04-06T07:30:08+00:00,2026-08-08T09:53:58+00:00,delivered
SHP-0001958,ORD-102409,12,5,19,2026-08-07T21:44:28+00:00,2026-08-12T08:48:14+00:00,delivered
SHP-0001959,ORD-102410,14,8,13,2026-08-11T07:57:22+00:00,2026-08-31T07:23:12+00:00,delivered
SHP-0001960,ORD-102411,5,4,9,2026-04-02T21:14:34+00:00,2026-04-07T13:15:52+00:00,delivered
SHP-0001961,ORD-102413,20,15,9,2026-05-27T00:48:47+00:00,2026-07-28T07:05:13+00:00,delivered
SHP-0001962,ORD-102414,3,17,4,2026-07-26T20:37:31+00:00,2026-08-31T21:32:38+00:00,delivered
SHP-0001963,ORD-102416,7,11,13,2026-05-10T19:34:05+00:00,2026-06-22T00:26:37+00:00,delivered
SHP-0001964,ORD-102417,18,14,9,2026-08-30T00:33:07+00:00,,in_transit
SHP-0001965,ORD-102419,7,17,4,2026-07-09T04:49:26+00:00,2026-08-24T08:58:29+00:00,delivered
SHP-0001966,ORD-102420,18,17,18,2026-07-13T03:05:41+00:00,2026-08-31T10:21:58+00:00,delivered
SHP-0001967,ORD-102422,5,15,19,2026-05-09T21:51:22+00:00,2026-05-13T17:19:51+00:00,delivered
SHP-0001968,ORD-102424,12,13,13,2026-04-10T15:22:44+00:00,2026-04-12T14:57:25+00:00,delivered
SHP-0001969,ORD-102425,9,12,2,2026-08-14T15:28:35+00:00,2026-08-15T03:08:17+00:00,delivered
SHP-0001970,ORD-102426,14,14,1,2026-04-28T02:29:40+00:00,2026-08-31T11:11:57+00:00,delivered
SHP-0001971,ORD-102427,6,2,2,2026-06-16T05:20:55+00:00,2026-08-31T20:40:58+00:00,delivered
SHP-0001972,ORD-102428,8,17,8,2026-03-14T10:54:26+00:00,,in_transit
SHP-0001973,ORD-102429,18,20,7,2026-06-27T22:03:13+00:00,2026-08-20T12:12:41+00:00,delivered
SHP-0001974,ORD-102430,6,12,4,2026-03-28T05:06:34+00:00,2026-07-25T04:51:48+00:00,delivered
SHP-0001975,ORD-102431,7,13,5,2026-08-28T11:12:26+00:00,,in_transit
SHP-0001976,ORD-102432,4,20,6,2026-03-28T06:00:03+00:00,2026-08-31T10:24:22+00:00,delivered
SHP-0001977,ORD-102434,12,16,14,2026-03-23T20:16:08+00:00,2026-03-28T23:03:26+00:00,delivered
SHP-0001978,ORD-102435,4,13,14,2026-03-25T17:51:25+00:00,2026-08-31T18:21:52+00:00,delivered
SHP-0001979,ORD-102437,6,13,11,2026-05-30T09:13:36+00:00,2026-08-31T11:29:30+00:00,delivered
SHP-0001980,ORD-102438,20,3,3,2026-04-13T12:02:46+00:00,2026-06-14T14:16:37+00:00,delivered
SHP-0001981,ORD-102439,9,15,5,2026-08-23T19:47:37+00:00,2026-08-25T03:40:23+00:00,delivered
SHP-0001982,ORD-102440,9,5,7,2026-04-05T23:38:22+00:00,2026-04-09T21:25:07+00:00,delivered
SHP-0001983,ORD-102441,9,20,7,2026-06-05T08:25:35+00:00,2026-06-06T07:54:39+00:00,delivered
SHP-0001984,ORD-102442,6,12,4,2026-03-16T21:05:16+00:00,2026-07-12T12:32:07+00:00,delivered
SHP-0001985,ORD-102444,9,11,10,2026-06-02T10:51:00+00:00,2026-06-05T17:16:20+00:00,delivered
SHP-0001986,ORD-102445,5,6,5,2026-08-18T22:02:10+00:00,,in_transit
SHP-0001987,ORD-102446,10,16,8,2026-03-21T10:44:54+00:00,2026-03-22T19:42:30+00:00,delivered
SHP-0001988,ORD-102447,19,8,15,2026-08-19T01:27:30+00:00,2026-08-31T12:27:37+00:00,delivered
SHP-0001989,ORD-102448,11,12,12,2026-06-22T10:14:10+00:00,2026-06-29T05:01:56+00:00,delivered
SHP-0001990,ORD-102449,13,7,13,2026-08-16T01:29:10+00:00,2026-08-31T11:33:52+00:00,delivered
SHP-0001991,ORD-102450,18,17,1,2026-07-10T03:01:25+00:00,2026-08-31T12:32:37+00:00,delivered
SHP-0001992,ORD-102451,11,1,15,2026-04-17T20:10:31+00:00,2026-04-23T07:41:28+00:00,delivered
SHP-0001993,ORD-102453,2,12,3,2026-05-10T10:44:25+00:00,2026-08-31T15:52:36+00:00,delivered
SHP-0001994,ORD-102456,11,4,4,2026-05-02T12:51:33+00:00,2026-05-08T02:41:45+00:00,delivered
SHP-0001995,ORD-102458,1,15,10,2026-04-15T14:16:44+00:00,2026-04-16T01:51:05+00:00,delivered
SHP-0001996,ORD-102459,3,9,11,2026-05-21T22:34:09+00:00,2026-08-19T23:04:11+00:00,delivered
SHP-0001997,ORD-102460,16,6,11,2026-03-06T08:11:43+00:00,2026-08-31T13:44:18+00:00,delivered
SHP-0001998,ORD-102462,5,12,2,2026-05-02T17:11:36+00:00,2026-05-06T07:37:28+00:00,delivered
SHP-0001999,ORD-102463,1,10,15,2026-08-27T19:03:16+00:00,,in_transit
SHP-0002000,ORD-102465,5,5,9,2026-05-06T13:20:40+00:00,2026-05-12T23:50:35+00:00,delivered
SHP-0002001,ORD-102466,7,5,8,2026-03-04T05:31:09+00:00,2026-04-19T05:45:57+00:00,delivered
SHP-0002002,ORD-102468,10,4,8,2026-06-20T20:14:28+00:00,2026-06-27T06:09:59+00:00,delivered
SHP-0002003,ORD-102471,5,8,8,2026-03-14T10:14:32+00:00,2026-03-18T14:53:14+00:00,delivered
SHP-0002004,ORD-102474,2,3,16,2026-07-29T23:44:53+00:00,2026-08-31T14:09:03+00:00,delivered
SHP-0002005,ORD-102475,3,10,9,2026-03-31T22:38:50+00:00,2026-07-04T22:19:55+00:00,delivered
SHP-0002006,ORD-102477,5,4,8,2026-04-27T14:47:14+00:00,2026-04-29T11:17:13+00:00,delivered
SHP-0002007,ORD-102478,5,6,19,2026-08-31T04:55:53+00:00,2026-08-31T07:08:44+00:00,delivered
SHP-0002008,ORD-102479,17,14,15,2026-03-11T17:26:58+00:00,2026-04-14T05:01:17+00:00,delivered
SHP-0002009,ORD-102480,2,9,19,2026-04-29T02:07:34+00:00,2026-08-31T08:17:52+00:00,delivered
SHP-0002010,ORD-102482,4,12,6,2026-07-09T03:43:22+00:00,2026-08-31T05:31:44+00:00,delivered
SHP-0002011,ORD-102483,16,15,5,2026-08-21T14:28:29+00:00,,in_transit
SHP-0002012,ORD-102484,19,18,14,2026-07-12T20:38:32+00:00,2026-08-31T08:44:41+00:00,delivered
SHP-0002013,ORD-102485,4,18,3,2026-06-20T02:50:00+00:00,2026-08-31T19:00:58+00:00,delivered
SHP-0002014,ORD-102486,2,2,7,2026-07-04T05:11:20+00:00,2026-08-31T18:34:31+00:00,delivered
SHP-0002015,ORD-102487,17,16,20,2026-03-25T05:18:18+00:00,2026-04-24T14:33:58+00:00,delivered
SHP-0002016,ORD-102488,15,3,18,2026-03-23T04:20:46+00:00,2026-08-31T06:28:24+00:00,delivered
SHP-0002017,ORD-102489,7,3,2,2026-03-11T05:57:24+00:00,2026-04-24T11:27:30+00:00,delivered
SHP-0002018,ORD-102490,6,6,18,2026-08-31T05:56:58+00:00,2026-08-31T09:14:31+00:00,delivered
SHP-0002019,ORD-102491,9,20,13,2026-03-11T21:26:27+00:00,2026-03-12T04:18:30+00:00,delivered
SHP-0002020,ORD-102492,15,12,3,2026-07-12T06:31:26+00:00,,in_transit
SHP-0002021,ORD-102493,18,17,11,2026-05-08T02:58:36+00:00,2026-07-01T11:15:50+00:00,delivered
SHP-0002022,ORD-102494,2,11,16,2026-06-07T23:42:45+00:00,2026-08-31T05:08:55+00:00,delivered
SHP-0002023,ORD-102495,2,19,12,2026-04-04T10:40:00+00:00,2026-08-31T09:43:49+00:00,delivered
SHP-0002024,ORD-102496,1,11,3,2026-06-27T13:12:34+00:00,2026-06-29T18:00:28+00:00,delivered
SHP-0002025,ORD-102497,13,9,18,2026-06-20T00:13:25+00:00,,in_transit
SHP-0002026,ORD-102498,10,17,9,2026-08-12T17:19:04+00:00,2026-08-13T21:53:20+00:00,delivered
SHP-0002027,ORD-102499,9,2,12,2026-07-28T17:16:25+00:00,,in_transit
SHP-0002028,ORD-102500,16,3,2,2026-03-04T17:43:52+00:00,2026-08-31T13:59:55+00:00,delivered
